Workbook

Sheet KEG. PENGAJIAN HARIAN
B1: TANGGAL | C1: BULAN | D1: DURASI | E1: NAMA GURU | F1: NAMA MURID | G1: KEHADIRAN | H1: MATERI: | I1: NO. WHATSAPP | J1: Field_bc728b1
A2: January 2, 2025 12:51 pm | B2: 45659 | C2: =TEXT(B2, "mmmm") -> Januari | D2: 0.039583333 | E2: Artha-JG | F2: Dwiki-RLG | G2: HADIR | H2: Opening #menjelaskan ttg ijektihad keimaman menikah dg sesama Jamaah #menjelaskan ttg tata cara sholat jum'at Bacaan: Surat Al baqoroh 38-42 👉 Alhamdulillah bacaannya cukup bagus kurang di "kaf sukun", dia baca seperti "kof sukun" Check hafalan -Doa berlindung dari syirik - Doa berlindung dari amal jelek - Doa kesabaran - Doa ketetapan iman - Doa minta ilham yg benar -Doa masuk pasar -Doa ketika ada petir -Doa melihat musibah -Doa ketika tertimpa musibah -mencari ilmu 1& 2 -Doa berbuka puasa -Doa ketika marah -Doa minum susu 👉Ada beberapa doa yg dia lupa, amsol di deres lagi doa2 nya Report Alhamdulillah Pengajian berjalan dg baik, tidak ada kendala. Semoga Alloh paring manfaat dan barokah. InsyaAllah ketemu lagi besok( katanya bisa ngaji tomorrow,after wake up) | I2: 6285606274880
A3: January 3, 2025 10:05 pm | B3: 45658 | C3: =TEXT(B3, "mmmm") -> Januari | D3: 0.038888889 | E3: Nedha-PWD | F3: Hafiz-PTM | G3: HADIR | H3: Bacaan Al-Baqarah (2) : 170-176 Alhamdulillah! Tetap terus dideres ketika dirumah nggeh. Murojaah hafalan (Al-haqoh : 40-52) Sudah lebih lancar daripada last meet, jangan lupa dideres terus ketika dirumah. Doa iftitah Alhamdulillah Hafiz sudah mengenal salah satu doa dalam sholat ini. Dan juga sudah lumayan hafal, good. Latihan pegon dasar Alhamdulillah sudah mulai bisa meletakkan huruf sesuai dengan posisinya yang benar, Today menulis pegon nama negara, alhamdulillah hanya sedikit yang keliru ketika menulisnya. Semoga Allah paring ilmu yang bermanfaat dan barokah, May Allah bless you 🌷💗 | I3: 6281232193915
A4: January 4, 2025 4:56 am | B4: 45661 | C4: =TEXT(B4, "mmmm") -> Januari | D4: 0.034722222 | E4: Azki-MDN | F4: Denissa-RLG | G4: By VN | H4: Makna dan keterangan k. Jannah wannar bahasa indo hal. 41-42 By VN Alhamdulillah sudah dikerjakan Nissa Moga2 Allah paring lancar barokah amin | I4: 628972529354
A5: January 4, 2025 1:14 pm | B5: 45660 | C5: =TEXT(B5, "mmmm") -> Januari | D5: 0.036111111 | E5: Artha-JG | F5: Dwiki-RLG | G5: HADIR | H5: Opening Bacaan Al Baqarah ayat 43-48 Alhamdulillah bacaannya cukup bagus, lancar Makna Adilah 83-84 Report Alhamdulillah pengajian berjalan lancar, semoga Alloh paring manfaat dan barokah | I5: 6285606274880
A6: January 5, 2025 2:51 am | B6: 45662 | C6: =TEXT(B6, "mmmm") -> Januari | D6: 0.029166667 | E6: Azki-MDN | F6: Denissa-RLG | G6: HADIR | H6: 1. Bacaan QS Al Baqarah 188-190 > Mbak azki membaca Nissa mengulang, tapi masih di temui kurang panjang pendeknya, *amal Solih banyak menders ya Nisa* 2. Makna hadits Jannah wannar bahasa Indonesia hal. 42-43 > Alhamdulillah Nissa mengikuti makna dengan baik dan teliti karena pas saya salah baca mau di benerin, *thank you Nissa* 3. Membaca keterangan hadits 4. Nasehat bahasa Indonesia tentang hijab Moga2 Allah paring manfaat dan barokah untuk semuanya | I6: 628972529354
A7: January 5, 2025 2:25 pm | B7: 45661 | C7: =TEXT(B7, "mmmm") -> Januari | D7: 0.03125 | E7: Wulan-PWD | F7: Chester-PD | G7: HADIR | H7: 1. Baca tilawati - tilawati 5 page 6 ( 3 line from the bottom ) > Alhamdulillah Chester mau baca berulang ulang, sehingga bacaanya sudah lumayan bagus, juga review 2 baris sebelumnya juga 2. Murajaah surat > Chester mau baca semua surat yang sudah dia hafal lewat screen, ternyata ada beberapa ayat dan surat yang chester lupa, nanti bisa dimurajaah kembali atau Chester bisa baca baca Suratnya buat balikin hafalannya chester . 3. Surat Al Kausar > Good boy, hanya 3 ayat insyaalloh easy buat Chester, jangan sampai lupa ya, nanti dideres setiap ngaji juga bisa. 4. Write kitabaty > Chester nulisnya buru buru atau bagaimana,sehingga tulisannya agak sedikit kurang rapi, Report: I am sorry chester, ngajinya nggak bisa lama, soalnya mba Wulan ngajar 3 murid dengan waktu yang berurutan, waktu dengan chester jadi berkurang, 🙏 Semoga alloh paring menjadi anak yang berbakti kepada kedua orang tua, sukses Dunia akhirot nya, cerdas, alim Dan faqih, mandiri, faham, dan kebarokahan ilmu yang bermanfaat, aamiin ya robbal alamin 🤲🤲🤲 | I7: 6282231661306
A8: January 5, 2025 3:06 pm | B8: 45659 | C8: =TEXT(B8, "mmmm") -> Januari | D8: 0.040277778 | E8: Millati-PWD | F8: Abell-NH | G8: HADIR | H8: Tilawati 3 halaman 19 > Abell ada beberapa yang kurang lancar di akhir dia baca. Alhamdulillah kebanyakan sudah lancar, tinggal menderes lagi yaa. Doa- Doa - Pagi dan sore - Raja Istighfar - Ketetapan Iman - Mencari ilmu yang bermanfaat - Minta ilham yang baik - Berpakaian - Minta kesabaran - Ketika bersin - Untuk kedua orang tua - Masuk dan keluar rumah - Berdiri dari Duduk > Alhamdulillah, Abell sudah hafal banyak doa diatas. Abell bisa cepet hafalnya. Kerenn. Masih ada beberapa doa spt minta kesabaran, masuk rumah, doa berpakaian, Abell masih repeat. But that's fine. Di akhir pengajian membaca doa berdiri dari duduk sebagai pembiasaan. Goodjob girl Murajaah Surat - Al Lahab - An Nashr - Al Kafirun - Al Maun - Al Humazah - At Takatsur - Al Ashr > Insyaallah Abell sudah hafal banyak surat, mungkin lebih banyak di murajaah lagi ya, Abell. Biar makin lancar hafalannya. Bacaan Sholat > Insyaallah semua doa solat Abell sudah lancar. Cuman Abell bilang masih bingung antara doa iftitah dan doa tasyahud. Tapi, setelah dijelaskan, Alhamdulillah Abell paham dengan baik. Asmaul Husna 1-30 > Abell sudah 100% hafal mulai 1-20. Congrats girl👏👏tinggal 21-30. Jadi Abell masih repeat | I8: 6285707668655
A9: January 5, 2025 11:26 pm | B9: 45660 | C9: =TEXT(B9, "mmmm") -> Januari | D9: 0.025694444 | E9: Rika-KDR | F9: Liv-CH | G9: HADIR | H9: *BERDO'A BEFORE NGAJI, CLAP2, NYANYI2* *BACAAN* Tilawati 1 page 12 *HAFALAN* Asmaul husna 1-20 | I9: 6285746146893
A10: January 5, 2025 11:40 pm | B10: 45663 | C10: =TEXT(B10, "mmmm") -> Januari | D10: 0 | E10: Rika-KDR | F10: Liv-CH | G10: IZIN (MURID) | H10: She is not in good mood, so we cancel the ngaji | I10: 6285746146893
A11: January 6, 2025 12:09 am | B11: 45662 | C11: =TEXT(B11, "mmmm") -> Januari | D11: 0.020833333 | E11: Fauzan-SL3 | F11: Gabriel-CH | G11: HADIR | H11: 1. Baca tilawati 4 halaman 44 > Alhamdulillah Gabriel bisa membaca dengan cukup baik tapi masih perlu diulang 2. PR - Membaca Tilawati 4 hal 44 - Menulis Doa keluar masjid Semoga Alloh paring kemudahan, kelancaran, kebarokahan dan ilmu yang bermanfaat, aamiin 🤲 | I11: 6285291035544
A12: January 6, 2025 3:54 am | B12: 45663 | C12: =TEXT(B12, "mmmm") -> Januari | D12: 0.048611111 | E12: Azki-MDN | F12: Chester-PD | G12: HADIR | H12: 1. Membaca di screen Asmaul Husna 1-60 > Alhamdulillah very good kalo pas hafal dia tidak baca ke layar 2. Membaca semua bacaan-bacaan sholat > Alhamdulillah very good kalau bacaannya sudah hafal dia tidak liat screen, tapi katanya hari ini tidak solat 😢 3. Membaca tilawati 5 hal. 7 baris ke 1-4 > Alhamdulillah chester mau membaca diulang-ulang hingga benar, sehingga boleh lanjut ke baris 5 di pertemuan berikutnya 4. Menulis 4 Roda berputar bahasa Indonesia dan penjelasan 4 Roda berputar > Alhamdulillah saat di minta jelaskan ulang poin 1 Alhamdulillah 90% Chester bisa menjelaskan nya *Pesan* *mohon amal solih chester di jaga Solat 5 Waktunya* Moga2 Allah paring manfaat barokah untuk semuanya amin | I12: 628972529354
A13: January 6, 2025 4:08 am | B13: 45661 | C13: =TEXT(B13, "mmmm") -> Januari | D13: 0 | E13: Mora-MLG | F13: Khadijah-RLG | G13: IZIN (MURID) | H13: Masih perjalanan | I13: 6285173431354
... A298: February 11, 2025 10:19 pm | B298: 45699 | C298: =TEXT(B298, "mmmm") -> Februari | D298: 0.020833333 | E298: Fadly-SMG | F298: Mikail-CH | G298: HADIR | H298: Bacaan - Tilawati 5 hal 27 > Alhamdulillah bacaannya bagus dan bisa fokus Materi lain - menjelaskan tenatang kefadholan puasa > Mikail sudah banyak mengerti dan paham tentan kefadholan puasa Semoga Allah paring manfaat lancar dan barokah | I298: 6281332534354
A299: February 12, 2025 1:19 am | B299: 45699 | C299: =TEXT(B299, "mmmm") -> Februari | D299: 0.036111111 | E299: Rika-KDR | F299: Rambo-CH | G299: HADIR | H299: *Brdo'a before ngaji* *BACAAN* > Q.S Al-Imron ayt. 170-173 *HAFALAN* Do'a Mohon Kesehatan 60% 2. An-Nas 3. Al-Falaq 4. Al-Ikhlas 5. Al-Lahab 6. An-Nashr 7. Al-Kafirun 8. Al-Kautsar 9. Al-Ma’un Asmaul hussna 1-50 Q.S Al-'Adiyat ( ayat 4 sering ke skip, dan ayt 8 akhir2nnya sering kliru ) *KEILMUAN* Menulis Arab Rangkaian Kata ( Q.S Al-Imron ayt. 170 ) > Membaca opening speech Semoga Allah paring barokah untuk mas rambo... Amiinn.. | I299: 6285746146893 | L299: \
A300: February 12, 2025 3:21 am | B300: 45700 | C300: =TEXT(B300, "mmmm") -> Februari | D300: 0.025694444 | E300: Rika-KDR | F300: Rambo-CH | G300: HADIR | H300: *Berdo'a before ngaji* > mencari ilmu yg bermanfaat 1 > mencari ilmu yg bermanfaat 2 > minta ilham yg baik > nabi musa *BACAAN* Q.S Al-Imron ayt. 178-180 > tinggal memperlancar madtobi'i nya, karena kadang yg seharusnya di baca pendek, mas rabo bacanya kepanjangan *HAFALAN* Do'a Mohon Kesehatan 85% 2.Ketika Akan Tidur dan Bangun Tidur 3.Ketika Akan Makan dan Selesai Makan 4.Kebaikan Dunia dan Akhirat 5.Untuk Kedua Orang Tua 6.Masuk dan Keluar WC 7.Sebelum dan Sesudah Wudhu 8.Minum Susu Asmaul Husna 1-45 *KEILMUAN* > Mention 29 karakter ( kecuali 6 thobi’at luhur, 4 maqodirulloh no.3-4 ) Semoga Allah paring manfaat dan barokah.. Amiinn... | I300: 6285746146893
A301: February 12, 2025 3:26 am | B301: 45700 | C301: =TEXT(B301, "mmmm") -> Februari | D301: 0.019444444 | E301: Rika-KDR | F301: Khayri-CH | G301: HADIR | H301: *Berdo'a before ngaji* *BACAAN* Tilawati 2 Hal 15 > Alkhamdulillah lumayan lancar, cuma kadang antara "AN, IN, UN" terbalik2 *HAFALAN* Q.S Al-Lahab Masuk dak Keluar Rumah Pagi dan Sore Asmaul husna 1-25 Semogga Allah paring manfaat dan barokah.. Amiinn... | I301: 6285746146893
A302: February 12, 2025 3:53 am | B302: 45698 | C302: =TEXT(B302, "mmmm") -> Februari | D302: 0.039583333 | E302: Rika-KDR | F302: Fitri-CND | G302: HADIR | H302: *BACAAN* > Q.S Al-Baqarah ayt. 30-33 ( mohon lebih di perhaikan panjang pendeknya ya fitrii ) *MAKNA* > Q.S Mursalat ayt. 1-19 *HAFALAN* Do'a Mohon Kesehatan .Ketetapan Iman Minta Ilmu yang Bermanfaat 1 Minta Ilmu yang Bermanfaat 2 Minta Ilham yang Baik Nabi Musa Masuk dan Keluar Rumah .Pagi dan Sore Masuk dan Keluar Masjid Memakai Pakaian *KEILMUAN* > Brush up materi 3 prinsip kerja jama'ah *PR* > Menderes Do'a Mohon Kesehatan > Menderes Q.S Al-Baqarah ayt. 34-37 Semoga Fitri menjadi anak yg sholikhat dan menjadi ladang pahala untuk ayah dan bunda.. Amiin.. | I302: 6285746146893
A303: February 12, 2025 4:09 am | B303: 45699 | C303: =TEXT(B303, "mmmm") -> Februari | D303: 0.032638889 | E303: Rika-KDR | F303: Nadeen-CH | G303: HADIR | H303: *OPENING, ICE BREAKING, TEPUK2, NYAYI2, BERDO'A* *BACAAN* QS. Al Baqarah 116-119 *HAFALAN* Review Asmaul Husna 1-99 > di catatan asmau husna nya mb nadeen tidak ada nomornya, jadi terkadang kalau ingin membenarkan yg salah umayan bingung, harus cari2 dulu, tapi alkhamdulillah tadi ketemu "yaa Wali" yg sempat missing Doa dan dzikir setelah sholat Doa ketetapan iman Doa minta ilmu yang manfaat Doa minta ilham yang baik Doa masuk rumah Doa keluar rumah Doa pagi dan sore Doa masuk dan keluar masjid Doa memakai pakaian Doa ketika berbuka puasa Review *doa berlindung dari sifat munafik* > ( minggu lalu sempat hafal 70% tanpa reading, tp hari ini sudah lupa lagi, nanti di review lagi yaa mbak nadeenn ) *KEILMUAN* > Latihan Pegon Dasar ( 3 soal, lumayan panjang hari ini pegonnya, per number 2 kalimat, jadi untuk connected nya mbak nadeen masih perlu belajar lagi ) *PR* - Menderes QS. Al Baqarah 120-123 - Murojaah Do'a berlindung dari sifat munafik Insya Allah nanti mb rika kirim gambar pegon sambung (pegon connected), dan mohon amal sholih bunda atau yg lain bisa di print kan, jadi nanti mb nadeen saat pelajaran menulis pegon bisa sambil melihat catatannya.. Semoga Allah paring barokah.. Amiinn.. | I303: 6285746146893
A304: February 12, 2025 11:37 am | B304: 45697 | C304: =TEXT(B304, "mmmm") -> Februari | D304: 0.038888889 | E304: Nedha-PWD | F304: Hafiz-PTM | G304: HADIR | H304: Bacaan QS al-baqarah (2) : 247-248 Alhamdulillah good, tetap disemangatkan didalam menderesnya. Murojaah (Al-Qolam) Alhamdulillah good, diperhatikan juga panjang pendeknya. Dan jangan buru-buru bacanya yaa. Setoran hafalan (Al-maarij') Alhamdulillah sudah hafal sampai selesai, good! Dideres lagi dan diperhatikan hukum tajwid yang juga nggeh. Asmaul husna 1-30 Alhamdulillah lumayan, tapi beberapa kali suka muter ke yaa musawwiru. Dideres lagi nggeh. Materi; Menghina, mencela, & meremehkan Alhamdulillah good! Bisa memahami dan memperhatikan apa yang sudah mba Nedha sampaikan dan juga ketika diberi kesempatan untuk memberikan contoh, Hafiz bisa mencontohkan. Semoga Allah paring ilmu yang manfaat dan barokah 💐✨ | I304: 6281232193915
A305: February 12, 2025 11:42 am | B305: 45697 | C305: =TEXT(B305, "mmmm") -> Februari | D305: 0.04375 | E305: Nedha-PWD | F305: Fitri-CND | G305: HADIR | H305: Bacaan QS al-baqarah (2) : 27-29 Fitri ditertibkan lagi yaa menderesnya dirumah, diusahakan sehari Menderes minimal 3 ayat/ lebih banyak lebih baik. Juga dipelajari lagi tajwid yang sudah pernah disampaikan, dan supaya diterapkan didalam bacaannya Makna QS an-Naba :31-40 Alhamdulillah good! Bisa memahami dan menangkap maksud isi ayat yang sudah disampaikan. Hafalan (at-takatsur) Alhamdulillah good, sudah lancar. Doa minta kesehatan Supaya dideres lagi, but alhamdulillah sudah lumayan lancar. Tajwid Qolqolah Alhamdulillah mengerti dengan apa yang sudah disampaikan, harapannya supaya bisa juga menerapkan didalam bacaannya. Hafalan "1.Asmaul Husna ( 1 – 99 ) 2.Ketika Akan Tidur dan Bangun Tidur 3.Ketika Akan Makan dan Selesai Makan 4.Kebaikan Dunia dan Akhirat 5.Untuk Kedua Orang Tua 6.Masuk dan Keluar WC 7.Sebelum dan Sesudah Wudhu 8.Minum Susu 9.Dzikir sesudah Sholat" Alhamdulillah sudah lumayan baik untuk hafalannya, supaya juga dipraktikkan ketika dirumah yaa. Semoga Allah paring ilmu yang manfaat dan barokah, serta bisa menjadi generus yang meneruskan perjuangan QHJ 💐✨💗 | I305: 6281232193915
A306: February 12, 2025 11:49 am | B306: 45699 | C306: =TEXT(B306, "mmmm") -> Februari | D306: 0.035416667 | E306: Nedha-PWD | F306: Hafiz-PTM | G306: HADIR | H306: Bacaan QS al-baqarah (2) : 249-252 Alhamdulillah good! Tetap memperhatikan panjang pendeknya yaa Asmaul husna 1-30 Disemangatkan lagi menghafalkannya!! Sudah lumayan hafal. Murojaah QS al-Haqqoh Alhamdulillah good, ada 1/2 ayat yang tertukar tadi but overall is good! Mengetahui Quran Hadist Jamaah (QHJ) Alhamdulillah ketika selesai menyampaikan materi, Hafiz diberi kesempatan untuk menjelaskan ulang sesuai dengan apa yang dia fahami. Dan alhamdulillah it's good, Hafiz bisa menyampaikan ulang secara singkat pengertian dari QHJ. Semoga Allah qodar menjadi generus yang bisa meneruskan perjuangan bapak Imam! May Allah bless you 💗✨ | I306: 6281232193915
A307: February 12, 2025 11:54 am | B307: 45700 | C307: =TEXT(B307, "mmmm") -> Februari | D307: 0.04375 | E307: Nedha-PWD | F307: Hafiz-PTM | G307: HADIR | H307: Bacaan QS al-baqarah (2) : 253-254 Alhamdulillah lancar dan good, tetap dirutinkan menderesnya dirumah New Hafalan (dibaca) QS Nuh : 1-3 PR dirumah untuk menghafalkannya nggeh. Asmaul husna 1-30 Tetap semangat menghafalkannya nggeh, masih suka kembali ke yaa musawwiru Menulis/mengenal pegon baku & pegon sambung Alhamdulillah Hafiz baru mencoba buat mengenal beberapa pegon baku. PR nya jangan lupa dikerjakan nggeh. Review materi Quran Hadist Jamaah Alhamdulillah bisa kembali menjelaskan materi yang sudah dijelaskan kemarin. Semoga Allah paring ilmu yang manfaat dan barokah! 🥰✨ | I307: 6281232193915
A308: February 12, 2025 2:50 pm | B308: 45700 | C308: =TEXT(B308, "mmmm") -> Februari | D308: 0.035416667 | E308: Artha-JG | F308: Dwiki-RLG | G308: HADIR | H308: Bacaan Al Baqarah 74-76 👉Alhamdulillah cukup lancar, tetap usahakan banyak nderes ya Dwiki Makna kitabuadilah 88-89 Menjelaskan ulang ttg mansuh,nanseh, cara junub, hal2 yang mengharuskan seseorang wajib junub, menjelaskan lagi ttg zina, jilid ranjam dan konsekuensi dari zina. 👉Saya jelaskan ulang karna Dwiki lupa Report Alhamdulillah pengajian berjalan lancar, di beberapa minggu ini banyak penjelasan tentang married stuff karena memang sesuai dg babnya di hadis adilah. Saya sudah jelaskan sak pol kemampuan saya, semoga Alloh paring Dwiki mengerti dan faham dg penjelasan saya dan semoga Alloh paring manfaat dan barokah. Aamiiin🤲 Tadi sudah saya kirimi catatan, mudah2 an Dwiki nggak lupa untuk copy on his notebook biar nggak lupa 😅mohon bantu ingatkan dwiki nggih pak zaenal/ mbak Erna | I308: 6285606274880
A309: February 13, 2025 1:19 am | B309: 45701 | C309: =TEXT(B309, "mmmm") -> Februari | D309: 0.020833333 | E309: Fauzan-SL3 | F309: Gabriel-CH | G309: HADIR | H309: 1. Baca tilawati 5 hal 6 > Alhamdulillah Gabriel bisa membaca dengan cukup baik tapi masih perlu diulangi 2. Menulis Doa keluar rumah 3. PR - Membaca Tilawati 5 hal 6 - Menghafal doa keluar rumah Semoga Alloh paring kemudahan, kelancaran, kebarokahan dan ilmu yang bermanfaat, | I309: 6285291035544
A310: February 13, 2025 4:44 am | B310: 45701 | C310: =TEXT(B310, "mmmm") -> Februari | D310: 0.063194444 | E310: Artha-JG | F310: Abi-BFL | G310: HADIR | H310: Opening Bacaan Surat al alaq 1-19 👉Alhamdulillah cukup lancar Makna jannah wannar 55-56 👉Alhamdulillah abi bisa memahami isi hdis dg baik Report 👉alhamdulillah tidak ada kendala karna Abi banyak membantu arrange the setences for explanation. Semoga Alloh paring manfaat dan barokah. Aamiiin | I310: 6285606274880
A311: February 13, 2025 3:51 pm | B311: 45700 | C311: =TEXT(B311, "mmmm") -> Februari | D311: 0.027777778 | E311: Mora-MLG | F311: Khadijah-RLG | G311: HADIR | H311: A. Bacaan Tilawati 2 Halaman 12 • It’s better than before. Dan tadi membaca 2x karena masih ada yg bingung sedikit2. Next amalsholeh mengulang dulu ya🥰 B. Murajaah Asmaul Husna 1-20 Surat al Fatihah Surat An Naas Surat Al Falaq Surat Al Ikhlas C. Mengetahui 4 tali keimanan • Point 1 dan 2. Mencoba untuk menjelskan dg bahasa yg murdah dimengerti | I311: 6285173431354
... A377: February 26, 2025 7:41 am | B377: 45699 | C377: =TEXT(B377, "mmmm") -> Februari | D377: 0.075694444 | E377: Ayu-CKP | F377: Kayla-CA | G377: HADIR | H377: • Bacaan surat Al Hijr 42-45 • Menghafal tajwid 5Bab dan mencari tajwid • Mangkulan Alquran Al Mulk 6-10 • Murojaah surat Albayyinah - Al ghariyah Mugo2Allah paring aman selamat lancar barokah, Allah paring ilmu yang bayak bermanfaat dan barokah Aamiin | I377: 62895632016027
A378: February 26, 2025 7:46 am | B378: 45706 | C378: =TEXT(B378, "mmmm") -> Februari | D378: 0.077083333 | E378: Ayu-CKP | F378: Kayla-CA | G378: HADIR | H378: ===================== *LAPORAN PENGAJIAN PPG* ===================== ● *Murid* : Kayla-CA ● *Tanggal* : 2025-02-11 ● *Guru* : Ayu-CKP ● *Durasi* : 01:49 ● *Kehadiran* : HADIR ● *Materi:* • Bacaan surat Al Hijr 42-45 • Menghafal tajwid 5Bab dan mencari tajwid • Mangkulan Alquran Al Mulk 6-10 • Murojaah surat Albayyinah - Al ghariyah Mugo2Allah paring aman selamat lancar barokah, Allah paring ilmu yang bayak bermanfaat dan barokah Aamiin الحمدلله جزاكم الله خيرا -> #ERROR! | I378: 62895632016027
A379: February 26, 2025 7:47 am | B379: 45695 | C379: =TEXT(B379, "mmmm") -> Februari | D379: 0.074305556 | E379: Ayu-CKP | F379: Abell-NH | G379: HADIR | H379: • Bacaan tilawaty 3 Hal 24 • Menghafal tajwid 5Bab dan mencari tajwid • Mangkulan Alquran Al Mulk 6-10 • Murojaah surat Albayyinah - Al ghariyah Mugo2Allah paring aman selamat lancar barokah, Allah paring ilmu yang bayak bermanfaat dan barokah Aamiin | I379: 62895632016027
A380: February 26, 2025 7:50 am | B380: 45702 | C380: =TEXT(B380, "mmmm") -> Februari | D380: 0.089583333 | E380: Ayu-CKP | F380: Abell-NH | G380: HADIR | H380: • Bacaan surat Al Hijr 42-45 • Menghafal tajwid 5Bab dan mencari tajwid • Mengahafal doa masuk rumah dan keluar rumah • Murojaah surat Albayyinah - Al ghariyah Mugo2Allah paring aman selamat lancar barokah, Allah paring ilmu yang bayak bermanfaat dan barokah Aamiin الحمدلله جزاكم الله خيرا | I380: 62895632016027
A381: February 26, 2025 7:52 am | B381: 45709 | C381: =TEXT(B381, "mmmm") -> Februari | D381: 0.079861111 | E381: Ayu-CKP | F381: Abell-NH | G381: HADIR | H381: • Bacaan surat Al Hijr 42-45 • Menghafal tajwid 5Bab dan mencari tajwid • Mengahafal doa masuk rumah dan keluar rumah • Murojaah surat Albayyinah - Al ghariyah Mugo2Allah paring aman selamat lancar barokah, Allah paring ilmu yang bayak bermanfaat dan barokah Aamiin | I381: 62895632016027
A382: February 26, 2025 1:07 pm | B382: 45709 | C382: =TEXT(B382, "mmmm") -> Februari | D382: 0.01875 | E382: Nedha-PWD | F382: Khadijah-RLG | G382: HADIR | H382: Bacaan Tilawati 2 hal. 13 Alhamdulillah sebenernya khadijah bisa, but beberapa memang kadang masih ragu-ragu. It's okey keep learning!! Review; -dzikir after sholat -an nas Alhamdulillah lancar good! NB: in hurry because of khadijah have another schedule, that's ngaji with mba dara. Semoga Allah paring ilmu yang manfaat dan barokah 💗 | I382: 6281232193915
A383: February 26, 2025 1:27 pm | B383: 45714 | C383: =TEXT(B383, "mmmm") -> Februari | D383: 0.04375 | E383: Nedha-PWD | F383: Khadijah-RLG | G383: HADIR | H383: Review surat pendek & Asmaul husna. Alhamdulillah khadijah bisa, tapi harus dipancing dulu seperti biasa. Baru mau nerusin 😂 Untuk asmaul husna supaya sering dibaca ketika dirumah yaa. Doa keluar rumah Kayaknya minggu lalu khadijah hafal lancar deh, why today bacanya minta repeat after mba nedha? 4 Tali keimanan (berdoa) Alhamdulillah khadijah bisa explain kalau berdoa itu minta nya ke Allah. Dan dia juga jelasin perbuatan buruk itu temennya Satan, dan kalau baik itu temannya the angel. Juga waktu ditanya khadijah doain siapa aja? Dia jawabnya untuk ibu, bapak, mas Shodiq dan juga mba zahra, that's good!! Tilawati 2 hal. 13 Today khadijah sedikit ngeluarin uneg-uneg nya, she said 'I think this tilawati it's pretty hard for me' 😂😭 And when I ask why? Khadijah nunjukin tilawati yang jilid 6 ahahaha, sudah overthinking duluan anaknya. But walaupun gamau baca dan merasa sedih kalau tilawati time by time become harder, akhirnya harus dibuat dengan trik mba nedha tulis di screen lalu khadijah disuruh menebak gimana bacanya. Alhamdulillah it's work! Khadijah akhirnya baca juga. Semoga Allah paring aman selamat lancar dan barokah, semangat focus for tilawati 2 ya pretty 🧏🏻‍♀️💖🙌🏻 | I383: 6281232193915
A384: February 26, 2025 1:32 pm | B384: 45713 | C384: =TEXT(B384, "mmmm") -> Februari | D384: 0.048611111 | E384: Millati-PWD | F384: Dehan-CND | G384: HADIR | H384: - Bacaan Ar Rum 16-24 > Alhamdulillah, bacaannya sudah semakin bagus. Ikhfa haqiqinya juga much better. Alhamdulillah. - Hafalan Surat Surat Al Adiyat Surat Al Humazah Surat At Takatsur Surat Al Fiil Surat Al Maun Rukun Islam& Rukun Iman > sebelumnya sudah dijelaskan soal rukun islam,tapi ternyata Dehan lupa. Akhirnya di review lagi. Alhamdulillah,sudah bisa jelasin kembali. Untuk rukun iman insyaallah Dehan paham. Makna k. Adab hal 9-10 Di hadits pertama menjelaskan tentang sabdanya nabi yang perintah untuk mencari teman yang berakhlaqul karimah. Di hadits kedua menjelaskan soal orang yang dicintai nabi dan akan dekat dengan nabi saat di hari kiamat nanti adalah orang yang berakhlak mulia. > Dehan bisa jelasin dengan benar yang hadits kedua, Alhamdulillah, insyaallah Dehan sudah faham. Notes: Jangan lupa homeworknya ya, Dehan. Baca surat ar rum 25-32. Sama hafalan surat al adiyat. amalsholih dilancarkan lagi yaa Semoga ilmu hari ini bisa bermanfaat dan barokah untuk Dehan.Aamiiin | I384: 6285707668655
A385: February 26, 2025 1:53 pm | B385: 45709 | C385: =TEXT(B385, "mmmm") -> Februari | D385: 0.04375 | E385: Nedha-PWD | F385: Fitri-CND | G385: HADIR | H385: Bacaan (-) *sedang haid Makna Kitabbusholah hal 146-147 (Bab mengajari/menuntun) Hadist. 1 Menjelaskan bahwasanya orang yang akan menemui ajalnya supaya dituntun dengan berucap kalimat 'la illa ha illallah' agar kelak bisa dimasukan ke dalam surga. Hadist. 2 Perintah nabi kepada umatnya sama halnya seperti hadist. 1 yaitu untuk menuntun orang yang mau mati dengan kalimat 'la illaha illallah' Alhamdulillah good, Fitri bisa mencerna dan memahami materi yang sudah disampaikan. Juga beberapa pertanyaan di berikan oleh Fitri that's good! Semoga Allah paring menjadi generus yang sholehah 💖 | I385: 6281232193915
A386: February 26, 2025 2:20 pm | B386: 45714 | C386: =TEXT(B386, "mmmm") -> Februari | D386: 0.05625 | E386: Millati-PWD | F386: Abell-NH | G386: HADIR | H386: Tilawati 3 page 31-32 > karena isi halamannya sedikit,jadi Abell baca 2 halaman. Alhamdulillah Abell bisa mengikuti dengan baik. Besok baca lagi di halaman 32 yaa, Abell Murajaah Surat Al Humazah Al Ashr > al humazah masih banyak yg lupa Doa-Doa Pagi sore Raja istighfar mencari ilmu Untuk kedua orang tua Mohon kesabaran Masuk rumah Asmaul Husna 1-40 > Alhamdulillah,mulai 21-30 sudah ada peningkatan, sudah lumayan lancar. Sekarang mulai menghafal 31-40 Rukun Islam > Abell bisa menyebutkan poin" rukun islam. Abell agak lupa di penjelasannya. Setelah dijelaskan, alhamdulilah Abell bisa jelasin balik. Subhanallah. Semoga ilmu yang didapat dari ngaji hari ini bisa bermanfaat dan barokah buat Abell. Aamiin | I386: 6285707668655
A387: February 26, 2025 10:06 pm | B387: 45707 | C387: =TEXT(B387, "mmmm") -> Februari | D387: 0.020833333 | E387: Fadly-SMG | F387: Mikail-CH | G387: HADIR | H387: Latihan nasehat | I387: 6281332534354
A388: February 26, 2025 10:07 pm | B388: 45708 | C388: =TEXT(B388, "mmmm") -> Februari | D388: 0.020833333 | E388: Fadly-SMG | F388: Mikail-CH | G388: HADIR | H388: Tilawatil 5 hal 27 | I388: 6281332534354
A389: February 26, 2025 10:08 pm | B389: 45709 | C389: =TEXT(B389, "mmmm") -> Februari | D389: 0.020833333 | E389: Fadly-SMG | F389: Mikail-CH | G389: HADIR | H389: - latihan nasehat - tilawati 5 hal 28 | I389: 6281332534354
A390: February 26, 2025 10:09 pm | B390: 45714 | C390: =TEXT(B390, "mmmm") -> Februari | D390: 0.020833333 | E390: Fadly-SMG | F390: Mikail-CH | G390: HADIR | H390: - Menderes hafalan surat2 pendek (Alhamdulillah hafalan bagus) - Hafalkan surat al-adiyat ayat 1-3 (Alhamdulillah mikail sdh hafal) | I390: 6281332534354
... A465: March 3, 2025 12:44 am | B465: 45719 | C465: =TEXT(B465, "mmmm") -> Maret | D465: 0.020833333 | E465: Azki-MDN | F465: Chester-PD | G465: HADIR | H465: 1. Tilawati 5 hal. 13 baris 5-8 > Alhamdulillah bagus, boleh naik ke hal. 14 2. Review materi tata Krama berpakaian dengan quiz > Alhamdulillah 100/100 3. Chester membaca Asmaul Husna 1-99 dan Review bacaan2 sholat | I465: 6282231661306
B466: 45689 | C466: =TEXT(B466, "mmmm") -> Februari | D466: 0.010416667 | E466: Azki-MDN | F466: Chester-PD | G466: HADIR | H466: 1. Asmaul Husna 1-99 > pas di tanya baca catetan atau hafalan, kata chester yang 31-99 saya baca, nggak pa pa semoga karena sering di baca bisa hafal sampe 99, dan bisa di praktekkan dalam doanya 2. membaca tilawati 4 hal. 10 baris 1-2 > chester sering keliru saat ada tanda waqof/ bulat tetep disuarakan vokal dari huruf tersebut padahal harusnya stop tapi alhamdullah chester mau membaca di ulang-ulang hingga benar, sehingga boleh lanjut ke baris 3 mohon maaf ngajinya faster hari ini karena mbak azki ada acara lain PR menghafalkan asmaul husna 1-99
B467: 45712 | C467: =TEXT(B467, "mmmm") -> Februari | D467: 0.027777778 | E467: Azki-MDN | F467: Chester-PD | G467: HADIR | H467: murojaah doa materi usia 7-8th - review doa berlindung dari syirik > masih perlu di hafalakan lagi - tilawati 5 hal. 12 baris 5 -8 > Alhamdulillahi mau di baca berulang-ulang kali hingga benar dan boleh naik ke hal. Berikutnya
B468: 45695 | C468: =TEXT(B468, "mmmm") -> Februari | D468: 0.047222222 | E468: Azki-MDN | F468: Nadeen-CH | G468: HADIR | H468: 1. Membaca QS Al-Baqarah ayat 113-115 > Alhamdulillah Nadeen membaca Qur'an dengan baik, jika ada kekeliruan saat membaca bisa langsung diperbaiki👍 2. Murojaah surat ath Thoriq 1-13 > Alhamdulillah bagus masih hafal 3. Tebak2an surat dan melanjutkan ayat > Alhamdulillah Nadeen bisa menjawab dengan benar semua tadi 4. Review : Doa berlindung dari sifat munafik > Nadeen belum hafal dengan lancar sehingga tadi membaca catatan, nggak pa pa di baca terus semoga bisa di praktekkan dalam doanya sehari-hari 5. Melanjutkan pengertian 4 Roda Berputar Nomor 2. Yang kuat membantu, yang lemah di bantu > Dalam sesi ini Nadeen mulai terlihat kurang semangat, karena sempet laying down tapi pas di ingatkan untuk kembali ke kursi Alhamdulillah langsung balik ke kursi, saat diingatkan untuk memakai hijab kembali Alhamdulillah langsung di pakai, saat di suruh baca tetep mau baca Alhamdulillah meskipun banyak godaannya Nadeen berusaha tetap mengikuti sesi pengajian dengan baik Bu azki senang sekali hari ini Nadeen mau berbagi cerita dan perasaan nya kenapa, bahkan menemukan solusinya dari masalah yang di hadapinya saat berdiskusi tapi sepertinya kalau di tulis disini takut kepanjangan... Hehehehe Moga2 Allah paring Nadeen dan anak2 jamaah lainnya bisa selalu semangat mengaji dan mendapat ilmu yang manfaat barokah..amin
A469: March 3, 2025 9:54 pm | B469: 45719 | C469: =TEXT(B469, "mmmm") -> Maret | D469: 0.022222222 | E469: Millati-PWD | F469: Grazia-IN | G469: HADIR | H469: Bacaan Al A'rof 179-182 > masyaallah,meskipun Grazia baca sendiri,bacaannya udh semakin bagus. Alhamdulillah. Hafalan - Surat Al maun (90%) - Surat al falaq (100%) - Doa berlindung dari syirik (80%) - Doa berlindung dari siksa kubur (85%) - Doa Lailatul qodar (baru) - Doa raja istighfar (65%) Asmaul Husna 1-60 > alhamdulilah,sudah nambah sampe 55, untuk 56-60 masih baca dikit" tapi lancar. note: Grazia ada homework nulis huruf arab sambung. Semoga ilmu hari ini bisa bermanfaat dan barokah. Amiin | I469: 6285707668655
A470: March 3, 2025 10:22 pm | B470: 45701 | C470: =TEXT(B470, "mmmm") -> Februari | D470: 0.083333333 | E470: Artha-JG | F470: Irsan-CH | G470: HADIR | H470: untuk musyawaroh keluarga | I470: 6285606274880
A471: March 3, 2025 10:25 pm | B471: 45702 | C471: =TEXT(B471, "mmmm") -> Februari | D471: 0.034722222 | E471: Artha-JG | F471: Irsan-CH | G471: HADIR | H471: - | I471: 6285606274880
A472: March 3, 2025 10:26 pm | B472: 45707 | C472: =TEXT(B472, "mmmm") -> Februari | D472: 0.038194444 | E472: Artha-JG | F472: Irsan-CH | G472: HADIR | H472: - | I472: 6285606274880
A473: March 3, 2025 10:27 pm | B473: 45708 | C473: =TEXT(B473, "mmmm") -> Februari | D473: 0.038194444 | E473: Artha-JG | F473: Irsan-CH | G473: HADIR | H473: - | I473: 6285606274880
A474: March 3, 2025 10:28 pm | B474: 45709 | C474: =TEXT(B474, "mmmm") -> Februari | D474: 0.00069444444 | E474: Artha-JG | F474: Irsan-CH | G474: HADIR | H474: - | I474: 6285606274880
A475: March 3, 2025 10:29 pm | B475: 45715 | C475: =TEXT(B475, "mmmm") -> Februari | D475: 0.00069444444 | E475: Zul-PWD | F475: Irsan-CH | G475: HADIR | H475: - | I475: 6285606274880
A476: March 4, 2025 5:49 pm | B476: 45706 | C476: =TEXT(B476, "mmmm") -> Februari | D476: 0.00069444444 | E476: Naely-BGR | F476: Kirana-CH | G476: IZIN (GURU) | H476: mohon izin ikut asrama online dan bersamaan anak yg sakit | I476: 628972529354
A477: March 4, 2025 5:50 pm | B477: 45714 | C477: =TEXT(B477, "mmmm") -> Februari | D477: 0.020833333 | E477: Naely-BGR | F477: Kirana-CH | G477: HADIR | H477: 1. bacaan tilawati 5 hal.30 baris 1-4 => alhamdulillah lancar, kirana mampu mengikuti dan mengulang bacaan dengan baik 2. muroja'ah surat al zalzalah => alhamdulillah 85% sudah hafal, amalsholih muroja'ah lagi di rumah supaya tambah hafal 3. hafalan doa berlindung dari siksa kubur => alhamdulillah 85%n hafal, tinggal review lagi dirumah supaya tambah hafal dan lancar 4. doa penutup *alhamdulillah pengajian berjalan dengan lancar semoga alloh paring ilmu yg bermanfaat dan barokah aamiiiin | I477: 628972529354
A478: March 4, 2025 5:54 pm | B478: 45702 | C478: =TEXT(B478, "mmmm") -> Februari | D478: 0.034722222 | E478: Azki-MDN | F478: Rambo-CH | G478: HADIR | H478: Do'a Mohon Kesehatan ( sudah bisa 85% tanpa reading ) Q.S 'Adiyat ( ayat 4 masih k skip, ayat 6-7 kadang salah ) 9.Dzikir sesudah Sholat ( masih lupa urutannya ) 10. Ketetapan Iman 11. Minta Ilmu yang Bermanfaat 1 (ilman) 12. Minta Ilmu yang Bermanfaat 2 (fa’ni) 13.Minta Ilham yang Baik (alhimni) 14. Nabi Musa (Robisrohli) 15.Masuk dan Keluar Rumah 16. Pagi dan Sore 17. Masuk dan Keluar Masjid 19. Ketika Berbuka Puasa 22. Setelah Adzan Asmaul Husna 1-45 | I478: 628972529354
A479: March 4, 2025 5:55 pm | B479: 45710 | C479: =TEXT(B479, "mmmm") -> Februari | D479: 0.0069444444 | E479: Rika-KDR | F479: Khayri-CH | G479: HADIR | H479: Tilawati 2 hal 15 - Asmaul husna 1-25 - Surat Al-Lahab | I479: 62892529354
A480: March 4, 2025 5:56 pm | B480: 45710 | C480: =TEXT(B480, "mmmm") -> Februari | D480: 0.010416667 | E480: Rika-KDR | F480: Rambo-CH | G480: By VN | H480: Bacaan Al-Imron ayt.198-200 - Asmaul Husna - Surat Al-'Adiyat - Do'a Mohon Kesehatan | I480: 628972529354
A481: March 4, 2025 5:57 pm | B481: 45691 | C481: =TEXT(B481, "mmmm") -> Februari | D481: 0.025 | E481: Rika-KDR | F481: Khayri-CH | G481: HADIR | H481: BERDO'A SEBELUM MENGAJI BACAAN Til.2 Hal. 15 HAFALAN asmaul husna 1-25 doa masuk rumah surat Lahab 1-3 KEILMUAN Mention Rukun Islam | I481: 628972529354
B482: 45709 | C482: =TEXT(B482, "mmmm") -> Februari | D482: 0.052777778 | E482: Rika-KDR | F482: Fitri-CND | G482: HADIR | H482: ● Materi: PEMBUKAAN BACAAN > Q.S Al-Baqarah ayt. 25-26 HAFALAN 1. Q.S At-Takatsur 2. Do'a Mohon Kesehatan 11. Al-Fill 12. Al-Humazah 13. Al-‘Ashr 14. Al-Qari’ah 15. Al-’Adiyat 16. Al-Baqarah ayt. 1-5 KEILMUAN Makna Q.S An-Naba' ayt. 19-30 > Menulis Tata Krama Bergaul dengan teman... alkhamdulillah hafalan dan bacaannya lancar hari ini, dan saat makna fitri aktif bertanya.. proud of you fitri ( menandakan fitri ingin lebih memahami isi dalam ayat tersebut ) Semoga fitri menjadi anak yg sholikhah.. Amiinn..
B483: 45706 | C483: =TEXT(B483, "mmmm") -> Februari | D483: 0.036111111 | E483: Nedha-PWD | F483: Fitri-CND | G483: HADIR | H483: Bacaan QS Al-Baqarah (2) : 38-41 > Diperhatikan berhentinya ya~ kalau engga kuat nafasnya boleh dipotong lalu berhenti ambil nafas, baru dilanjut lagi. Jangan ambil nafas di tengah perjalanan ketika membaca okey~! Makna QS Al-Mursalat (77) : 41-selesai. > Alhamdulillah lancar, apa yang sudah dijelaskan bisa dimengerti, dan Fitri juga aktif menanyakan sesuatu hal yang sekiranya belum make sense buat dia. That's good! Disemangatkan terus ya mencari ilmunya, semoga Allah qodar menjadi generus yang bisa meneruskan perjuangan QHJ!!! ✊🏻💗
A484: March 6, 2025 12:05 am | B484: 45718 | C484: =TEXT(B484, "mmmm") -> Maret | D484: 0.025694444 | E484: Millati-PWD | F484: Dehan-CND | G484: HADIR | H484: Bacaan Surat Ar Rum ayat 33-41 > Alhamdulillah,bacaan Dehan lancar Hafalan Doa - Doa minta kesehatan - Doa minta surga - Doa raja istighfar - Doa berlindung dari amal jelek > Dehan banyak yang lupa. Amalsholih banyak dibaca,yaa Dehan. Murajaah Surat - Surat Al Qoriah - Surat At Takatsur - Surat Al humazah - Surat Surat Al Adiyat > Sudah lumayan lancar Asmaul Husna 1-75 Review 29 Karakter - 3 Sukses > Dehan ngga inget sama sekali,jadi diulang lagi penjelasannya. Tapi karena Dehan sepertinya lagi capek,jadi belum bisa masuk ke materinya. > hari ini Dehan sepertinya cukup capek. Jadi makna hadits hari ini ditiadakan dulu. Takutnya kalo maksa nanti materi yang disampaikan ngga bisa dipahami dengan baik. Amalsholih tetep nderes ya Dehan. | I484: 6285707668655
A485: March 6, 2025 7:25 am | B485: 45720 | C485: =TEXT(B485, "mmmm") -> Maret | D485: 0.0375 | E485: Nedha-PWD | F485: Fitri-CND | G485: HADIR | H485: Bacaan QS al-baqarah : 63-65 Alhamdulillah sudah lumayan meningkat bacaannya, tapi masih sering terdengar kaku. Sering dideres dirumah lagi yaa, jangan lupa untuk diperhatikan hukum tajwid serta panjang pendeknya. Makna K. Shoum hal. 1-2 Alhamdulillah banyak penjelasan tambahan yang bisa Fitri dapat dari hadist yang disampaikan hari ini. Fitri juga cepat menangkap maksud isi materi. Review surat; Al-fatihah An-naas Al-falaq Al-ikhlas Al-lahab An-nasr Al-Kafirun Alhamdulillah lancar. Semoga Allah paring ilmu yang manfaat dan barokah💖 | I485: 6281232193915
A486: March 6, 2025 7:37 am | B486: 45722 | C486: =TEXT(B486, "mmmm") -> Maret | D486: 0.045833333 | E486: Nedha-PWD | F486: Fitri-CND | G486: HADIR | H486: Bacaan QS al-baqarah : 70-74 Diperbanyak menderesnya ketika dirumah nggeh, diusahakan di bulan Ramadhan ini bisa mengkhatamkan bacaan 1 al-quran. Jangan lupa dideres juga tajwid yang sudah pernah diajarkan. Tetap memperhatikan panjang pendek dan supaya teliti. Makna k. Shoum hal 2-3 Alhamdulillah bisa diikuti dengan baik. Review surat; Al-kautsar Al-maun Al-quraisy Al-fiil Al-Humazah Al-asr Good alhamdulillah, but Fitri beberapa ada yang lupa bagian awalnya. Supaya tetap dideres lagi yaa. Al-zalzalah (New Hafalan) Jangan lupa dideres dan dihafalkan yaa. Doa mohon kesehatan Amal sholeh Supaya dideres lagi Semoga Allah paring manfaat dan barokah, serta kesemangatan di bulan Ramadhan tahun ini supaya lebih meningkat lagi 💖✨ | I486: 6281232193915
A487: March 7, 2025 12:18 am | B487: 45723 | C487: =TEXT(B487, "mmmm") -> Maret | D487: 0.024305556 | E487: Azki-MDN | F487: Chester-PD | G487: HADIR | H487: 1. Membaca Asmaul Husna 1-99 2. Review materi doa2 usia 6 tahun 3. Membahas tentang puasa Alhamdulillah Chester bisa mengikuti pengajian dengan baik Moga2 Allah paring manfaat dan barokah | I487: 628972529354
A488: March 8, 2025 1:53 pm | B488: 45722 | C488: =TEXT(B488, "mmmm") -> Maret | D488: 0.048611111 | E488: Wulan-PWD | F488: Zahra-RLG | G488: HADIR | H488: 1. Bacaan - surat an Nisa ayat 27-37 - saya baca dari ayat 38-44 > Supaya Zahra mendengar dan memperhatikan, saya kasih pertanyaan dadakan mengenai review tajwid nun sukun, mim sukun, untuk materi mad perlu diulang kembali, 2. Doa Lailatul Qadar this prayer is about asking for forgiveness during Lailatul Qadar ( There is in the month of Ramadan). It is explained in surat al-qadr that lailatul qadar is a night of rank. Which is the night of Lailatul Qadar that has a lot of privileges. Allah revealed the Quran during the night of Lailatul Qadr. Allah sent down the Quran not directly as a whole from raufil Mahfudz but gradually for approximately 23 years, namely 22 years 2 months 22 days. The night of Lailatul Qadar is better than 1000 months. 1000 months is equal to 83 years. There are 4 servants from the Children of Israel who have never sinned or transgressed even for the blink of an eye for 80 years. It astonished the people of the prophet Muhammad but Allah sent down a night that was better than 1000 months, namely the night of Lailatul Qadr and it became good news for his people the prophet Muhammad, also the night of Lailatul qodar the angels and the angel Gabriel descended with the permission of Allah from all things. This means that Allah sends down the qodar of each creature for the next year, about our sustenance, and what we will experience, we are to ask for forgiveness a lot and pray to Allah, so that Allah replaces the bad qodar with good qodar. because it was decreed by Allah 50,000 years before the heavens and the earth were created. And what can change the qodar is prayer. Because we pray to change the qodar is part of the qodar. And the night of Lailatul qodar is among the last 10 nights in the month of Ramadan, 3. Makna hadist - nawafil pg 80-83 > Masih melanjutkan khutbah idul Fitri, Semoga alloh paring menjadi anak yang berbakti kepada kedua orang tua, sukses Dunia akhirot nya, cerdas, alim Dan faqih, mandiri, faham, dan kebarokahan ilmu yang bermanfaat, aamiin ya robbal alamin 🤲🤲🤲 | I488: 6282231661306
A489: March 9, 2025 10:41 pm | B489: 45726 | C489: =TEXT(B489, "mmmm") -> Maret | D489: 0.017361111 | E489: Azki-MDN | F489: Chester-PD | G489: HADIR | H489: 1. Mbak Azki membaca Asmaul Husna, chester menyimak 2. Chester mereview Doa Berlindung dari syirik 3. Membaca tilawati 5 hal. 14 > Alhamdulillah Chester mau mengikuti dan mengulang bacaan sebanyak 1 halaman ini > Akan tetapi diperteman berikutnya masih perlu di ulangi supaya lebih lancar bacaannya Semoga Allah memberikan manfaat dan barokah...amin | I489: 628972529354
A490: March 9, 2025 11:36 pm | B490: 45726 | C490: =TEXT(B490, "mmmm") -> Maret | D490: 0.020138889 | E490: Artha-JG | F490: Jubilee-CH | G490: HADIR | H490: Bacaan Tilawaty 4 page 35 (She did good, alhamdulillah 90℅ ) Tilawaty 4 page 36(the first 4 lines) Actually she can do but maybe because she is tired so she is kurang semangat😅 Report The ngaji must be stopped, because jubilee is tired. So we haven't did murojaah doa and hafalan surat,also practice wudhu. It's okay Jubilee, tetap semangat 👍 see you in the next ngaji👋😊 | I490: 6285606274880
A491: March 12, 2025 2:44 pm | B491: 45727 | C491: =TEXT(B491, "mmmm") -> Maret | D491: 0.042361111 | E491: Millati-PWD | F491: Dehan-CND | G491: HADIR | H491: - Bacaan Surat Ar Rum 51-60 > sepertinya karena Dehan belum nderes sebelumnya, jadi bacaannya hari ini kurang lancar. - Murajaah Doa: Doa pagi dan sore Doa minta kesehatan Doa untuk kedua orang tua Doa minta ilham yang baik Doa mencari ilmu Doa raja istighfar > Banyak hafalan yang lupa awalannya. Amalsholih dibaca tiap hari yaa. Surat: Surat At Takatsur Surat Al Qoriah Surat Al Adiyat > Sudah lumayan lancar. Good. Insyaallah akan lebih lancar kalo Dehan mau murajaah. Praktek Solat dan Doanya > alhamdulilah,untuk doanya Dehan sudah bagus. Cuma di gerakan saja, untuk gerakan yg kurang tepat ada di takbir (mengangkat tangan masih sembarangan), meletakkan tangan saat berdiri ( belum melingkarkan jari di pergelangan tangan, jari telunjuk masih diluruskan), rukuk (belum 90°). Alhamdulillah untuk sujud dan duduk sudah bagus. Makna K. adab hal 14-16 > Alhamdulillah,hari ini dapet 3 hadits yg pertama menjelaskan bahwa penganiayaan akan menjadikan kegelapan ketika di akhirat. yang kedua menjelaskan bahwa doanya orang yg dianiaya itu langsung dikabulkan allah. Terakhir tentang kesabaran yang merupakan hal terbaik yang didapatkan manusia. Dan juga mengajarkan untuk selalu merasa cukup atas pemberian Allah. semoga ilmu hari ini bisa bermanfaat dan barokah untuk Dehan. Aamiin | I491: 6285707668655
A492: March 13, 2025 12:11 pm | B492: 45728 | C492: =TEXT(B492, "mmmm") -> Maret | D492: 0.034027778 | E492: Rika-KDR | F492: Fitri-CND | G492: HADIR | H492: *BACAAN* Q.S AL-Baqarah ayt.75-76 > lebih d perhatikan lagi pada saat ada huruf yg berharokat ( ّ ) atau tasdid, itu di baca panjang, atau 3 harokat *MAKNA* Q.S Al-Qiyamah ayt.1-20 > hari ini belum selesai explain, karena durasi ngajinya sudah selesai, insya Allah di lnjut besok yaa fitri *NB* Mohon di deres do'a yg terakhir d tulis kemarin, yautu Do'a Mohon Kesehatan Semoga Allah paring barokah. Amiinn.. | I492: 6285746146893
A493: March 13, 2025 2:50 pm | B493: 45722 | C493: =TEXT(B493, "mmmm") -> Maret | D493: 0.031944444 | E493: Mora-MLG | F493: Dehan-CND | G493: HADIR | H493: A. Bacaan Surat Ar Rum ayat 42-50 • Alkhamdulillah bacaannya lancar. Lanjut saya baca ayat 51-60 dan Dehan nyimak untuk menderes. B. Makna K. Adab Hal. 12-13 • Alkhamdulillah Dehan bisa memahami dengan baik dan dibantu Pak Aji | I493: 6285173431354
A494: March 13, 2025 2:53 pm | B494: 45729 | C494: =TEXT(B494, "mmmm") -> Maret | D494: 0.041666667 | E494: Mora-MLG | F494: Dehan-CND | G494: HADIR | H494: A. Bacaan surat Luqman ayat 1-19 • Hari ini kita membaca 2 halaman. Awalnya ditawarin mau apa nggk dan ternyata mau. Jadi lanjut. Cuma pas di second page nya agak kurang lancar sedikit nggantung bacany. But it’s okay. • Amalsholeh untuk menderes lagi yaaa. At least one day one page apalagi ini bulan ramadhan. B. Murajaah Doa berbuka puasa Doa pagi dan sore Doa minta ilham yg baik Doa mencari ilmu yg bermanfaat Doa untuk kedua orang tua Doa kebaikan dunia dan akhirot Doa masuk dan keluar WC Doa masuk dan keluar rumah Doa masuk dan keluar masjid Doa minta kesehatan Doa Mohon kesabaran Doa raja istighfar Doa berlindung dari amal jelek Doa minta surga Doa pengayoman Asmaul husna 1-80 (76-80 new) C. Makna K.Adab 16-17 • 3 Hadist tentang “wala taghdob” dibantu sama pk aji dan Dehan bisa memahaminya. • Bisa membaca hdist dan makna serta bisa menjelaskan | I494: 6285173431354
A495: March 15, 2025 2:49 pm | B495: 45727 | C495: =TEXT(B495, "mmmm") -> Maret | D495: 0.034722222 | E495: Naely-BGR | F495: Grazia-IN | G495: HADIR | H495: 1. bacaan al qur'an surat al a'rof ayat 196-200 alhamdulillah bacaannya lancar, amalsholih luangkan waktu untuk nderes dirumah yaa 2. muroja'ah surat2 pendek surat al qodar surat al ma'un an nashr al kafirun al lahab 3. asma'ulhusna 1-70 (85% hafal) 4. review doa2 doa berbuka puasa doa lailatul qodar 5. bermain game angka arab (created by mbak milla ^^) alhamdulillah pengajian berjalan dengan lancar, grazia hari ini sangat semangat semoga setiap ngaji selalu semangat dan ceria ^^ | I495: 6285213566484
... A500: March 15, 2025 3:16 pm | B500: 45730 | C500: =TEXT(B500, "mmmm") -> Maret | D500: 0.034722222 | E500: Naely-BGR | F500: Cheryl-NH | G500: HADIR | H500: materi hari ini adalah memberi pemahaman manfaat doa2 harian, menjelaskan kenapa harus baca doa2 sebelum dan sesudah melakukan aktifitas. materi yg di sampaikan adalah materi usia 6th 1. doa mau makan dan sesudah makan 2. doa akan dan bagun tidur 3. doa masuk dan keluar kamar mandi 4. doa untuk kedua orangtua 5. doa pagi sore 6. doa kebaikan dunia akhirot note: amalsholih hafalkan doa2 yg sudah di mangkulkan yaa alhamdulillah pengajian berjalan dengan lancar semoga cheryl tambah semangat ngajinya ^^ | I500: 6285213566484
A501: 45761.333 | B501: 45761 | C501: =TEXT(B501, "mmmm") -> April | D501: 0.034722222 | E501: Wulan-PWD | F501: Jubilee-CH | G501: HADIR | H501: 1. Bacaan Tilawati 4 Hal 1 2. Review surat an Nashr 3. Review doa berbuka puasa ( X ) 4. Asmaul Husna 1-50 Report: > Alhamdulillah jubilee bisa mengikuti pengajian dengan baik, dan tadi juga sudah mulai akrab dengan mba Sofia > For bacaan jubilee can next page ( page 2 ) > For surat an Nashr masih perlu dideres kembali, supaya tidak hilang hafalannya, > Asmaul Husna Alhamdulillah dia bisa hafal baik sampai nomer 40, tapi untuk nomer 41 - 50 perlu diulang kembali, > Diawal pengajian sempat merasa capek dan mengantuk, but hilang ketika melihat beberapa foto kegiatan ketika puasa di US, dan jubilee menghabiskan sisa waktu pengajiannya dengan menggambar, mungkin karna sudah lama tidak mengaji jadi agak canggung Semoga alloh paring menjadi anak yang berbakti kepada kedua orang tua, sukses Dunia akhirot nya, cerdas, alim Dan faqih, mandiri, faham, dan kebarokahan ilmu yang bermanfaat, aamiin ya robbal alamin 🤲🤲🤲 | I501: 6282231661306
A502: 45761.673 | B502: 45723 | C502: =TEXT(B502, "mmmm") -> Maret | D502: 0.024305556 | E502: Rika-KDR | F502: Khayri-CH | G502: HADIR | H502: BERDO'A SEBELUM MENGAJI BACAAN Til.2 Hal 16 HAFALAN Asmaul husna 1-25 Doa masuk rumah Mention 5 bab dan 4 tali keimanan Semoga Allah paring barokah.. Amiin.. 🤲🏻 | I502: 6285746146893
A503: 45761.676 | B503: 45724 | C503: =TEXT(B503, "mmmm") -> Maret | D503: 0.01875 | E503: Rika-KDR | F503: Khayri-CH | G503: HADIR | H503: BERDO'A SEBELUM MENGAJI BACAAN Til.2 Hal 16 HAFALAN Asmaul husna 1-25 Q.S An nas Semoga Allah paring barokah.. Amiin.. 🤲🏻 | I503: 6285746146893
A504: 45761.676 | B504: 45728 | C504: =TEXT(B504, "mmmm") -> Maret | D504: 0.020833333 | E504: Rika-KDR | F504: Khayri-CH | G504: HADIR | H504: BERDO'A SEBELUM MENGAJI BACAAN Til.2 Hal 16 HAFALAN Asmaul husna 1-25 Q.S Al Falaq Semoga Allah paring barokah.. Amiin.. 🤲🏻 | I504: 6285746146893
A505: 45761.678 | B505: 45729 | C505: =TEXT(B505, "mmmm") -> Maret | D505: 0.0125 | E505: Rika-KDR | F505: Khayri-CH | G505: HADIR | H505: BERDO'A SEBELUM MENGAJI BACAAN Til.2 Hal 17 (Alkhamdulillah halaman 16 sudah lancar, hari ini naik halaman 17 ) HAFALAN Asmaul husna 1-25 Semoga Allah paring barokah.. Amiin.. 🤲🏻 | I505: 6285746146893
A506: 45761.678 | B506: 45730 | C506: =TEXT(B506, "mmmm") -> Maret | D506: 0.019444444 | E506: Rika-KDR | F506: Khayri-CH | G506: HADIR | H506: BERDO'A SEBELUM MENGAJI BACAAN Til.2 Hal 17 HAFALAN Asmaul husna 1-25 Doa kedua orang tua Doa kebaikan dunia dan akhirot Doa masuk dan keluar kamar mandi Semoga Allah paring barokah.. Amiin.. 🤲🏻 | I506: 6285746146893
A507: 45761.679 | B507: 45731 | C507: =TEXT(B507, "mmmm") -> Maret | D507: 0.018055556 | E507: Rika-KDR | F507: Khayri-CH | G507: HADIR | H507: BERDO'A SEBELUM MENGAJI BACAAN Til.2 Hal 17 HAFALAN Q.S Al Lahab Semoga Allah paring barokah.. Amiin.. 🤲🏻 | I507: 6285746146893
A508: 45761.68 | B508: 45734 | C508: =TEXT(B508, "mmmm") -> Maret | D508: 0.01875 | E508: Rika-KDR | F508: Khayri-CH | G508: HADIR | H508: BERDO'A SEBELUM MENGAJI BACAAN Til.2 Hal 17 Semoga Allah paring barokah.. Amiin.. 🤲🏻 | I508: 6285746146893
A509: 45761.683 | B509: 45723 | C509: =TEXT(B509, "mmmm") -> Maret | D509: 0.01875 | E509: Rika-KDR | F509: Rambo-CH | G509: HADIR | H509: BERDO'A SEBELUM MENGAJI BACAAN Q.S An-Nisa' ayt.13-14 HAFALAN Perkenalan surat Al Zalzalah Surat al ashr Surat at takatsur Surat al qoriah Surat al adiyat Semoga Allah paring barokah.. Amiin.. 🤲🏻 | I509: 6285746146893
A510: 45761.685 | B510: 45724 | C510: =TEXT(B510, "mmmm") -> Maret | D510: 0.019444444 | E510: Rika-KDR | F510: Rambo-CH | G510: HADIR | H510: BERDO'A SEBELUM MENGAJI BACAAN Q.S An-Nisa' ayt.15-17 HAFALAN Surat Al Maun Surat Al Fill Surat Al Humazah Surat At Takatsur Surat Al Qoriah Surat Al Adiyat Semoga Allah paring barokah.. Amiin.. 🤲🏻 | I510: 6285746146893
A511: 45761.685 | B511: 45728 | C511: =TEXT(B511, "mmmm") -> Maret | D511: 0.020833333 | E511: Rika-KDR | F511: Rambo-CH | G511: HADIR | H511: BERDO'A SEBELUM MENGAJI BACAAN Q.S An-Nisa' ayt.18-19 HAFALAN Asmaul husna 1-50 Dzikir after sholat Doa angin kencang Do'a Mohon Kesehatan Mention 29 karakter Semoga Allah paring barokah.. Amiin.. 🤲🏻 | I511: 6285746146893
A512: 45761.686 | B512: 45729 | C512: =TEXT(B512, "mmmm") -> Maret | D512: 0.015277778 | E512: Rika-KDR | F512: Rambo-CH | G512: HADIR | H512: BERDO'A SEBELUM MENGAJI BACAAN Q.S An-Nisa' ayt.20-22 HAFALAN Doa setelah adzan Doa masuk dan keluar rumah Doa kedua orang tua Do'a Mohon Kesehatan Q.S Al Zalzalah Semoga Allah paring barokah.. Amiin.. 🤲🏻 | I512: 6285746146893
... A533: 45763.373 | B533: 45722 | C533: =TEXT(B533, "mmmm") -> Maret | D533: 0.072222222 | E533: Ayu-CKP | F533: Abell-NH | G533: HADIR | H533: • Bacaan tilawaty 3 Hal 24 • Menghafal tajwid 5Bab dan mencari tajwid • Mangkulan Alquran Al Mulk 6-10 • Murojaah surat Albayyinah - Al ghariyah Mugo2Allah paring aman selamat lancar barokah, Allah paring ilmu yang bayak bermanfaat dan barokah Aamiin | I533: 62895632016027
A534: 45763.373 | B534: 45723 | C534: =TEXT(B534, "mmmm") -> Maret | D534: 0.077777778 | E534: Ayu-CKP | F534: Abell-NH | G534: HADIR | H534: ===================== *LAPORAN PENGAJIAN PPG* ===================== ● *Murid* : Abell-NH ● *Tanggal* : 2025-02-21 ● *Guru* : Ayu-CKP ● *Durasi* : 01:55 ● *Kehadiran* : HADIR ● *Materi:* • Bacaan surat Al Hijr 42-45 • Menghafal tajwid 5Bab dan mencari tajwid • Mengahafal doa masuk rumah dan keluar rumah • Murojaah surat Albayyinah - Al ghariyah Mugo2Allah paring aman selamat lancar barokah, Allah paring ilmu yang bayak bermanfaat dan barokah Aamiin -> #ERROR! | I534: 62895632016027
A535: 45763.373 | B535: 45728 | C535: =TEXT(B535, "mmmm") -> Maret | D535: 0.079861111 | E535: Ayu-CKP | F535: Abell-NH | G535: HADIR | H535: • Bacaan tilawaty 3 Hal 25 • Menghafal tajwid 5Bab dan mencari tajwid • Mangkulan Alquran Al Mulk 6-10 • Murojaah surat Albayyinah - Al ghariyah Mugo2Allah paring aman selamat lancar barokah, Allah paring ilmu yang bayak bermanfaat dan barokah Aamiin | I535: 62895632016027
A536: 45763.373 | B536: 45729 | C536: =TEXT(B536, "mmmm") -> Maret | D536: 0.08125 | E536: Ayu-CKP | F536: Abell-NH | G536: HADIR | H536: • Bacaan tilawaty 3 hal 25 • Menghafal tajwid 5Bab dan mencari tajwid • Mengahafal doa masuk rumah dan keluar rumah • Murojaah surat Albayyinah - Al ghariyah Mugo2Allah paring aman selamat lancar barokah, Allah paring ilmu yang bayak bermanfaat dan barokah | I536: 62895632016027
A537: 45763.373 | B537: 45730 | C537: =TEXT(B537, "mmmm") -> Maret | D537: 0.084027778 | E537: Ayu-CKP | F537: Abell-NH | G537: HADIR | H537: • Bacaan tilawaty 3 Hal 25 • Menghafal tajwid 5Bab dan mencari tajwid • Mangkulan Alquran Al Mulk 6-10 • Murojaah surat Albayyinah - Al ghariyah Mugo2Allah paring aman selamat lancar barokah, Allah paring ilmu yang bayak bermanfaat dan barokah Aamiin | I537: 62895632016027
A538: 45763.373 | B538: 45735 | C538: =TEXT(B538, "mmmm") -> Maret | D538: 0.081944444 | E538: Ayu-CKP | F538: Abell-NH | G538: HADIR | H538: • Bacaan tilawaty 3 hal 25 • Menghafal Surat An-Nass s.d Al Qoriah • Mengahafal doa masuk rumah dan keluar rumah • Menulis pegon Mugo2Allah paring aman selamat lancar barokah, Allah paring ilmu yang bayak bermanfaat dan barokah | I538: 62895632016027
A539: 45763.373 | B539: 45736 | C539: =TEXT(B539, "mmmm") -> Maret | D539: 0.09375 | E539: Ayu-CKP | F539: Abell-NH | G539: HADIR | H539: • Bacaan tilawaty 3 hal 26 • Menghafal Surat An-Nass s.d Al Qoriah • Mengahafal doa masuk rumah dan keluar rumah • Tajwid idhar halqi mencari dan menghafal Mugo2Allah paring aman selamat lancar barokah, Allah paring ilmu yang bayak bermanfaat dan barokah Aamiin | I539: 62895632016027
A540: 45763.373 | B540: 45737 | C540: =TEXT(B540, "mmmm") -> Maret | D540: 0.095138889 | E540: Ayu-CKP | F540: Abell-NH | G540: HADIR | H540: • Bacaan tilawaty 3 hal 26 • Menghafal Surat An-Nass s.d Al Qoriah • Mengahafal doa masuk rumah dan keluar rumah • Menghafal Dalil mengaji 1 Mugo2Allah paring aman selamat lancar barokah, Allah paring ilmu yang bayak bermanfaat dan barokah Aamiin | I540: 62895632016027
A541: 45763.385 | B541: 45720 | C541: =TEXT(B541, "mmmm") -> Maret | D541: 0.089583333 | E541: Ayu-CKP | F541: Kayla-CA | G541: HADIR | H541: • Bacaan surat Al Hijr 42-45 • Menghafal tajwid 5Bab dan mencari tajwid • Mangkulan Alquran Al Mulk 6-10 • Murojaah surat Albayyinah - Al ghariyah Mugo2Allah paring aman selamat lancar barokah, Allah paring ilmu yang bayak bermanfaat dan barokah Aamiin | I541: 62895632016027
A542: 45763.385 | B542: 45727 | C542: =TEXT(B542, "mmmm") -> Maret | D542: 0.091666667 | E542: Ayu-CKP | F542: Kayla-CA | G542: HADIR | H542: • Bacaan surat Al Hijr 46-50 • Menghafal tajwid nun mati dan mencari tajwid • Menghafal dalil 5 Bab • Murojaah surat Albayyinah - Al ghariyah Mugo2Allah paring aman selamat lancar barokah, Allah paring ilmu yang bayak bermanfaat dan barokah Aamiin | I542: 62895632016027
A543: 45763.385 | B543: 45734 | C543: =TEXT(B543, "mmmm") -> Maret | D543: 0.088888889 | E543: Ayu-CKP | F543: Kayla-CA | G543: HADIR | H543: • Bacaan surat Al Hijr 42-45 • Menghafal tajwid 5Bab dan mencari tajwid • Mangkulan Alquran Al Mulk 6-10 • Murojaah surat Albayyinah - Al ghariyah Mugo2Allah paring aman selamat lancar barokah, Allah paring ilmu yang bayak bermanfaat dan barokah Aamiin | I543: 62895632016027
A544: 45763.471 | B544: 45763 | C544: =TEXT(B544, "mmmm") -> April | D544: 0.038888889 | E544: Naely-BGR | F544: Grazia-IN | G544: HADIR | H544: Alhamdulillah grazia bisa mengikuti pengajian dengan baik. Hanya saja kendala koneksi sehingga suaranya putus-putus. Saat mulai pengajian grazia story telling + murajaah. Grazia membawakan ceritanya dengan sangat baik dan ada beberapa surat yang dilupa seperti surat alkafirun, mungkin bisa didereskan lagi agar lebih hapal. Kemuadian sesi bacaan grazia membaca surat attaubah 41-47. Alhamdulillah bacaannya cukup baik. Namun harus tetap didereskan lagi bersama orang tua. Insyaallah cukup. Semoga Allah paring grazia lancar barokah. | I544: 628978248704
A545: 45763.504 | B545: 45763 | C545: =TEXT(B545, "mmmm") -> April | D545: 0.079166667 | E545: Ayu-CKP | F545: Kayla-CA | G545: HADIR | H545: • Review hafalan paket 6 tahun (point23) • Membaca doa-doa • Asmaul khusna • Pagi Sore (versi banyak) • PR 13 • Doa Asad Mugo2Allah paring aman selamat lancar barokah, Allah paring ilmu yang bayak bermanfaat dan barokah Aamiin | I545: 62895632016027
A546: 45763.819 | B546: 45763 | C546: =TEXT(B546, "mmmm") -> April | D546: 0.00069444444 | E546: Nedha-PWD | F546: Khadijah-RLG | G546: IZIN (MURID) | H546: - | I546: 6281232193915
... A683: 45777.959 | B683: 45777 | C683: =TEXT(B683, "mmmm") -> April | D683: 0.04375 | E683: Millati-PWD | F683: Afiqa-DC | G683: HADIR | H683: Tilawati 1 page 19 > Alhamdulillah, bacaan Afiqa hari ini sudah lancar banget. Bisa baca sendiri. Insyaallah next meeting kita lanjut ke halaman 20 yaa. Doa- Doa - Doa sebelum dan bangun. tidur - Doa berpakaian - Doa keluar rumah+ pagi dan sore - Doa untuk kedua orang tua - Doa masuk dan keluar WC > wahh, masyaallah, Afiqa sudah lancar doa"nya. Goodjob girl. Tinggal doa saat berpakaian nih, kurang lancar. Amalsholih dibaca setiap hari yaa. Asmaul Husna 1-5 > hari ini kami baca pelan- pelan sampai 3×. Cuman pelafalannya masih kurang lancar di yaa Rohimu, untuk yang lain sudah pas. Surat- Surat Pendek - Al ikhlas - Al Falaq - An Nas - Al Fatihah - Al Lahab > untuk surat" ini alhamdulilah, Afiqa sudah hafal, tinggal memperlancar aja. Tapi untuk surat Al Lahab, Afiqa baru hafal di ayat 1. That's really fine, kok. Insyaallah kedepannya, kita hafalin pelan" yaa. Alhamdulillah, hari ini Afiqa sangat semangat untuk ngaji. Di tengah" ngaji kami belajar Tepuk 5 Bab, dan 4 Tali Keimanan. Dan insyaallah itu bikin Afiqa semakin semangat ngajinya. Semoga Allah paring ilmu yang manfaat dan barokah. Aamiiin Menulis | I683: 6285707668655
...

Sheet Rekap Murid
A1: REKAPITULASI DURASI MENGAJI CABERAWIT & GENERUS US
B2: MULAI | C2: 44986 | D2: HINGGA | E2: 45016
A4: NO. | B4: NAMA MURID | C4: DURASI MENGAJI | D4: TARGET DURASI | E4: % DURASI | F4: JUMLAH PERTEMUAN | G4: RERATA DURASI / PERTEMUAN
A5: 1 | B5: AJ | C5: =sumifs('DATA MENTAH1'!$C$2:$C$1142,'DATA MENTAH1'!$B$2:$B$1142,">="&$C$2,'DATA MENTAH1'!$B$2:$B$1142,"<="&$E$2,'DATA MENTAH1'!$E$2:$E$1142,B5) -> #N/A | D5: 0.25 | E5: =IFERROR(C5/D5,0) -> 0 | F5: =COUNTIFS('DATA MENTAH1'!$E$2:$E$1118,B5,'DATA MENTAH1'!$B$2:$B$1118,">="&$C$2,'DATA MENTAH1'!$B$2:$B$1118,"<="&$E$2) -> 0 | G5: =IFERROR(C5/F5,0) -> 0
A6: 2 | B6: Dwiki | C6: =sumifs('DATA MENTAH1'!$C$2:$C$1142,'DATA MENTAH1'!$B$2:$B$1142,">="&$C$2,'DATA MENTAH1'!$B$2:$B$1142,"<="&$E$2,'DATA MENTAH1'!$E$2:$E$1142,B6) -> #N/A | D6: 0.25 | E6: =IFERROR(C6/D6,0) -> 0 | F6: =COUNTIFS('DATA MENTAH1'!$E$2:$E$1118,B6,'DATA MENTAH1'!$B$2:$B$1118,">="&$C$2,'DATA MENTAH1'!$B$2:$B$1118,"<="&$E$2) -> 0 | G6: =IFERROR(C6/F6,0) -> 0
A7: 3 | B7: Kizmira | C7: =sumifs('DATA MENTAH1'!$C$2:$C$1142,'DATA MENTAH1'!$B$2:$B$1142,">="&$C$2,'DATA MENTAH1'!$B$2:$B$1142,"<="&$E$2,'DATA MENTAH1'!$E$2:$E$1142,B7) -> #N/A | D7: 0.25 | E7: =IFERROR(C7/D7,0) -> 0 | F7: =COUNTIFS('DATA MENTAH1'!$E$2:$E$1118,B7,'DATA MENTAH1'!$B$2:$B$1118,">="&$C$2,'DATA MENTAH1'!$B$2:$B$1118,"<="&$E$2) -> 0 | G7: =IFERROR(C7/F7,0) -> 0
A8: 4 | B8: Kaisar | C8: =sumifs('DATA MENTAH1'!$C$2:$C$1142,'DATA MENTAH1'!$B$2:$B$1142,">="&$C$2,'DATA MENTAH1'!$B$2:$B$1142,"<="&$E$2,'DATA MENTAH1'!$E$2:$E$1142,B8) -> #N/A | D8: 0.25 | E8: =IFERROR(C8/D8,0) -> 0 | F8: =COUNTIFS('DATA MENTAH1'!$E$2:$E$1118,B8,'DATA MENTAH1'!$B$2:$B$1118,">="&$C$2,'DATA MENTAH1'!$B$2:$B$1118,"<="&$E$2) -> 0 | G8: =IFERROR(C8/F8,0) -> 0
A9: 5 | B9: Abi | C9: =sumifs('DATA MENTAH1'!$C$2:$C$1142,'DATA MENTAH1'!$B$2:$B$1142,">="&$C$2,'DATA MENTAH1'!$B$2:$B$1142,"<="&$E$2,'DATA MENTAH1'!$E$2:$E$1142,B9) -> #N/A | D9: 0.25 | E9: =IFERROR(C9/D9,0) -> 0 | F9: =COUNTIFS('DATA MENTAH1'!$E$2:$E$1118,B9,'DATA MENTAH1'!$B$2:$B$1118,">="&$C$2,'DATA MENTAH1'!$B$2:$B$1118,"<="&$E$2) -> 0 | G9: =IFERROR(C9/F9,0) -> 0
A10: 6 | B10: Dehan | C10: =sumifs('DATA MENTAH1'!$C$2:$C$1142,'DATA MENTAH1'!$B$2:$B$1142,">="&$C$2,'DATA MENTAH1'!$B$2:$B$1142,"<="&$E$2,'DATA MENTAH1'!$E$2:$E$1142,B10) -> #N/A | D10: 0.25 | E10: =IFERROR(C10/D10,0) -> 0 | F10: =COUNTIFS('DATA MENTAH1'!$E$2:$E$1118,B10,'DATA MENTAH1'!$B$2:$B$1118,">="&$C$2,'DATA MENTAH1'!$B$2:$B$1118,"<="&$E$2) -> 0 | G10: =IFERROR(C10/F10,0) -> 0
A11: 7 | B11: Chester | C11: =sumifs('DATA MENTAH1'!$C$2:$C$1142,'DATA MENTAH1'!$B$2:$B$1142,">="&$C$2,'DATA MENTAH1'!$B$2:$B$1142,"<="&$E$2,'DATA MENTAH1'!$E$2:$E$1142,B11) -> #N/A | D11: 0.125 | E11: =IFERROR(C11/D11,0) -> 0 | F11: =COUNTIFS('DATA MENTAH1'!$E$2:$E$1118,B11,'DATA MENTAH1'!$B$2:$B$1118,">="&$C$2,'DATA MENTAH1'!$B$2:$B$1118,"<="&$E$2) -> 0 | G11: =IFERROR(C11/F11,0) -> 0
A12: 8 | B12: Denissa | C12: =sumifs('DATA MENTAH1'!$C$2:$C$1142,'DATA MENTAH1'!$B$2:$B$1142,">="&$C$2,'DATA MENTAH1'!$B$2:$B$1142,"<="&$E$2,'DATA MENTAH1'!$E$2:$E$1142,B12) -> #N/A | D12: 0.25 | E12: =IFERROR(C12/D12,0) -> 0 | F12: =COUNTIFS('DATA MENTAH1'!$E$2:$E$1118,B12,'DATA MENTAH1'!$B$2:$B$1118,">="&$C$2,'DATA MENTAH1'!$B$2:$B$1118,"<="&$E$2) -> 0 | G12: =IFERROR(C12/F12,0) -> 0
A13: 9 | B13: Kayla | C13: =sumifs('DATA MENTAH1'!$C$2:$C$1142,'DATA MENTAH1'!$B$2:$B$1142,">="&$C$2,'DATA MENTAH1'!$B$2:$B$1142,"<="&$E$2,'DATA MENTAH1'!$E$2:$E$1142,B13) -> #N/A | D13: 0.083333333 | E13: =IFERROR(C13/D13,0) -> 0 | F13: =COUNTIFS('DATA MENTAH1'!$E$2:$E$1118,B13,'DATA MENTAH1'!$B$2:$B$1118,">="&$C$2,'DATA MENTAH1'!$B$2:$B$1118,"<="&$E$2) -> 0 | G13: =IFERROR(C13/F13,0) -> 0
A14: 10 | B14: Grazia | C14: =sumifs('DATA MENTAH1'!$C$2:$C$1142,'DATA MENTAH1'!$B$2:$B$1142,">="&$C$2,'DATA MENTAH1'!$B$2:$B$1142,"<="&$E$2,'DATA MENTAH1'!$E$2:$E$1142,B14) -> #N/A | D14: 0.25 | E14: =IFERROR(C14/D14,0) -> 0 | F14: =COUNTIFS('DATA MENTAH1'!$E$2:$E$1118,B14,'DATA MENTAH1'!$B$2:$B$1118,">="&$C$2,'DATA MENTAH1'!$B$2:$B$1118,"<="&$E$2) -> 0 | G14: =IFERROR(C14/F14,0) -> 0
A15: 11 | B15: Qalesya | C15: =sumifs('DATA MENTAH1'!$C$2:$C$1142,'DATA MENTAH1'!$B$2:$B$1142,">="&$C$2,'DATA MENTAH1'!$B$2:$B$1142,"<="&$E$2,'DATA MENTAH1'!$E$2:$E$1142,B15) -> #N/A | D15: 0.25 | E15: =IFERROR(C15/D15,0) -> 0 | F15: =COUNTIFS('DATA MENTAH1'!$E$2:$E$1118,B15,'DATA MENTAH1'!$B$2:$B$1118,">="&$C$2,'DATA MENTAH1'!$B$2:$B$1118,"<="&$E$2) -> 0 | G15: =IFERROR(C15/F15,0) -> 0
A16: 12 | B16: Kirana | C16: =sumifs('DATA MENTAH1'!$C$2:$C$1142,'DATA MENTAH1'!$B$2:$B$1142,">="&$C$2,'DATA MENTAH1'!$B$2:$B$1142,"<="&$E$2,'DATA MENTAH1'!$E$2:$E$1142,B16) -> #N/A | D16: 0.25 | E16: =IFERROR(C16/D16,0) -> 0 | F16: =COUNTIFS('DATA MENTAH1'!$E$2:$E$1118,B16,'DATA MENTAH1'!$B$2:$B$1118,">="&$C$2,'DATA MENTAH1'!$B$2:$B$1118,"<="&$E$2) -> 0 | G16: =IFERROR(C16/F16,0) -> 0
... A19: 15 | B19: Jourdan | C19: =sumifs('DATA MENTAH1'!$C$2:$C$1142,'DATA MENTAH1'!$B$2:$B$1142,">="&$C$2,'DATA MENTAH1'!$B$2:$B$1142,"<="&$E$2,'DATA MENTAH1'!$E$2:$E$1142,B19) -> #N/A | D19: 0.25 | E19: =IFERROR(C19/D19,0) -> 0 | F19: =COUNTIFS('DATA MENTAH1'!$E$2:$E$1118,B19,'DATA MENTAH1'!$B$2:$B$1118,">="&$C$2,'DATA MENTAH1'!$B$2:$B$1118,"<="&$E$2) -> 0 | G19: =IFERROR(C19/F19,0) -> 0
A20: 16 | B20: Jagis | C20: =sumifs('DATA MENTAH1'!$C$2:$C$1142,'DATA MENTAH1'!$B$2:$B$1142,">="&$C$2,'DATA MENTAH1'!$B$2:$B$1142,"<="&$E$2,'DATA MENTAH1'!$E$2:$E$1142,B20) -> #N/A | E20: =IFERROR(C20/D20,0) -> 0 | F20: =COUNTIFS('DATA MENTAH1'!$E$2:$E$1118,B20,'DATA MENTAH1'!$B$2:$B$1118,">="&$C$2,'DATA MENTAH1'!$B$2:$B$1118,"<="&$E$2) -> 0 | G20: =IFERROR(C20/F20,0) -> 0
A21: 17 | B21: Jubilee | C21: =sumifs('DATA MENTAH1'!$C$2:$C$1142,'DATA MENTAH1'!$B$2:$B$1142,">="&$C$2,'DATA MENTAH1'!$B$2:$B$1142,"<="&$E$2,'DATA MENTAH1'!$E$2:$E$1142,B21) -> #N/A | D21: 0.25 | E21: =IFERROR(C21/D21,0) -> 0 | F21: =COUNTIFS('DATA MENTAH1'!$E$2:$E$1118,B21,'DATA MENTAH1'!$B$2:$B$1118,">="&$C$2,'DATA MENTAH1'!$B$2:$B$1118,"<="&$E$2) -> 0 | G21: =IFERROR(C21/F21,0) -> 0
A22: 18 | B22: Gabriel | C22: =sumifs('DATA MENTAH1'!$C$2:$C$1142,'DATA MENTAH1'!$B$2:$B$1142,">="&$C$2,'DATA MENTAH1'!$B$2:$B$1142,"<="&$E$2,'DATA MENTAH1'!$E$2:$E$1142,B22) -> #N/A | E22: =IFERROR(C22/D22,0) -> 0 | F22: =COUNTIFS('DATA MENTAH1'!$E$2:$E$1118,B22,'DATA MENTAH1'!$B$2:$B$1118,">="&$C$2,'DATA MENTAH1'!$B$2:$B$1118,"<="&$E$2) -> 0 | G22: =IFERROR(C22/F22,0) -> 0
A23: 19 | B23: Fitri | C23: =sumifs('DATA MENTAH1'!$C$2:$C$1142,'DATA MENTAH1'!$B$2:$B$1142,">="&$C$2,'DATA MENTAH1'!$B$2:$B$1142,"<="&$E$2,'DATA MENTAH1'!$E$2:$E$1142,B23) -> #N/A | E23: =IFERROR(C23/D23,0) -> 0 | F23: =COUNTIFS('DATA MENTAH1'!$E$2:$E$1118,B23,'DATA MENTAH1'!$B$2:$B$1118,">="&$C$2,'DATA MENTAH1'!$B$2:$B$1118,"<="&$E$2) -> 0 | G23: =IFERROR(C23/F23,0) -> 0
A24: 20 | B24: Irsan | C24: =sumifs('DATA MENTAH1'!$C$2:$C$1142,'DATA MENTAH1'!$B$2:$B$1142,">="&$C$2,'DATA MENTAH1'!$B$2:$B$1142,"<="&$E$2,'DATA MENTAH1'!$E$2:$E$1142,B24) -> #N/A | E24: =IFERROR(C24/D24,0) -> 0 | F24: =COUNTIFS('DATA MENTAH1'!$E$2:$E$1118,B24,'DATA MENTAH1'!$B$2:$B$1118,">="&$C$2,'DATA MENTAH1'!$B$2:$B$1118,"<="&$E$2) -> 0 | G24: =IFERROR(C24/F24,0) -> 0
A25: 21 | B25: Tami | C25: =sumifs('DATA MENTAH1'!$C$2:$C$1142,'DATA MENTAH1'!$B$2:$B$1142,">="&$C$2,'DATA MENTAH1'!$B$2:$B$1142,"<="&$E$2,'DATA MENTAH1'!$E$2:$E$1142,B25) -> #N/A | D25: 0.25 | E25: =IFERROR(C25/D25,0) -> 0 | F25: =COUNTIFS('DATA MENTAH1'!$E$2:$E$1118,B25,'DATA MENTAH1'!$B$2:$B$1118,">="&$C$2,'DATA MENTAH1'!$B$2:$B$1118,"<="&$E$2) -> 0 | G25: =IFERROR(C25/F25,0) -> 0
A26: 22 | B26: Khairuna | C26: =sumifs('DATA MENTAH1'!$C$2:$C$1142,'DATA MENTAH1'!$B$2:$B$1142,">="&$C$2,'DATA MENTAH1'!$B$2:$B$1142,"<="&$E$2,'DATA MENTAH1'!$E$2:$E$1142,B26) -> #N/A | D26: 0.25 | E26: =IFERROR(C26/D26,0) -> 0 | F26: =COUNTIFS('DATA MENTAH1'!$E$2:$E$1118,B26,'DATA MENTAH1'!$B$2:$B$1118,">="&$C$2,'DATA MENTAH1'!$B$2:$B$1118,"<="&$E$2) -> 0 | G26: =IFERROR(C26/F26,0) -> 0
A27: 23 | B27: Nadine | C27: =sumifs('DATA MENTAH1'!$C$2:$C$1142,'DATA MENTAH1'!$B$2:$B$1142,">="&$C$2,'DATA MENTAH1'!$B$2:$B$1142,"<="&$E$2,'DATA MENTAH1'!$E$2:$E$1142,B27) -> #N/A | E27: =IFERROR(C27/D27,0) -> 0 | F27: =COUNTIFS('DATA MENTAH1'!$E$2:$E$1118,B27,'DATA MENTAH1'!$B$2:$B$1118,">="&$C$2,'DATA MENTAH1'!$B$2:$B$1118,"<="&$E$2) -> 0 | G27: =IFERROR(C27/F27,0) -> 0
A28: 24 | B28: Dinda & Daud | C28: =sumifs('DATA MENTAH1'!$C$2:$C$1142,'DATA MENTAH1'!$B$2:$B$1142,">="&$C$2,'DATA MENTAH1'!$B$2:$B$1142,"<="&$E$2,'DATA MENTAH1'!$E$2:$E$1142,B28) -> #N/A | E28: =IFERROR(C28/D28,0) -> 0 | F28: =COUNTIFS('DATA MENTAH1'!$E$2:$E$1118,B28,'DATA MENTAH1'!$B$2:$B$1118,">="&$C$2,'DATA MENTAH1'!$B$2:$B$1118,"<="&$E$2) -> 0 | G28: =IFERROR(C28/F28,0) -> 0

Sheet Januari
A1: REKAPITULASI KEHADIRAN MURID PENGAJIAN PPG AMERICA
B2: Mulai : | C2: 45658 | D2: Hingga : | E2: 45688
A4: NO. | B4: NAMA MURID | C4: KELOMPOK | D4: Jenjang Usia | E4: DURASI MENGAJI | F4: TARGET DURASI | G4: % DURASI | H4: HADIR | I4: BY VN | J4: IZIN (MURID)
A5: 1 | B5: Abell-NH | C5: New Hampshire | D5: PraCBR-CBR | E5: =sumifs('KEG. PENGAJIAN HARIAN'!$D$2:$D968,'KEG. PENGAJIAN HARIAN'!$B$2:$B968,">="&$C$2,'KEG. PENGAJIAN HARIAN'!$B$2:$B968,"<="&$E$2,'KEG. PENGAJIAN HARIAN'!$F$2:$F968,B5) -> 0.27986111 | F5: 0.5 | G5: =IFERROR(E5/F5,0) -> 0.55972222 | H5: =COUNTIFS('KEG. PENGAJIAN HARIAN'!$F$2:$F968,B5,'KEG. PENGAJIAN HARIAN'!$B$2:$B968,">="&$C$2,'KEG. PENGAJIAN HARIAN'!$B$2:$B968,"<="&$E$2,'KEG. PENGAJIAN HARIAN'!$G$2:$G968,"hadir") -> 5 | I5: =COUNTIFS('KEG. PENGAJIAN HARIAN'!$F$2:$F968,B5,'KEG. PENGAJIAN HARIAN'!$B$2:$B968,">="&$C$2,'KEG. PENGAJIAN HARIAN'!$B$2:$B968,"<="&$E$2,'KEG. PENGAJIAN HARIAN'!$G$2:$G968,"By VN") -> 0 | J5: =COUNTIFS('KEG. PENGAJIAN HARIAN'!$F$2:$F968,B5,'KEG. PENGAJIAN HARIAN'!$B$2:$B968,">="&$C$2,'KEG. PENGAJIAN HARIAN'!$B$2:$B968,"<="&$E$2,'KEG. PENGAJIAN HARIAN'!$G$2:$G968,"izin (murid)") -> 0
A6: 2 | B6: Abi-BFL | C6: Chicago | D6: PraNikah | E6: =sumifs('KEG. PENGAJIAN HARIAN'!$D$2:$D968,'KEG. PENGAJIAN HARIAN'!$B$2:$B968,">="&$C$2,'KEG. PENGAJIAN HARIAN'!$B$2:$B968,"<="&$E$2,'KEG. PENGAJIAN HARIAN'!$F$2:$F968,B6) -> 0.28472222 | F6: 0.5 | G6: =IFERROR(E6/F6,0) -> 0.56944444 | H6: =COUNTIFS('KEG. PENGAJIAN HARIAN'!$F$2:$F968,B6,'KEG. PENGAJIAN HARIAN'!$B$2:$B968,">="&$C$2,'KEG. PENGAJIAN HARIAN'!$B$2:$B968,"<="&$E$2,'KEG. PENGAJIAN HARIAN'!$G$2:$G968,"hadir") -> 6 | I6: =COUNTIFS('KEG. PENGAJIAN HARIAN'!$F$2:$F968,B6,'KEG. PENGAJIAN HARIAN'!$B$2:$B968,">="&$C$2,'KEG. PENGAJIAN HARIAN'!$B$2:$B968,"<="&$E$2,'KEG. PENGAJIAN HARIAN'!$G$2:$G968,"By VN") -> 0 | J6: =COUNTIFS('KEG. PENGAJIAN HARIAN'!$F$2:$F968,B6,'KEG. PENGAJIAN HARIAN'!$B$2:$B968,">="&$C$2,'KEG. PENGAJIAN HARIAN'!$B$2:$B968,"<="&$E$2,'KEG. PENGAJIAN HARIAN'!$G$2:$G968,"izin (murid)") -> 0
A7: 3 | B7: Cheryl-NH | C7: New Hampshire | D7: PraCBR-CBR | E7: =sumifs('KEG. PENGAJIAN HARIAN'!$D$2:$D968,'KEG. PENGAJIAN HARIAN'!$B$2:$B968,">="&$C$2,'KEG. PENGAJIAN HARIAN'!$B$2:$B968,"<="&$E$2,'KEG. PENGAJIAN HARIAN'!$F$2:$F968,B7) -> 0.14305556 | F7: 0.5 | G7: =IFERROR(E7/F7,0) -> 0.28611111 | H7: =COUNTIFS('KEG. PENGAJIAN HARIAN'!$F$2:$F968,B7,'KEG. PENGAJIAN HARIAN'!$B$2:$B968,">="&$C$2,'KEG. PENGAJIAN HARIAN'!$B$2:$B968,"<="&$E$2,'KEG. PENGAJIAN HARIAN'!$G$2:$G968,"hadir") -> 4 | I7: =COUNTIFS('KEG. PENGAJIAN HARIAN'!$F$2:$F968,B7,'KEG. PENGAJIAN HARIAN'!$B$2:$B968,">="&$C$2,'KEG. PENGAJIAN HARIAN'!$B$2:$B968,"<="&$E$2,'KEG. PENGAJIAN HARIAN'!$G$2:$G968,"By VN") -> 0 | J7: =COUNTIFS('KEG. PENGAJIAN HARIAN'!$F$2:$F968,B7,'KEG. PENGAJIAN HARIAN'!$B$2:$B968,">="&$C$2,'KEG. PENGAJIAN HARIAN'!$B$2:$B968,"<="&$E$2,'KEG. PENGAJIAN HARIAN'!$G$2:$G968,"izin (murid)") -> 3 | K7: PraCBR-CBR | L7: =countif(D5:D32,"PraCBR-CBR") -> 16
A8: 4 | B8: Chester-PD | C8: New Hampshire | D8: PraCBR-CBR | E8: =sumifs('KEG. PENGAJIAN HARIAN'!$D$2:$D968,'KEG. PENGAJIAN HARIAN'!$B$2:$B968,">="&$C$2,'KEG. PENGAJIAN HARIAN'!$B$2:$B968,"<="&$E$2,'KEG. PENGAJIAN HARIAN'!$F$2:$F968,B8) -> 0.46388889 | F8: 0.5 | G8: =IFERROR(E8/F8,0) -> 0.92777778 | H8: =COUNTIFS('KEG. PENGAJIAN HARIAN'!$F$2:$F968,B8,'KEG. PENGAJIAN HARIAN'!$B$2:$B968,">="&$C$2,'KEG. PENGAJIAN HARIAN'!$B$2:$B968,"<="&$E$2,'KEG. PENGAJIAN HARIAN'!$G$2:$G968,"hadir") -> 11 | I8: =COUNTIFS('KEG. PENGAJIAN HARIAN'!$F$2:$F968,B8,'KEG. PENGAJIAN HARIAN'!$B$2:$B968,">="&$C$2,'KEG. PENGAJIAN HARIAN'!$B$2:$B968,"<="&$E$2,'KEG. PENGAJIAN HARIAN'!$G$2:$G968,"By VN") -> 0 | J8: =COUNTIFS('KEG. PENGAJIAN HARIAN'!$F$2:$F968,B8,'KEG. PENGAJIAN HARIAN'!$B$2:$B968,">="&$C$2,'KEG. PENGAJIAN HARIAN'!$B$2:$B968,"<="&$E$2,'KEG. PENGAJIAN HARIAN'!$G$2:$G968,"izin (murid)") -> 0 | K8: PraRMJ-RMJ | L8: =countif(D5:D32,"PraRMJ-RMJ") -> 6
A9: 5 | B9: Dawud-RLG | C9: New Hampshire | D9: PraCBR-CBR | E9: =sumifs('KEG. PENGAJIAN HARIAN'!$D$2:$D968,'KEG. PENGAJIAN HARIAN'!$B$2:$B968,">="&$C$2,'KEG. PENGAJIAN HARIAN'!$B$2:$B968,"<="&$E$2,'KEG. PENGAJIAN HARIAN'!$F$2:$F968,B9) -> 0.48125 | F9: 0.5 | G9: =IFERROR(E9/F9,0) -> 0.9625 | H9: =COUNTIFS('KEG. PENGAJIAN HARIAN'!$F$2:$F968,B9,'KEG. PENGAJIAN HARIAN'!$B$2:$B968,">="&$C$2,'KEG. PENGAJIAN HARIAN'!$B$2:$B968,"<="&$E$2,'KEG. PENGAJIAN HARIAN'!$G$2:$G968,"hadir") -> 12 | I9: =COUNTIFS('KEG. PENGAJIAN HARIAN'!$F$2:$F968,B9,'KEG. PENGAJIAN HARIAN'!$B$2:$B968,">="&$C$2,'KEG. PENGAJIAN HARIAN'!$B$2:$B968,"<="&$E$2,'KEG. PENGAJIAN HARIAN'!$G$2:$G968,"By VN") -> 0 | J9: =COUNTIFS('KEG. PENGAJIAN HARIAN'!$F$2:$F968,B9,'KEG. PENGAJIAN HARIAN'!$B$2:$B968,">="&$C$2,'KEG. PENGAJIAN HARIAN'!$B$2:$B968,"<="&$E$2,'KEG. PENGAJIAN HARIAN'!$G$2:$G968,"izin (murid)") -> 0 | K9: PraNIkah | L9: =countif(D5:D32,"PraNikah") -> 6
A10: 6 | B10: Dehan-CND | C10: Canada | D10: PraRMJ-RMJ | E10: =sumifs('KEG. PENGAJIAN HARIAN'!$D$2:$D968,'KEG. PENGAJIAN HARIAN'!$B$2:$B968,">="&$C$2,'KEG. PENGAJIAN HARIAN'!$B$2:$B968,"<="&$E$2,'KEG. PENGAJIAN HARIAN'!$F$2:$F968,B10) -> 0.32777778 | F10: 0.5 | G10: =IFERROR(E10/F10,0) -> 0.65555556 | H10: =COUNTIFS('KEG. PENGAJIAN HARIAN'!$F$2:$F968,B10,'KEG. PENGAJIAN HARIAN'!$B$2:$B968,">="&$C$2,'KEG. PENGAJIAN HARIAN'!$B$2:$B968,"<="&$E$2,'KEG. PENGAJIAN HARIAN'!$G$2:$G968,"hadir") -> 8 | I10: =COUNTIFS('KEG. PENGAJIAN HARIAN'!$F$2:$F968,B10,'KEG. PENGAJIAN HARIAN'!$B$2:$B968,">="&$C$2,'KEG. PENGAJIAN HARIAN'!$B$2:$B968,"<="&$E$2,'KEG. PENGAJIAN HARIAN'!$G$2:$G968,"By VN") -> 0 | J10: =COUNTIFS('KEG. PENGAJIAN HARIAN'!$F$2:$F968,B10,'KEG. PENGAJIAN HARIAN'!$B$2:$B968,">="&$C$2,'KEG. PENGAJIAN HARIAN'!$B$2:$B968,"<="&$E$2,'KEG. PENGAJIAN HARIAN'!$G$2:$G968,"izin (murid)") -> 0 | L10: =sum(L7:L9) -> 28
A11: 7 | B11: Denissa-RLG | C11: New Hampshire | D11: PraRMJ-RMJ | E11: =sumifs('KEG. PENGAJIAN HARIAN'!$D$2:$D968,'KEG. PENGAJIAN HARIAN'!$B$2:$B968,">="&$C$2,'KEG. PENGAJIAN HARIAN'!$B$2:$B968,"<="&$E$2,'KEG. PENGAJIAN HARIAN'!$F$2:$F968,B11) -> 0.12222222 | F11: 0.5 | G11: =IFERROR(E11/F11,0) -> 0.24444444 | H11: =COUNTIFS('KEG. PENGAJIAN HARIAN'!$F$2:$F968,B11,'KEG. PENGAJIAN HARIAN'!$B$2:$B968,">="&$C$2,'KEG. PENGAJIAN HARIAN'!$B$2:$B968,"<="&$E$2,'KEG. PENGAJIAN HARIAN'!$G$2:$G968,"hadir") -> 3 | I11: =COUNTIFS('KEG. PENGAJIAN HARIAN'!$F$2:$F968,B11,'KEG. PENGAJIAN HARIAN'!$B$2:$B968,">="&$C$2,'KEG. PENGAJIAN HARIAN'!$B$2:$B968,"<="&$E$2,'KEG. PENGAJIAN HARIAN'!$G$2:$G968,"By VN") -> 1 | J11: =COUNTIFS('KEG. PENGAJIAN HARIAN'!$F$2:$F968,B11,'KEG. PENGAJIAN HARIAN'!$B$2:$B968,">="&$C$2,'KEG. PENGAJIAN HARIAN'!$B$2:$B968,"<="&$E$2,'KEG. PENGAJIAN HARIAN'!$G$2:$G968,"izin (murid)") -> 3
A12: 8 | B12: Dinda-RLG | C12: New Hampshire | D12: PraCBR-CBR | E12: =sumifs('KEG. PENGAJIAN HARIAN'!$D$2:$D968,'KEG. PENGAJIAN HARIAN'!$B$2:$B968,">="&$C$2,'KEG. PENGAJIAN HARIAN'!$B$2:$B968,"<="&$E$2,'KEG. PENGAJIAN HARIAN'!$F$2:$F968,B12) -> 0.23680556 | F12: 0.5 | G12: =IFERROR(E12/F12,0) -> 0.47361111 | H12: =COUNTIFS('KEG. PENGAJIAN HARIAN'!$F$2:$F968,B12,'KEG. PENGAJIAN HARIAN'!$B$2:$B968,">="&$C$2,'KEG. PENGAJIAN HARIAN'!$B$2:$B968,"<="&$E$2,'KEG. PENGAJIAN HARIAN'!$G$2:$G968,"hadir") -> 6 | I12: =COUNTIFS('KEG. PENGAJIAN HARIAN'!$F$2:$F968,B12,'KEG. PENGAJIAN HARIAN'!$B$2:$B968,">="&$C$2,'KEG. PENGAJIAN HARIAN'!$B$2:$B968,"<="&$E$2,'KEG. PENGAJIAN HARIAN'!$G$2:$G968,"By VN") -> 0 | J12: =COUNTIFS('KEG. PENGAJIAN HARIAN'!$F$2:$F968,B12,'KEG. PENGAJIAN HARIAN'!$B$2:$B968,">="&$C$2,'KEG. PENGAJIAN HARIAN'!$B$2:$B968,"<="&$E$2,'KEG. PENGAJIAN HARIAN'!$G$2:$G968,"izin (murid)") -> 0
A13: 9 | B13: Dwiki-RLG | C13: New Hampshire | D13: PraNikah | E13: =sumifs('KEG. PENGAJIAN HARIAN'!$D$2:$D968,'KEG. PENGAJIAN HARIAN'!$B$2:$B968,">="&$C$2,'KEG. PENGAJIAN HARIAN'!$B$2:$B968,"<="&$E$2,'KEG. PENGAJIAN HARIAN'!$F$2:$F968,B13) -> 0.33680556 | F13: 0.5 | G13: =IFERROR(E13/F13,0) -> 0.67361111 | H13: =COUNTIFS('KEG. PENGAJIAN HARIAN'!$F$2:$F968,B13,'KEG. PENGAJIAN HARIAN'!$B$2:$B968,">="&$C$2,'KEG. PENGAJIAN HARIAN'!$B$2:$B968,"<="&$E$2,'KEG. PENGAJIAN HARIAN'!$G$2:$G968,"hadir") -> 10 | I13: =COUNTIFS('KEG. PENGAJIAN HARIAN'!$F$2:$F968,B13,'KEG. PENGAJIAN HARIAN'!$B$2:$B968,">="&$C$2,'KEG. PENGAJIAN HARIAN'!$B$2:$B968,"<="&$E$2,'KEG. PENGAJIAN HARIAN'!$G$2:$G968,"By VN") -> 0 | J13: =COUNTIFS('KEG. PENGAJIAN HARIAN'!$F$2:$F968,B13,'KEG. PENGAJIAN HARIAN'!$B$2:$B968,">="&$C$2,'KEG. PENGAJIAN HARIAN'!$B$2:$B968,"<="&$E$2,'KEG. PENGAJIAN HARIAN'!$G$2:$G968,"izin (murid)") -> 0
A14: 10 | B14: Dylan-CA | C14: California | D14: PraRMJ-RMJ | E14: =sumifs('KEG. PENGAJIAN HARIAN'!$D$2:$D968,'KEG. PENGAJIAN HARIAN'!$B$2:$B968,">="&$C$2,'KEG. PENGAJIAN HARIAN'!$B$2:$B968,"<="&$E$2,'KEG. PENGAJIAN HARIAN'!$F$2:$F968,B14) -> 0.26180556 | F14: 0.5 | G14: =IFERROR(E14/F14,0) -> 0.52361111 | H14: =COUNTIFS('KEG. PENGAJIAN HARIAN'!$F$2:$F968,B14,'KEG. PENGAJIAN HARIAN'!$B$2:$B968,">="&$C$2,'KEG. PENGAJIAN HARIAN'!$B$2:$B968,"<="&$E$2,'KEG. PENGAJIAN HARIAN'!$G$2:$G968,"hadir") -> 8 | I14: =COUNTIFS('KEG. PENGAJIAN HARIAN'!$F$2:$F968,B14,'KEG. PENGAJIAN HARIAN'!$B$2:$B968,">="&$C$2,'KEG. PENGAJIAN HARIAN'!$B$2:$B968,"<="&$E$2,'KEG. PENGAJIAN HARIAN'!$G$2:$G968,"By VN") -> 0 | J14: =COUNTIFS('KEG. PENGAJIAN HARIAN'!$F$2:$F968,B14,'KEG. PENGAJIAN HARIAN'!$B$2:$B968,">="&$C$2,'KEG. PENGAJIAN HARIAN'!$B$2:$B968,"<="&$E$2,'KEG. PENGAJIAN HARIAN'!$G$2:$G968,"izin (murid)") -> 1
A15: 11 | B15: Fitri-CND | C15: Canada | D15: PraRMJ-RMJ | E15: =sumifs('KEG. PENGAJIAN HARIAN'!$D$2:$D968,'KEG. PENGAJIAN HARIAN'!$B$2:$B968,">="&$C$2,'KEG. PENGAJIAN HARIAN'!$B$2:$B968,"<="&$E$2,'KEG. PENGAJIAN HARIAN'!$F$2:$F968,B15) -> 0.22430556 | F15: 0.5 | G15: =IFERROR(E15/F15,0) -> 0.44861111 | H15: =COUNTIFS('KEG. PENGAJIAN HARIAN'!$F$2:$F968,B15,'KEG. PENGAJIAN HARIAN'!$B$2:$B968,">="&$C$2,'KEG. PENGAJIAN HARIAN'!$B$2:$B968,"<="&$E$2,'KEG. PENGAJIAN HARIAN'!$G$2:$G968,"hadir") -> 5 | I15: =COUNTIFS('KEG. PENGAJIAN HARIAN'!$F$2:$F968,B15,'KEG. PENGAJIAN HARIAN'!$B$2:$B968,">="&$C$2,'KEG. PENGAJIAN HARIAN'!$B$2:$B968,"<="&$E$2,'KEG. PENGAJIAN HARIAN'!$G$2:$G968,"By VN") -> 0 | J15: =COUNTIFS('KEG. PENGAJIAN HARIAN'!$F$2:$F968,B15,'KEG. PENGAJIAN HARIAN'!$B$2:$B968,">="&$C$2,'KEG. PENGAJIAN HARIAN'!$B$2:$B968,"<="&$E$2,'KEG. PENGAJIAN HARIAN'!$G$2:$G968,"izin (murid)") -> 0
A16: 12 | B16: Gabriel-CH | C16: Chicago | D16: PraCBR-CBR | E16: =sumifs('KEG. PENGAJIAN HARIAN'!$D$2:$D968,'KEG. PENGAJIAN HARIAN'!$B$2:$B968,">="&$C$2,'KEG. PENGAJIAN HARIAN'!$B$2:$B968,"<="&$E$2,'KEG. PENGAJIAN HARIAN'!$F$2:$F968,B16) -> 0.31388889 | F16: 0.5 | G16: =IFERROR(E16/F16,0) -> 0.62777778 | H16: =COUNTIFS('KEG. PENGAJIAN HARIAN'!$F$2:$F968,B16,'KEG. PENGAJIAN HARIAN'!$B$2:$B968,">="&$C$2,'KEG. PENGAJIAN HARIAN'!$B$2:$B968,"<="&$E$2,'KEG. PENGAJIAN HARIAN'!$G$2:$G968,"hadir") -> 14 | I16: =COUNTIFS('KEG. PENGAJIAN HARIAN'!$F$2:$F968,B16,'KEG. PENGAJIAN HARIAN'!$B$2:$B968,">="&$C$2,'KEG. PENGAJIAN HARIAN'!$B$2:$B968,"<="&$E$2,'KEG. PENGAJIAN HARIAN'!$G$2:$G968,"By VN") -> 0 | J16: =COUNTIFS('KEG. PENGAJIAN HARIAN'!$F$2:$F968,B16,'KEG. PENGAJIAN HARIAN'!$B$2:$B968,">="&$C$2,'KEG. PENGAJIAN HARIAN'!$B$2:$B968,"<="&$E$2,'KEG. PENGAJIAN HARIAN'!$G$2:$G968,"izin (murid)") -> 0
A17: 13 | B17: Grazia-IN | C17: Chicago | D17: PraCBR-CBR | E17: =sumifs('KEG. PENGAJIAN HARIAN'!$D$2:$D968,'KEG. PENGAJIAN HARIAN'!$B$2:$B968,">="&$C$2,'KEG. PENGAJIAN HARIAN'!$B$2:$B968,"<="&$E$2,'KEG. PENGAJIAN HARIAN'!$F$2:$F968,B17) -> 0.43472222 | F17: 0.5 | G17: =IFERROR(E17/F17,0) -> 0.86944444 | H17: =COUNTIFS('KEG. PENGAJIAN HARIAN'!$F$2:$F968,B17,'KEG. PENGAJIAN HARIAN'!$B$2:$B968,">="&$C$2,'KEG. PENGAJIAN HARIAN'!$B$2:$B968,"<="&$E$2,'KEG. PENGAJIAN HARIAN'!$G$2:$G968,"hadir") -> 12 | I17: =COUNTIFS('KEG. PENGAJIAN HARIAN'!$F$2:$F968,B17,'KEG. PENGAJIAN HARIAN'!$B$2:$B968,">="&$C$2,'KEG. PENGAJIAN HARIAN'!$B$2:$B968,"<="&$E$2,'KEG. PENGAJIAN HARIAN'!$G$2:$G968,"By VN") -> 0 | J17: =COUNTIFS('KEG. PENGAJIAN HARIAN'!$F$2:$F968,B17,'KEG. PENGAJIAN HARIAN'!$B$2:$B968,">="&$C$2,'KEG. PENGAJIAN HARIAN'!$B$2:$B968,"<="&$E$2,'KEG. PENGAJIAN HARIAN'!$G$2:$G968,"izin (murid)") -> 0
A18: 14 | B18: Hafiz-PTM | C18: New Hampshire | D18: PraCBR-CBR | E18: =sumifs('KEG. PENGAJIAN HARIAN'!$D$2:$D968,'KEG. PENGAJIAN HARIAN'!$B$2:$B968,">="&$C$2,'KEG. PENGAJIAN HARIAN'!$B$2:$B968,"<="&$E$2,'KEG. PENGAJIAN HARIAN'!$F$2:$F968,B18) -> 0.47569444 | F18: 0.5 | G18: =IFERROR(E18/F18,0) -> 0.95138889 | H18: =COUNTIFS('KEG. PENGAJIAN HARIAN'!$F$2:$F968,B18,'KEG. PENGAJIAN HARIAN'!$B$2:$B968,">="&$C$2,'KEG. PENGAJIAN HARIAN'!$B$2:$B968,"<="&$E$2,'KEG. PENGAJIAN HARIAN'!$G$2:$G968,"hadir") -> 13 | I18: =COUNTIFS('KEG. PENGAJIAN HARIAN'!$F$2:$F968,B18,'KEG. PENGAJIAN HARIAN'!$B$2:$B968,">="&$C$2,'KEG. PENGAJIAN HARIAN'!$B$2:$B968,"<="&$E$2,'KEG. PENGAJIAN HARIAN'!$G$2:$G968,"By VN") -> 0 | J18: =COUNTIFS('KEG. PENGAJIAN HARIAN'!$F$2:$F968,B18,'KEG. PENGAJIAN HARIAN'!$B$2:$B968,">="&$C$2,'KEG. PENGAJIAN HARIAN'!$B$2:$B968,"<="&$E$2,'KEG. PENGAJIAN HARIAN'!$G$2:$G968,"izin (murid)") -> 2
A19: 15 | B19: Irsan-CH | C19: Chicago | D19: PraRMJ-RMJ | E19: =sumifs('KEG. PENGAJIAN HARIAN'!$D$2:$D968,'KEG. PENGAJIAN HARIAN'!$B$2:$B968,">="&$C$2,'KEG. PENGAJIAN HARIAN'!$B$2:$B968,"<="&$E$2,'KEG. PENGAJIAN HARIAN'!$F$2:$F968,B19) -> 0.28958333 | F19: 0.5 | G19: =IFERROR(E19/F19,0) -> 0.57916667 | H19: =COUNTIFS('KEG. PENGAJIAN HARIAN'!$F$2:$F968,B19,'KEG. PENGAJIAN HARIAN'!$B$2:$B968,">="&$C$2,'KEG. PENGAJIAN HARIAN'!$B$2:$B968,"<="&$E$2,'KEG. PENGAJIAN HARIAN'!$G$2:$G968,"hadir") -> 8 | I19: =COUNTIFS('KEG. PENGAJIAN HARIAN'!$F$2:$F968,B19,'KEG. PENGAJIAN HARIAN'!$B$2:$B968,">="&$C$2,'KEG. PENGAJIAN HARIAN'!$B$2:$B968,"<="&$E$2,'KEG. PENGAJIAN HARIAN'!$G$2:$G968,"By VN") -> 0 | J19: =COUNTIFS('KEG. PENGAJIAN HARIAN'!$F$2:$F968,B19,'KEG. PENGAJIAN HARIAN'!$B$2:$B968,">="&$C$2,'KEG. PENGAJIAN HARIAN'!$B$2:$B968,"<="&$E$2,'KEG. PENGAJIAN HARIAN'!$G$2:$G968,"izin (murid)") -> 0
A20: 16 | B20: Jourdan-CA | C20: California | D20: PraNikah | E20: =sumifs('KEG. PENGAJIAN HARIAN'!$D$2:$D968,'KEG. PENGAJIAN HARIAN'!$B$2:$B968,">="&$C$2,'KEG. PENGAJIAN HARIAN'!$B$2:$B968,"<="&$E$2,'KEG. PENGAJIAN HARIAN'!$F$2:$F968,B20) -> 0 | F20: 0.5 | G20: =IFERROR(E20/F20,0) -> 0 | H20: =COUNTIFS('KEG. PENGAJIAN HARIAN'!$F$2:$F968,B20,'KEG. PENGAJIAN HARIAN'!$B$2:$B968,">="&$C$2,'KEG. PENGAJIAN HARIAN'!$B$2:$B968,"<="&$E$2,'KEG. PENGAJIAN HARIAN'!$G$2:$G968,"hadir") -> 0 | I20: =COUNTIFS('KEG. PENGAJIAN HARIAN'!$F$2:$F968,B20,'KEG. PENGAJIAN HARIAN'!$B$2:$B968,">="&$C$2,'KEG. PENGAJIAN HARIAN'!$B$2:$B968,"<="&$E$2,'KEG. PENGAJIAN HARIAN'!$G$2:$G968,"By VN") -> 0 | J20: =COUNTIFS('KEG. PENGAJIAN HARIAN'!$F$2:$F968,B20,'KEG. PENGAJIAN HARIAN'!$B$2:$B968,">="&$C$2,'KEG. PENGAJIAN HARIAN'!$B$2:$B968,"<="&$E$2,'KEG. PENGAJIAN HARIAN'!$G$2:$G968,"izin (murid)") -> 0
A21: 17 | B21: Jubilee-CH | C21: Chicago | D21: PraCBR-CBR | E21: =sumifs('KEG. PENGAJIAN HARIAN'!$D$2:$D968,'KEG. PENGAJIAN HARIAN'!$B$2:$B968,">="&$C$2,'KEG. PENGAJIAN HARIAN'!$B$2:$B968,"<="&$E$2,'KEG. PENGAJIAN HARIAN'!$F$2:$F968,B21) -> 0.039583333 | F21: 0.5 | G21: =IFERROR(E21/F21,0) -> 0.079166667 | H21: =COUNTIFS('KEG. PENGAJIAN HARIAN'!$F$2:$F968,B21,'KEG. PENGAJIAN HARIAN'!$B$2:$B968,">="&$C$2,'KEG. PENGAJIAN HARIAN'!$B$2:$B968,"<="&$E$2,'KEG. PENGAJIAN HARIAN'!$G$2:$G968,"hadir") -> 2 | I21: =COUNTIFS('KEG. PENGAJIAN HARIAN'!$F$2:$F968,B21,'KEG. PENGAJIAN HARIAN'!$B$2:$B968,">="&$C$2,'KEG. PENGAJIAN HARIAN'!$B$2:$B968,"<="&$E$2,'KEG. PENGAJIAN HARIAN'!$G$2:$G968,"By VN") -> 0 | J21: =COUNTIFS('KEG. PENGAJIAN HARIAN'!$F$2:$F968,B21,'KEG. PENGAJIAN HARIAN'!$B$2:$B968,">="&$C$2,'KEG. PENGAJIAN HARIAN'!$B$2:$B968,"<="&$E$2,'KEG. PENGAJIAN HARIAN'!$G$2:$G968,"izin (murid)") -> 0
A22: 18 | B22: Kayla-CA | C22: California | D22: PraNikah | E22: =sumifs('KEG. PENGAJIAN HARIAN'!$D$2:$D968,'KEG. PENGAJIAN HARIAN'!$B$2:$B968,">="&$C$2,'KEG. PENGAJIAN HARIAN'!$B$2:$B968,"<="&$E$2,'KEG. PENGAJIAN HARIAN'!$F$2:$F968,B22) -> 0.31041667 | F22: 0.5 | G22: =IFERROR(E22/F22,0) -> 0.62083333 | H22: =COUNTIFS('KEG. PENGAJIAN HARIAN'!$F$2:$F968,B22,'KEG. PENGAJIAN HARIAN'!$B$2:$B968,">="&$C$2,'KEG. PENGAJIAN HARIAN'!$B$2:$B968,"<="&$E$2,'KEG. PENGAJIAN HARIAN'!$G$2:$G968,"hadir") -> 4 | I22: =COUNTIFS('KEG. PENGAJIAN HARIAN'!$F$2:$F968,B22,'KEG. PENGAJIAN HARIAN'!$B$2:$B968,">="&$C$2,'KEG. PENGAJIAN HARIAN'!$B$2:$B968,"<="&$E$2,'KEG. PENGAJIAN HARIAN'!$G$2:$G968,"By VN") -> 0 | J22: =COUNTIFS('KEG. PENGAJIAN HARIAN'!$F$2:$F968,B22,'KEG. PENGAJIAN HARIAN'!$B$2:$B968,">="&$C$2,'KEG. PENGAJIAN HARIAN'!$B$2:$B968,"<="&$E$2,'KEG. PENGAJIAN HARIAN'!$G$2:$G968,"izin (murid)") -> 0
A23: 19 | B23: Khayri-CH | C23: Chicago | D23: PraCBR-CBR | E23: =sumifs('KEG. PENGAJIAN HARIAN'!$D$2:$D968,'KEG. PENGAJIAN HARIAN'!$B$2:$B968,">="&$C$2,'KEG. PENGAJIAN HARIAN'!$B$2:$B968,"<="&$E$2,'KEG. PENGAJIAN HARIAN'!$F$2:$F968,B23) -> 0.34166667 | F23: 0.5 | G23: =IFERROR(E23/F23,0) -> 0.68333333 | H23: =COUNTIFS('KEG. PENGAJIAN HARIAN'!$F$2:$F968,B23,'KEG. PENGAJIAN HARIAN'!$B$2:$B968,">="&$C$2,'KEG. PENGAJIAN HARIAN'!$B$2:$B968,"<="&$E$2,'KEG. PENGAJIAN HARIAN'!$G$2:$G968,"hadir") -> 13 | I23: =COUNTIFS('KEG. PENGAJIAN HARIAN'!$F$2:$F968,B23,'KEG. PENGAJIAN HARIAN'!$B$2:$B968,">="&$C$2,'KEG. PENGAJIAN HARIAN'!$B$2:$B968,"<="&$E$2,'KEG. PENGAJIAN HARIAN'!$G$2:$G968,"By VN") -> 1 | J23: =COUNTIFS('KEG. PENGAJIAN HARIAN'!$F$2:$F968,B23,'KEG. PENGAJIAN HARIAN'!$B$2:$B968,">="&$C$2,'KEG. PENGAJIAN HARIAN'!$B$2:$B968,"<="&$E$2,'KEG. PENGAJIAN HARIAN'!$G$2:$G968,"izin (murid)") -> 2
A24: 20 | B24: Khadijah-RLG | C24: Chicago | D24: PraCBR-CBR | E24: =sumifs('KEG. PENGAJIAN HARIAN'!$D$2:$D968,'KEG. PENGAJIAN HARIAN'!$B$2:$B968,">="&$C$2,'KEG. PENGAJIAN HARIAN'!$B$2:$B968,"<="&$E$2,'KEG. PENGAJIAN HARIAN'!$F$2:$F968,B24) -> 0.57083333 | F24: 0.5 | G24: =IFERROR(E24/F24,0) -> 1.1416667 | H24: =COUNTIFS('KEG. PENGAJIAN HARIAN'!$F$2:$F968,B24,'KEG. PENGAJIAN HARIAN'!$B$2:$B968,">="&$C$2,'KEG. PENGAJIAN HARIAN'!$B$2:$B968,"<="&$E$2,'KEG. PENGAJIAN HARIAN'!$G$2:$G968,"hadir") -> 13 | I24: =COUNTIFS('KEG. PENGAJIAN HARIAN'!$F$2:$F968,B24,'KEG. PENGAJIAN HARIAN'!$B$2:$B968,">="&$C$2,'KEG. PENGAJIAN HARIAN'!$B$2:$B968,"<="&$E$2,'KEG. PENGAJIAN HARIAN'!$G$2:$G968,"By VN") -> 0 | J24: =COUNTIFS('KEG. PENGAJIAN HARIAN'!$F$2:$F968,B24,'KEG. PENGAJIAN HARIAN'!$B$2:$B968,">="&$C$2,'KEG. PENGAJIAN HARIAN'!$B$2:$B968,"<="&$E$2,'KEG. PENGAJIAN HARIAN'!$G$2:$G968,"izin (murid)") -> 1
A25: 21 | B25: Kirana-CH | C25: Chicago | D25: PraCBR-CBR | E25: =sumifs('KEG. PENGAJIAN HARIAN'!$D$2:$D968,'KEG. PENGAJIAN HARIAN'!$B$2:$B968,">="&$C$2,'KEG. PENGAJIAN HARIAN'!$B$2:$B968,"<="&$E$2,'KEG. PENGAJIAN HARIAN'!$F$2:$F968,B25) -> 0.23263889 | F25: 0.5 | G25: =IFERROR(E25/F25,0) -> 0.46527778 | H25: =COUNTIFS('KEG. PENGAJIAN HARIAN'!$F$2:$F968,B25,'KEG. PENGAJIAN HARIAN'!$B$2:$B968,">="&$C$2,'KEG. PENGAJIAN HARIAN'!$B$2:$B968,"<="&$E$2,'KEG. PENGAJIAN HARIAN'!$G$2:$G968,"hadir") -> 11 | I25: =COUNTIFS('KEG. PENGAJIAN HARIAN'!$F$2:$F968,B25,'KEG. PENGAJIAN HARIAN'!$B$2:$B968,">="&$C$2,'KEG. PENGAJIAN HARIAN'!$B$2:$B968,"<="&$E$2,'KEG. PENGAJIAN HARIAN'!$G$2:$G968,"By VN") -> 0 | J25: =COUNTIFS('KEG. PENGAJIAN HARIAN'!$F$2:$F968,B25,'KEG. PENGAJIAN HARIAN'!$B$2:$B968,">="&$C$2,'KEG. PENGAJIAN HARIAN'!$B$2:$B968,"<="&$E$2,'KEG. PENGAJIAN HARIAN'!$G$2:$G968,"izin (murid)") -> 1
A26: 22 | B26: Liv-CH | C26: Chicago | D26: PraCBR-CBR | E26: =sumifs('KEG. PENGAJIAN HARIAN'!$D$2:$D968,'KEG. PENGAJIAN HARIAN'!$B$2:$B968,">="&$C$2,'KEG. PENGAJIAN HARIAN'!$B$2:$B968,"<="&$E$2,'KEG. PENGAJIAN HARIAN'!$F$2:$F968,B26) -> 0.025694444 | F26: 0.5 | G26: =IFERROR(E26/F26,0) -> 0.051388889 | H26: =COUNTIFS('KEG. PENGAJIAN HARIAN'!$F$2:$F968,B26,'KEG. PENGAJIAN HARIAN'!$B$2:$B968,">="&$C$2,'KEG. PENGAJIAN HARIAN'!$B$2:$B968,"<="&$E$2,'KEG. PENGAJIAN HARIAN'!$G$2:$G968,"hadir") -> 1 | I26: =COUNTIFS('KEG. PENGAJIAN HARIAN'!$F$2:$F968,B26,'KEG. PENGAJIAN HARIAN'!$B$2:$B968,">="&$C$2,'KEG. PENGAJIAN HARIAN'!$B$2:$B968,"<="&$E$2,'KEG. PENGAJIAN HARIAN'!$G$2:$G968,"By VN") -> 0 | J26: =COUNTIFS('KEG. PENGAJIAN HARIAN'!$F$2:$F968,B26,'KEG. PENGAJIAN HARIAN'!$B$2:$B968,">="&$C$2,'KEG. PENGAJIAN HARIAN'!$B$2:$B968,"<="&$E$2,'KEG. PENGAJIAN HARIAN'!$G$2:$G968,"izin (murid)") -> 2
A27: 23 | B27: Mikail-CH | C27: Chicago | D27: PraCBR-CBR | E27: =sumifs('KEG. PENGAJIAN HARIAN'!$D$2:$D968,'KEG. PENGAJIAN HARIAN'!$B$2:$B968,">="&$C$2,'KEG. PENGAJIAN HARIAN'!$B$2:$B968,"<="&$E$2,'KEG. PENGAJIAN HARIAN'!$F$2:$F968,B27) -> 0.25138889 | F27: 0.5 | G27: =IFERROR(E27/F27,0) -> 0.50277778 | H27: =COUNTIFS('KEG. PENGAJIAN HARIAN'!$F$2:$F968,B27,'KEG. PENGAJIAN HARIAN'!$B$2:$B968,">="&$C$2,'KEG. PENGAJIAN HARIAN'!$B$2:$B968,"<="&$E$2,'KEG. PENGAJIAN HARIAN'!$G$2:$G968,"hadir") -> 11 | I27: =COUNTIFS('KEG. PENGAJIAN HARIAN'!$F$2:$F968,B27,'KEG. PENGAJIAN HARIAN'!$B$2:$B968,">="&$C$2,'KEG. PENGAJIAN HARIAN'!$B$2:$B968,"<="&$E$2,'KEG. PENGAJIAN HARIAN'!$G$2:$G968,"By VN") -> 0 | J27: =COUNTIFS('KEG. PENGAJIAN HARIAN'!$F$2:$F968,B27,'KEG. PENGAJIAN HARIAN'!$B$2:$B968,">="&$C$2,'KEG. PENGAJIAN HARIAN'!$B$2:$B968,"<="&$E$2,'KEG. PENGAJIAN HARIAN'!$G$2:$G968,"izin (murid)") -> 0
A28: 24 | B28: Nadeen-CH | C28: Chicago | D28: PraCBR-CBR | E28: =sumifs('KEG. PENGAJIAN HARIAN'!$D$2:$D968,'KEG. PENGAJIAN HARIAN'!$B$2:$B968,">="&$C$2,'KEG. PENGAJIAN HARIAN'!$B$2:$B968,"<="&$E$2,'KEG. PENGAJIAN HARIAN'!$F$2:$F968,B28) -> 0.475 | F28: 0.5 | G28: =IFERROR(E28/F28,0) -> 0.95 | H28: =COUNTIFS('KEG. PENGAJIAN HARIAN'!$F$2:$F968,B28,'KEG. PENGAJIAN HARIAN'!$B$2:$B968,">="&$C$2,'KEG. PENGAJIAN HARIAN'!$B$2:$B968,"<="&$E$2,'KEG. PENGAJIAN HARIAN'!$G$2:$G968,"hadir") -> 11 | I28: =COUNTIFS('KEG. PENGAJIAN HARIAN'!$F$2:$F968,B28,'KEG. PENGAJIAN HARIAN'!$B$2:$B968,">="&$C$2,'KEG. PENGAJIAN HARIAN'!$B$2:$B968,"<="&$E$2,'KEG. PENGAJIAN HARIAN'!$G$2:$G968,"By VN") -> 0 | J28: =COUNTIFS('KEG. PENGAJIAN HARIAN'!$F$2:$F968,B28,'KEG. PENGAJIAN HARIAN'!$B$2:$B968,">="&$C$2,'KEG. PENGAJIAN HARIAN'!$B$2:$B968,"<="&$E$2,'KEG. PENGAJIAN HARIAN'!$G$2:$G968,"izin (murid)") -> 0
A29: 25 | B29: Qalesya-ATL | C29: Chicago | D29: PraRMJ-RMJ | E29: =sumifs('KEG. PENGAJIAN HARIAN'!$D$2:$D968,'KEG. PENGAJIAN HARIAN'!$B$2:$B968,">="&$C$2,'KEG. PENGAJIAN HARIAN'!$B$2:$B968,"<="&$E$2,'KEG. PENGAJIAN HARIAN'!$F$2:$F968,B29) -> 0.19305556 | F29: 0.5 | G29: =IFERROR(E29/F29,0) -> 0.38611111 | H29: =COUNTIFS('KEG. PENGAJIAN HARIAN'!$F$2:$F968,B29,'KEG. PENGAJIAN HARIAN'!$B$2:$B968,">="&$C$2,'KEG. PENGAJIAN HARIAN'!$B$2:$B968,"<="&$E$2,'KEG. PENGAJIAN HARIAN'!$G$2:$G968,"hadir") -> 3 | I29: =COUNTIFS('KEG. PENGAJIAN HARIAN'!$F$2:$F968,B29,'KEG. PENGAJIAN HARIAN'!$B$2:$B968,">="&$C$2,'KEG. PENGAJIAN HARIAN'!$B$2:$B968,"<="&$E$2,'KEG. PENGAJIAN HARIAN'!$G$2:$G968,"By VN") -> 0 | J29: =COUNTIFS('KEG. PENGAJIAN HARIAN'!$F$2:$F968,B29,'KEG. PENGAJIAN HARIAN'!$B$2:$B968,">="&$C$2,'KEG. PENGAJIAN HARIAN'!$B$2:$B968,"<="&$E$2,'KEG. PENGAJIAN HARIAN'!$G$2:$G968,"izin (murid)") -> 0
A30: 26 | B30: Rambo-CH | C30: Chicago | D30: PraCBR-CBR | E30: =sumifs('KEG. PENGAJIAN HARIAN'!$D$2:$D968,'KEG. PENGAJIAN HARIAN'!$B$2:$B968,">="&$C$2,'KEG. PENGAJIAN HARIAN'!$B$2:$B968,"<="&$E$2,'KEG. PENGAJIAN HARIAN'!$F$2:$F968,B30) -> 0.46736111 | F30: 0.5 | G30: =IFERROR(E30/F30,0) -> 0.93472222 | H30: =COUNTIFS('KEG. PENGAJIAN HARIAN'!$F$2:$F968,B30,'KEG. PENGAJIAN HARIAN'!$B$2:$B968,">="&$C$2,'KEG. PENGAJIAN HARIAN'!$B$2:$B968,"<="&$E$2,'KEG. PENGAJIAN HARIAN'!$G$2:$G968,"hadir") -> 14 | I30: =COUNTIFS('KEG. PENGAJIAN HARIAN'!$F$2:$F968,B30,'KEG. PENGAJIAN HARIAN'!$B$2:$B968,">="&$C$2,'KEG. PENGAJIAN HARIAN'!$B$2:$B968,"<="&$E$2,'KEG. PENGAJIAN HARIAN'!$G$2:$G968,"By VN") -> 1 | J30: =COUNTIFS('KEG. PENGAJIAN HARIAN'!$F$2:$F968,B30,'KEG. PENGAJIAN HARIAN'!$B$2:$B968,">="&$C$2,'KEG. PENGAJIAN HARIAN'!$B$2:$B968,"<="&$E$2,'KEG. PENGAJIAN HARIAN'!$G$2:$G968,"izin (murid)") -> 2
A31: 27 | B31: Tami-BFL | C31: Chicago | D31: PraNikah | E31: =sumifs('KEG. PENGAJIAN HARIAN'!$D$2:$D968,'KEG. PENGAJIAN HARIAN'!$B$2:$B968,">="&$C$2,'KEG. PENGAJIAN HARIAN'!$B$2:$B968,"<="&$E$2,'KEG. PENGAJIAN HARIAN'!$F$2:$F968,B31) -> 0.24652778 | F31: 0.5 | G31: =IFERROR(E31/F31,0) -> 0.49305556 | H31: =COUNTIFS('KEG. PENGAJIAN HARIAN'!$F$2:$F968,B31,'KEG. PENGAJIAN HARIAN'!$B$2:$B968,">="&$C$2,'KEG. PENGAJIAN HARIAN'!$B$2:$B968,"<="&$E$2,'KEG. PENGAJIAN HARIAN'!$G$2:$G968,"hadir") -> 4 | I31: =COUNTIFS('KEG. PENGAJIAN HARIAN'!$F$2:$F968,B31,'KEG. PENGAJIAN HARIAN'!$B$2:$B968,">="&$C$2,'KEG. PENGAJIAN HARIAN'!$B$2:$B968,"<="&$E$2,'KEG. PENGAJIAN HARIAN'!$G$2:$G968,"By VN") -> 0 | J31: =COUNTIFS('KEG. PENGAJIAN HARIAN'!$F$2:$F968,B31,'KEG. PENGAJIAN HARIAN'!$B$2:$B968,">="&$C$2,'KEG. PENGAJIAN HARIAN'!$B$2:$B968,"<="&$E$2,'KEG. PENGAJIAN HARIAN'!$G$2:$G968,"izin (murid)") -> 1
A32: 28 | B32: Zahra-RLG | C32: New Hampshire | D32: PraNikah | E32: =sumifs('KEG. PENGAJIAN HARIAN'!$D$2:$D968,'KEG. PENGAJIAN HARIAN'!$B$2:$B968,">="&$C$2,'KEG. PENGAJIAN HARIAN'!$B$2:$B968,"<="&$E$2,'KEG. PENGAJIAN HARIAN'!$F$2:$F968,B32) -> 0.31666667 | F32: 0.5 | G32: =IFERROR(E32/F32,0) -> 0.63333333 | H32: =COUNTIFS('KEG. PENGAJIAN HARIAN'!$F$2:$F968,B32,'KEG. PENGAJIAN HARIAN'!$B$2:$B968,">="&$C$2,'KEG. PENGAJIAN HARIAN'!$B$2:$B968,"<="&$E$2,'KEG. PENGAJIAN HARIAN'!$G$2:$G968,"hadir") -> 7 | I32: =COUNTIFS('KEG. PENGAJIAN HARIAN'!$F$2:$F968,B32,'KEG. PENGAJIAN HARIAN'!$B$2:$B968,">="&$C$2,'KEG. PENGAJIAN HARIAN'!$B$2:$B968,"<="&$E$2,'KEG. PENGAJIAN HARIAN'!$G$2:$G968,"By VN") -> 0 | J32: =COUNTIFS('KEG. PENGAJIAN HARIAN'!$F$2:$F968,B32,'KEG. PENGAJIAN HARIAN'!$B$2:$B968,">="&$C$2,'KEG. PENGAJIAN HARIAN'!$B$2:$B968,"<="&$E$2,'KEG. PENGAJIAN HARIAN'!$G$2:$G968,"izin (murid)") -> 0
E33: =SUM(E5:E32) -> 8.1472222 | F33: =SUM(F5:F32) -> 14
E34: =E33/F33 -> 0.58194444
C36: Chicago | D36: =COUNTIF($C$5:$C$32,C36) -> 14 | I36: %per Kelompok
C37: New Hampshire | D37: =COUNTIF($C$5:$C$32,C37) -> 9 | E37: Chicago | F37: =SUMIF($C$5:$C$32,E37,$F$5:$F$32) -> 7 | G37: Chicago | H37: =SUMIF($C$5:$C$32,G37,$E$5:$E$32) -> 4.1666667 | I37: =H37/F37 -> 0.5952381
C38: California | D38: =COUNTIF($C$5:$C$32,C38) -> 3 | E38: New Hampshire | F38: =SUMIF($C$5:$C$32,E38,$F$5:$F$32) -> 4.5 | G38: New Hampshire | H38: =SUMIF(C7:C34,G38,E7:E34) -> 2.5763889 | I38: =H38/F38 -> 0.57253086
C39: Canada | D39: =COUNTIF($C$5:$C$32,C39) -> 2 | E39: California | F39: =SUMIF($C$5:$C$32,E39,$F$5:$F$32) -> 1.5 | G39: California | H39: =SUMIF(C8:C35,G39,E8:E35) -> 0.57222222 | I39: =H39/F39 -> 0.38148148
C40: Total | D40: =sum(D36:D39) -> 28 | E40: Canada | F40: =SUMIF($C$5:$C$32,E40,$F$5:$F$32) -> 1 | G40: Canada | H40: =SUMIF(C9:C36,G40,E9:E36) -> 0.55208333 | I40: =H40/F40 -> 0.55208333

Sheet Februari
A1: REKAPITULASI KEHADIRAN MURID PENGAJIAN PPG AMERICA
B2: Mulai : | C2: 45689 | D2: Hingga : | E2: 45716
A4: NO. | B4: NAMA MURID | C4: KELOMPOK | D4: Jenjang Usia | E4: DURASI MENGAJI | F4: TARGET DURASI | G4: % DURASI | H4: HADIR | I4: BY VN | J4: IZIN (MURID)
A5: 1 | B5: Abell-NH | C5: New Hampshire | D5: PraCBR-CBR | E5: =sumifs('KEG. PENGAJIAN HARIAN'!$D$2:$D968,'KEG. PENGAJIAN HARIAN'!$B$2:$B968,">="&$C$2,'KEG. PENGAJIAN HARIAN'!$B$2:$B968,"<="&$E$2,'KEG. PENGAJIAN HARIAN'!$F$2:$F968,B5) -> 0.40972222 | F5: 0.5 | G5: =IFERROR(E5/F5,0) -> 0.81944444 | H5: =COUNTIFS('KEG. PENGAJIAN HARIAN'!$F$2:$F968,B5,'KEG. PENGAJIAN HARIAN'!$B$2:$B968,">="&$C$2,'KEG. PENGAJIAN HARIAN'!$B$2:$B968,"<="&$E$2,'KEG. PENGAJIAN HARIAN'!$G$2:$G968,"hadir") -> 6 | I5: =COUNTIFS('KEG. PENGAJIAN HARIAN'!$F$2:$F968,B5,'KEG. PENGAJIAN HARIAN'!$B$2:$B968,">="&$C$2,'KEG. PENGAJIAN HARIAN'!$B$2:$B968,"<="&$E$2,'KEG. PENGAJIAN HARIAN'!$G$2:$G968,"By VN") -> 0 | J5: =COUNTIFS('KEG. PENGAJIAN HARIAN'!$F$2:$F968,B5,'KEG. PENGAJIAN HARIAN'!$B$2:$B968,">="&$C$2,'KEG. PENGAJIAN HARIAN'!$B$2:$B968,"<="&$E$2,'KEG. PENGAJIAN HARIAN'!$G$2:$G968,"izin (murid)") -> 0
A6: 2 | B6: Abi-BFL | C6: Chicago | D6: PraNikah | E6: =sumifs('KEG. PENGAJIAN HARIAN'!$D$2:$D968,'KEG. PENGAJIAN HARIAN'!$B$2:$B968,">="&$C$2,'KEG. PENGAJIAN HARIAN'!$B$2:$B968,"<="&$E$2,'KEG. PENGAJIAN HARIAN'!$F$2:$F968,B6) -> 0.30902778 | F6: 0.5 | G6: =IFERROR(E6/F6,0) -> 0.61805556 | H6: =COUNTIFS('KEG. PENGAJIAN HARIAN'!$F$2:$F968,B6,'KEG. PENGAJIAN HARIAN'!$B$2:$B968,">="&$C$2,'KEG. PENGAJIAN HARIAN'!$B$2:$B968,"<="&$E$2,'KEG. PENGAJIAN HARIAN'!$G$2:$G968,"hadir") -> 7 | I6: =COUNTIFS('KEG. PENGAJIAN HARIAN'!$F$2:$F968,B6,'KEG. PENGAJIAN HARIAN'!$B$2:$B968,">="&$C$2,'KEG. PENGAJIAN HARIAN'!$B$2:$B968,"<="&$E$2,'KEG. PENGAJIAN HARIAN'!$G$2:$G968,"By VN") -> 0 | J6: =COUNTIFS('KEG. PENGAJIAN HARIAN'!$F$2:$F968,B6,'KEG. PENGAJIAN HARIAN'!$B$2:$B968,">="&$C$2,'KEG. PENGAJIAN HARIAN'!$B$2:$B968,"<="&$E$2,'KEG. PENGAJIAN HARIAN'!$G$2:$G968,"izin (murid)") -> 0
A7: 3 | B7: Cheryl-NH | C7: New Hampshire | D7: PraCBR-CBR | E7: =sumifs('KEG. PENGAJIAN HARIAN'!$D$2:$D968,'KEG. PENGAJIAN HARIAN'!$B$2:$B968,">="&$C$2,'KEG. PENGAJIAN HARIAN'!$B$2:$B968,"<="&$E$2,'KEG. PENGAJIAN HARIAN'!$F$2:$F968,B7) -> 0.17083333 | F7: 0.5 | G7: =IFERROR(E7/F7,0) -> 0.34166667 | H7: =COUNTIFS('KEG. PENGAJIAN HARIAN'!$F$2:$F968,B7,'KEG. PENGAJIAN HARIAN'!$B$2:$B968,">="&$C$2,'KEG. PENGAJIAN HARIAN'!$B$2:$B968,"<="&$E$2,'KEG. PENGAJIAN HARIAN'!$G$2:$G968,"hadir") -> 5 | I7: =COUNTIFS('KEG. PENGAJIAN HARIAN'!$F$2:$F968,B7,'KEG. PENGAJIAN HARIAN'!$B$2:$B968,">="&$C$2,'KEG. PENGAJIAN HARIAN'!$B$2:$B968,"<="&$E$2,'KEG. PENGAJIAN HARIAN'!$G$2:$G968,"By VN") -> 0 | J7: =COUNTIFS('KEG. PENGAJIAN HARIAN'!$F$2:$F968,B7,'KEG. PENGAJIAN HARIAN'!$B$2:$B968,">="&$C$2,'KEG. PENGAJIAN HARIAN'!$B$2:$B968,"<="&$E$2,'KEG. PENGAJIAN HARIAN'!$G$2:$G968,"izin (murid)") -> 1 | K7: PraCBR-CBR | L7: =countif(D5:D32,"PraCBR-CBR") -> 16
A8: 4 | B8: Chester-PD | C8: New Hampshire | D8: PraCBR-CBR | E8: =sumifs('KEG. PENGAJIAN HARIAN'!$D$2:$D968,'KEG. PENGAJIAN HARIAN'!$B$2:$B968,">="&$C$2,'KEG. PENGAJIAN HARIAN'!$B$2:$B968,"<="&$E$2,'KEG. PENGAJIAN HARIAN'!$F$2:$F968,B8) -> 0.29583333 | F8: 0.5 | G8: =IFERROR(E8/F8,0) -> 0.59166667 | H8: =COUNTIFS('KEG. PENGAJIAN HARIAN'!$F$2:$F968,B8,'KEG. PENGAJIAN HARIAN'!$B$2:$B968,">="&$C$2,'KEG. PENGAJIAN HARIAN'!$B$2:$B968,"<="&$E$2,'KEG. PENGAJIAN HARIAN'!$G$2:$G968,"hadir") -> 9 | I8: =COUNTIFS('KEG. PENGAJIAN HARIAN'!$F$2:$F968,B8,'KEG. PENGAJIAN HARIAN'!$B$2:$B968,">="&$C$2,'KEG. PENGAJIAN HARIAN'!$B$2:$B968,"<="&$E$2,'KEG. PENGAJIAN HARIAN'!$G$2:$G968,"By VN") -> 0 | J8: =COUNTIFS('KEG. PENGAJIAN HARIAN'!$F$2:$F968,B8,'KEG. PENGAJIAN HARIAN'!$B$2:$B968,">="&$C$2,'KEG. PENGAJIAN HARIAN'!$B$2:$B968,"<="&$E$2,'KEG. PENGAJIAN HARIAN'!$G$2:$G968,"izin (murid)") -> 2 | K8: PraRMJ-RMJ | L8: =countif(D5:D32,"PraRMJ-RMJ") -> 6
A9: 5 | B9: Dawud-RLG | C9: New Hampshire | D9: PraCBR-CBR | E9: =sumifs('KEG. PENGAJIAN HARIAN'!$D$2:$D968,'KEG. PENGAJIAN HARIAN'!$B$2:$B968,">="&$C$2,'KEG. PENGAJIAN HARIAN'!$B$2:$B968,"<="&$E$2,'KEG. PENGAJIAN HARIAN'!$F$2:$F968,B9) -> 0.39027778 | F9: 0.5 | G9: =IFERROR(E9/F9,0) -> 0.78055556 | H9: =COUNTIFS('KEG. PENGAJIAN HARIAN'!$F$2:$F968,B9,'KEG. PENGAJIAN HARIAN'!$B$2:$B968,">="&$C$2,'KEG. PENGAJIAN HARIAN'!$B$2:$B968,"<="&$E$2,'KEG. PENGAJIAN HARIAN'!$G$2:$G968,"hadir") -> 10 | I9: =COUNTIFS('KEG. PENGAJIAN HARIAN'!$F$2:$F968,B9,'KEG. PENGAJIAN HARIAN'!$B$2:$B968,">="&$C$2,'KEG. PENGAJIAN HARIAN'!$B$2:$B968,"<="&$E$2,'KEG. PENGAJIAN HARIAN'!$G$2:$G968,"By VN") -> 0 | J9: =COUNTIFS('KEG. PENGAJIAN HARIAN'!$F$2:$F968,B9,'KEG. PENGAJIAN HARIAN'!$B$2:$B968,">="&$C$2,'KEG. PENGAJIAN HARIAN'!$B$2:$B968,"<="&$E$2,'KEG. PENGAJIAN HARIAN'!$G$2:$G968,"izin (murid)") -> 2 | K9: PraNikah | L9: =countif(D5:D32,"PraNikah") -> 6
A10: 6 | B10: Dehan-CND | C10: Canada | D10: PraRMJ-RMJ | E10: =sumifs('KEG. PENGAJIAN HARIAN'!$D$2:$D968,'KEG. PENGAJIAN HARIAN'!$B$2:$B968,">="&$C$2,'KEG. PENGAJIAN HARIAN'!$B$2:$B968,"<="&$E$2,'KEG. PENGAJIAN HARIAN'!$F$2:$F968,B10) -> 0.28541667 | F10: 0.5 | G10: =IFERROR(E10/F10,0) -> 0.57083333 | H10: =COUNTIFS('KEG. PENGAJIAN HARIAN'!$F$2:$F968,B10,'KEG. PENGAJIAN HARIAN'!$B$2:$B968,">="&$C$2,'KEG. PENGAJIAN HARIAN'!$B$2:$B968,"<="&$E$2,'KEG. PENGAJIAN HARIAN'!$G$2:$G968,"hadir") -> 7 | I10: =COUNTIFS('KEG. PENGAJIAN HARIAN'!$F$2:$F968,B10,'KEG. PENGAJIAN HARIAN'!$B$2:$B968,">="&$C$2,'KEG. PENGAJIAN HARIAN'!$B$2:$B968,"<="&$E$2,'KEG. PENGAJIAN HARIAN'!$G$2:$G968,"By VN") -> 0 | J10: =COUNTIFS('KEG. PENGAJIAN HARIAN'!$F$2:$F968,B10,'KEG. PENGAJIAN HARIAN'!$B$2:$B968,">="&$C$2,'KEG. PENGAJIAN HARIAN'!$B$2:$B968,"<="&$E$2,'KEG. PENGAJIAN HARIAN'!$G$2:$G968,"izin (murid)") -> 0 | L10: =sum(L7:L9) -> 28
A11: 7 | B11: Denissa-RLG | C11: New Hampshire | D11: PraRMJ-RMJ | E11: =sumifs('KEG. PENGAJIAN HARIAN'!$D$2:$D968,'KEG. PENGAJIAN HARIAN'!$B$2:$B968,">="&$C$2,'KEG. PENGAJIAN HARIAN'!$B$2:$B968,"<="&$E$2,'KEG. PENGAJIAN HARIAN'!$F$2:$F968,B11) -> 0.10763889 | F11: 0.5 | G11: =IFERROR(E11/F11,0) -> 0.21527778 | H11: =COUNTIFS('KEG. PENGAJIAN HARIAN'!$F$2:$F968,B11,'KEG. PENGAJIAN HARIAN'!$B$2:$B968,">="&$C$2,'KEG. PENGAJIAN HARIAN'!$B$2:$B968,"<="&$E$2,'KEG. PENGAJIAN HARIAN'!$G$2:$G968,"hadir") -> 1 | I11: =COUNTIFS('KEG. PENGAJIAN HARIAN'!$F$2:$F968,B11,'KEG. PENGAJIAN HARIAN'!$B$2:$B968,">="&$C$2,'KEG. PENGAJIAN HARIAN'!$B$2:$B968,"<="&$E$2,'KEG. PENGAJIAN HARIAN'!$G$2:$G968,"By VN") -> 2 | J11: =COUNTIFS('KEG. PENGAJIAN HARIAN'!$F$2:$F968,B11,'KEG. PENGAJIAN HARIAN'!$B$2:$B968,">="&$C$2,'KEG. PENGAJIAN HARIAN'!$B$2:$B968,"<="&$E$2,'KEG. PENGAJIAN HARIAN'!$G$2:$G968,"izin (murid)") -> 0
A12: 8 | B12: Dinda-RLG | C12: New Hampshire | D12: PraCBR-CBR | E12: =sumifs('KEG. PENGAJIAN HARIAN'!$D$2:$D968,'KEG. PENGAJIAN HARIAN'!$B$2:$B968,">="&$C$2,'KEG. PENGAJIAN HARIAN'!$B$2:$B968,"<="&$E$2,'KEG. PENGAJIAN HARIAN'!$F$2:$F968,B12) -> 0.20208333 | F12: 0.5 | G12: =IFERROR(E12/F12,0) -> 0.40416667 | H12: =COUNTIFS('KEG. PENGAJIAN HARIAN'!$F$2:$F968,B12,'KEG. PENGAJIAN HARIAN'!$B$2:$B968,">="&$C$2,'KEG. PENGAJIAN HARIAN'!$B$2:$B968,"<="&$E$2,'KEG. PENGAJIAN HARIAN'!$G$2:$G968,"hadir") -> 5 | I12: =COUNTIFS('KEG. PENGAJIAN HARIAN'!$F$2:$F968,B12,'KEG. PENGAJIAN HARIAN'!$B$2:$B968,">="&$C$2,'KEG. PENGAJIAN HARIAN'!$B$2:$B968,"<="&$E$2,'KEG. PENGAJIAN HARIAN'!$G$2:$G968,"By VN") -> 0 | J12: =COUNTIFS('KEG. PENGAJIAN HARIAN'!$F$2:$F968,B12,'KEG. PENGAJIAN HARIAN'!$B$2:$B968,">="&$C$2,'KEG. PENGAJIAN HARIAN'!$B$2:$B968,"<="&$E$2,'KEG. PENGAJIAN HARIAN'!$G$2:$G968,"izin (murid)") -> 0 | K12: Durasi Tertinggi
A13: 9 | B13: Dwiki-RLG | C13: New Hampshire | D13: PraNikah | E13: =sumifs('KEG. PENGAJIAN HARIAN'!$D$2:$D968,'KEG. PENGAJIAN HARIAN'!$B$2:$B968,">="&$C$2,'KEG. PENGAJIAN HARIAN'!$B$2:$B968,"<="&$E$2,'KEG. PENGAJIAN HARIAN'!$F$2:$F968,B13) -> 0.077083333 | F13: 0.5 | G13: =IFERROR(E13/F13,0) -> 0.15416667 | H13: =COUNTIFS('KEG. PENGAJIAN HARIAN'!$F$2:$F968,B13,'KEG. PENGAJIAN HARIAN'!$B$2:$B968,">="&$C$2,'KEG. PENGAJIAN HARIAN'!$B$2:$B968,"<="&$E$2,'KEG. PENGAJIAN HARIAN'!$G$2:$G968,"hadir") -> 2 | I13: =COUNTIFS('KEG. PENGAJIAN HARIAN'!$F$2:$F968,B13,'KEG. PENGAJIAN HARIAN'!$B$2:$B968,">="&$C$2,'KEG. PENGAJIAN HARIAN'!$B$2:$B968,"<="&$E$2,'KEG. PENGAJIAN HARIAN'!$G$2:$G968,"By VN") -> 0 | J13: =COUNTIFS('KEG. PENGAJIAN HARIAN'!$F$2:$F968,B13,'KEG. PENGAJIAN HARIAN'!$B$2:$B968,">="&$C$2,'KEG. PENGAJIAN HARIAN'!$B$2:$B968,"<="&$E$2,'KEG. PENGAJIAN HARIAN'!$G$2:$G968,"izin (murid)") -> 0 | K13: Pra CBR-CBR | L13: =IFERROR(__xludf.DUMMYFUNCTION("INDEX(FILTER($B$5:$B$32, $D$5:$D$32=""PraCBR-CBR""), MATCH(MAX(FILTER($G$5:$G$32, $D$5:$D$32=""PraCBR-CBR"")), FILTER($G$5:$G$32, $D$5:$D$32=""PraCBR-CBR""), 0)) "),"Hafiz-PTM") -> Hafiz-PTM | M13: 1.0569444
A14: 10 | B14: Dylan-CA | C14: California | D14: PraRMJ-RMJ | E14: =sumifs('KEG. PENGAJIAN HARIAN'!$D$2:$D968,'KEG. PENGAJIAN HARIAN'!$B$2:$B968,">="&$C$2,'KEG. PENGAJIAN HARIAN'!$B$2:$B968,"<="&$E$2,'KEG. PENGAJIAN HARIAN'!$F$2:$F968,B14) -> 0.12083333 | F14: 0.5 | G14: =IFERROR(E14/F14,0) -> 0.24166667 | H14: =COUNTIFS('KEG. PENGAJIAN HARIAN'!$F$2:$F968,B14,'KEG. PENGAJIAN HARIAN'!$B$2:$B968,">="&$C$2,'KEG. PENGAJIAN HARIAN'!$B$2:$B968,"<="&$E$2,'KEG. PENGAJIAN HARIAN'!$G$2:$G968,"hadir") -> 5 | I14: =COUNTIFS('KEG. PENGAJIAN HARIAN'!$F$2:$F968,B14,'KEG. PENGAJIAN HARIAN'!$B$2:$B968,">="&$C$2,'KEG. PENGAJIAN HARIAN'!$B$2:$B968,"<="&$E$2,'KEG. PENGAJIAN HARIAN'!$G$2:$G968,"By VN") -> 0 | J14: =COUNTIFS('KEG. PENGAJIAN HARIAN'!$F$2:$F968,B14,'KEG. PENGAJIAN HARIAN'!$B$2:$B968,">="&$C$2,'KEG. PENGAJIAN HARIAN'!$B$2:$B968,"<="&$E$2,'KEG. PENGAJIAN HARIAN'!$G$2:$G968,"izin (murid)") -> 0 | K14: Pra RMJ-RMJ | L14: =IFERROR(__xludf.DUMMYFUNCTION("INDEX(FILTER($B$5:$B$32, $D$5:$D$32=""PraRMJ-RMJ""), MATCH(MAX(FILTER($G$5:$G$32, $D$5:$D$32=""PraRMJ-RMJ"")), FILTER($G$5:$G$32, $D$5:$D$32=""PraRMJ-RMJ""), 0)) "),"Fitri-CND") -> Fitri-CND | M14: 1.2125
A15: 11 | B15: Fitri-CND | C15: Canada | D15: PraRMJ-RMJ | E15: =sumifs('KEG. PENGAJIAN HARIAN'!$D$2:$D968,'KEG. PENGAJIAN HARIAN'!$B$2:$B968,">="&$C$2,'KEG. PENGAJIAN HARIAN'!$B$2:$B968,"<="&$E$2,'KEG. PENGAJIAN HARIAN'!$F$2:$F968,B15) -> 0.60625 | F15: 0.5 | G15: =IFERROR(E15/F15,0) -> 1.2125 | H15: =COUNTIFS('KEG. PENGAJIAN HARIAN'!$F$2:$F968,B15,'KEG. PENGAJIAN HARIAN'!$B$2:$B968,">="&$C$2,'KEG. PENGAJIAN HARIAN'!$B$2:$B968,"<="&$E$2,'KEG. PENGAJIAN HARIAN'!$G$2:$G968,"hadir") -> 14 | I15: =COUNTIFS('KEG. PENGAJIAN HARIAN'!$F$2:$F968,B15,'KEG. PENGAJIAN HARIAN'!$B$2:$B968,">="&$C$2,'KEG. PENGAJIAN HARIAN'!$B$2:$B968,"<="&$E$2,'KEG. PENGAJIAN HARIAN'!$G$2:$G968,"By VN") -> 0 | J15: =COUNTIFS('KEG. PENGAJIAN HARIAN'!$F$2:$F968,B15,'KEG. PENGAJIAN HARIAN'!$B$2:$B968,">="&$C$2,'KEG. PENGAJIAN HARIAN'!$B$2:$B968,"<="&$E$2,'KEG. PENGAJIAN HARIAN'!$G$2:$G968,"izin (murid)") -> 0 | K15: Pra Nikah 1-4 | L15: =IFERROR(__xludf.DUMMYFUNCTION("INDEX(FILTER($B$5:$B$32, $D$5:$D$32=""PraNikah""), MATCH(MAX(FILTER($G$5:$G$32, $D$5:$D$32=""PraNikah"")), FILTER($G$5:$G$32, $D$5:$D$32=""PraNikah""), 0)) "),"Kayla-CA") -> Kayla-CA | M15: 0.68611111
A16: 12 | B16: Gabriel-CH | C16: Chicago | D16: PraCBR-CBR | E16: =sumifs('KEG. PENGAJIAN HARIAN'!$D$2:$D968,'KEG. PENGAJIAN HARIAN'!$B$2:$B968,">="&$C$2,'KEG. PENGAJIAN HARIAN'!$B$2:$B968,"<="&$E$2,'KEG. PENGAJIAN HARIAN'!$F$2:$F968,B16) -> 0.1875 | F16: 0.5 | G16: =IFERROR(E16/F16,0) -> 0.375 | H16: =COUNTIFS('KEG. PENGAJIAN HARIAN'!$F$2:$F968,B16,'KEG. PENGAJIAN HARIAN'!$B$2:$B968,">="&$C$2,'KEG. PENGAJIAN HARIAN'!$B$2:$B968,"<="&$E$2,'KEG. PENGAJIAN HARIAN'!$G$2:$G968,"hadir") -> 9 | I16: =COUNTIFS('KEG. PENGAJIAN HARIAN'!$F$2:$F968,B16,'KEG. PENGAJIAN HARIAN'!$B$2:$B968,">="&$C$2,'KEG. PENGAJIAN HARIAN'!$B$2:$B968,"<="&$E$2,'KEG. PENGAJIAN HARIAN'!$G$2:$G968,"By VN") -> 0 | J16: =COUNTIFS('KEG. PENGAJIAN HARIAN'!$F$2:$F968,B16,'KEG. PENGAJIAN HARIAN'!$B$2:$B968,">="&$C$2,'KEG. PENGAJIAN HARIAN'!$B$2:$B968,"<="&$E$2,'KEG. PENGAJIAN HARIAN'!$G$2:$G968,"izin (murid)") -> 0
A17: 13 | B17: Grazia-IN | C17: Chicago | D17: PraCBR-CBR | E17: =sumifs('KEG. PENGAJIAN HARIAN'!$D$2:$D968,'KEG. PENGAJIAN HARIAN'!$B$2:$B968,">="&$C$2,'KEG. PENGAJIAN HARIAN'!$B$2:$B968,"<="&$E$2,'KEG. PENGAJIAN HARIAN'!$F$2:$F968,B17) -> 0.3375 | F17: 0.5 | G17: =IFERROR(E17/F17,0) -> 0.675 | H17: =COUNTIFS('KEG. PENGAJIAN HARIAN'!$F$2:$F968,B17,'KEG. PENGAJIAN HARIAN'!$B$2:$B968,">="&$C$2,'KEG. PENGAJIAN HARIAN'!$B$2:$B968,"<="&$E$2,'KEG. PENGAJIAN HARIAN'!$G$2:$G968,"hadir") -> 9 | I17: =COUNTIFS('KEG. PENGAJIAN HARIAN'!$F$2:$F968,B17,'KEG. PENGAJIAN HARIAN'!$B$2:$B968,">="&$C$2,'KEG. PENGAJIAN HARIAN'!$B$2:$B968,"<="&$E$2,'KEG. PENGAJIAN HARIAN'!$G$2:$G968,"By VN") -> 0 | J17: =COUNTIFS('KEG. PENGAJIAN HARIAN'!$F$2:$F968,B17,'KEG. PENGAJIAN HARIAN'!$B$2:$B968,">="&$C$2,'KEG. PENGAJIAN HARIAN'!$B$2:$B968,"<="&$E$2,'KEG. PENGAJIAN HARIAN'!$G$2:$G968,"izin (murid)") -> 1
A18: 14 | B18: Hafiz-PTM | C18: New Hampshire | D18: PraCBR-CBR | E18: =sumifs('KEG. PENGAJIAN HARIAN'!$D$2:$D968,'KEG. PENGAJIAN HARIAN'!$B$2:$B968,">="&$C$2,'KEG. PENGAJIAN HARIAN'!$B$2:$B968,"<="&$E$2,'KEG. PENGAJIAN HARIAN'!$F$2:$F968,B18) -> 0.52847222 | F18: 0.5 | G18: =IFERROR(E18/F18,0) -> 1.0569444 | H18: =COUNTIFS('KEG. PENGAJIAN HARIAN'!$F$2:$F968,B18,'KEG. PENGAJIAN HARIAN'!$B$2:$B968,">="&$C$2,'KEG. PENGAJIAN HARIAN'!$B$2:$B968,"<="&$E$2,'KEG. PENGAJIAN HARIAN'!$G$2:$G968,"hadir") -> 13 | I18: =COUNTIFS('KEG. PENGAJIAN HARIAN'!$F$2:$F968,B18,'KEG. PENGAJIAN HARIAN'!$B$2:$B968,">="&$C$2,'KEG. PENGAJIAN HARIAN'!$B$2:$B968,"<="&$E$2,'KEG. PENGAJIAN HARIAN'!$G$2:$G968,"By VN") -> 0 | J18: =COUNTIFS('KEG. PENGAJIAN HARIAN'!$F$2:$F968,B18,'KEG. PENGAJIAN HARIAN'!$B$2:$B968,">="&$C$2,'KEG. PENGAJIAN HARIAN'!$B$2:$B968,"<="&$E$2,'KEG. PENGAJIAN HARIAN'!$G$2:$G968,"izin (murid)") -> 1
A19: 15 | B19: Irsan-CH | C19: Chicago | D19: PraRMJ-RMJ | E19: =sumifs('KEG. PENGAJIAN HARIAN'!$D$2:$D968,'KEG. PENGAJIAN HARIAN'!$B$2:$B968,">="&$C$2,'KEG. PENGAJIAN HARIAN'!$B$2:$B968,"<="&$E$2,'KEG. PENGAJIAN HARIAN'!$F$2:$F968,B19) -> 0.35208333 | F19: 0.5 | G19: =IFERROR(E19/F19,0) -> 0.70416667 | H19: =COUNTIFS('KEG. PENGAJIAN HARIAN'!$F$2:$F968,B19,'KEG. PENGAJIAN HARIAN'!$B$2:$B968,">="&$C$2,'KEG. PENGAJIAN HARIAN'!$B$2:$B968,"<="&$E$2,'KEG. PENGAJIAN HARIAN'!$G$2:$G968,"hadir") -> 11 | I19: =COUNTIFS('KEG. PENGAJIAN HARIAN'!$F$2:$F968,B19,'KEG. PENGAJIAN HARIAN'!$B$2:$B968,">="&$C$2,'KEG. PENGAJIAN HARIAN'!$B$2:$B968,"<="&$E$2,'KEG. PENGAJIAN HARIAN'!$G$2:$G968,"By VN") -> 0 | J19: =COUNTIFS('KEG. PENGAJIAN HARIAN'!$F$2:$F968,B19,'KEG. PENGAJIAN HARIAN'!$B$2:$B968,">="&$C$2,'KEG. PENGAJIAN HARIAN'!$B$2:$B968,"<="&$E$2,'KEG. PENGAJIAN HARIAN'!$G$2:$G968,"izin (murid)") -> 0
A20: 16 | B20: Jourdan-CA | C20: California | D20: PraNikah | E20: =sumifs('KEG. PENGAJIAN HARIAN'!$D$2:$D968,'KEG. PENGAJIAN HARIAN'!$B$2:$B968,">="&$C$2,'KEG. PENGAJIAN HARIAN'!$B$2:$B968,"<="&$E$2,'KEG. PENGAJIAN HARIAN'!$F$2:$F968,B20) -> 0.052083333 | F20: 0.5 | G20: =IFERROR(E20/F20,0) -> 0.10416667 | H20: =COUNTIFS('KEG. PENGAJIAN HARIAN'!$F$2:$F968,B20,'KEG. PENGAJIAN HARIAN'!$B$2:$B968,">="&$C$2,'KEG. PENGAJIAN HARIAN'!$B$2:$B968,"<="&$E$2,'KEG. PENGAJIAN HARIAN'!$G$2:$G968,"hadir") -> 1 | I20: =COUNTIFS('KEG. PENGAJIAN HARIAN'!$F$2:$F968,B20,'KEG. PENGAJIAN HARIAN'!$B$2:$B968,">="&$C$2,'KEG. PENGAJIAN HARIAN'!$B$2:$B968,"<="&$E$2,'KEG. PENGAJIAN HARIAN'!$G$2:$G968,"By VN") -> 0 | J20: =COUNTIFS('KEG. PENGAJIAN HARIAN'!$F$2:$F968,B20,'KEG. PENGAJIAN HARIAN'!$B$2:$B968,">="&$C$2,'KEG. PENGAJIAN HARIAN'!$B$2:$B968,"<="&$E$2,'KEG. PENGAJIAN HARIAN'!$G$2:$G968,"izin (murid)") -> 0
A21: 17 | B21: Jubilee-CH | C21: Chicago | D21: PraCBR-CBR | E21: =sumifs('KEG. PENGAJIAN HARIAN'!$D$2:$D968,'KEG. PENGAJIAN HARIAN'!$B$2:$B968,">="&$C$2,'KEG. PENGAJIAN HARIAN'!$B$2:$B968,"<="&$E$2,'KEG. PENGAJIAN HARIAN'!$F$2:$F968,B21) -> 0.08125 | F21: 0.5 | G21: =IFERROR(E21/F21,0) -> 0.1625 | H21: =COUNTIFS('KEG. PENGAJIAN HARIAN'!$F$2:$F968,B21,'KEG. PENGAJIAN HARIAN'!$B$2:$B968,">="&$C$2,'KEG. PENGAJIAN HARIAN'!$B$2:$B968,"<="&$E$2,'KEG. PENGAJIAN HARIAN'!$G$2:$G968,"hadir") -> 3 | I21: =COUNTIFS('KEG. PENGAJIAN HARIAN'!$F$2:$F968,B21,'KEG. PENGAJIAN HARIAN'!$B$2:$B968,">="&$C$2,'KEG. PENGAJIAN HARIAN'!$B$2:$B968,"<="&$E$2,'KEG. PENGAJIAN HARIAN'!$G$2:$G968,"By VN") -> 0 | J21: =COUNTIFS('KEG. PENGAJIAN HARIAN'!$F$2:$F968,B21,'KEG. PENGAJIAN HARIAN'!$B$2:$B968,">="&$C$2,'KEG. PENGAJIAN HARIAN'!$B$2:$B968,"<="&$E$2,'KEG. PENGAJIAN HARIAN'!$G$2:$G968,"izin (murid)") -> 0
A22: 18 | B22: Kayla-CA | C22: California | D22: PraNikah | E22: =sumifs('KEG. PENGAJIAN HARIAN'!$D$2:$D968,'KEG. PENGAJIAN HARIAN'!$B$2:$B968,">="&$C$2,'KEG. PENGAJIAN HARIAN'!$B$2:$B968,"<="&$E$2,'KEG. PENGAJIAN HARIAN'!$F$2:$F968,B22) -> 0.34305556 | F22: 0.5 | G22: =IFERROR(E22/F22,0) -> 0.68611111 | H22: =COUNTIFS('KEG. PENGAJIAN HARIAN'!$F$2:$F968,B22,'KEG. PENGAJIAN HARIAN'!$B$2:$B968,">="&$C$2,'KEG. PENGAJIAN HARIAN'!$B$2:$B968,"<="&$E$2,'KEG. PENGAJIAN HARIAN'!$G$2:$G968,"hadir") -> 5 | I22: =COUNTIFS('KEG. PENGAJIAN HARIAN'!$F$2:$F968,B22,'KEG. PENGAJIAN HARIAN'!$B$2:$B968,">="&$C$2,'KEG. PENGAJIAN HARIAN'!$B$2:$B968,"<="&$E$2,'KEG. PENGAJIAN HARIAN'!$G$2:$G968,"By VN") -> 0 | J22: =COUNTIFS('KEG. PENGAJIAN HARIAN'!$F$2:$F968,B22,'KEG. PENGAJIAN HARIAN'!$B$2:$B968,">="&$C$2,'KEG. PENGAJIAN HARIAN'!$B$2:$B968,"<="&$E$2,'KEG. PENGAJIAN HARIAN'!$G$2:$G968,"izin (murid)") -> 0
A23: 19 | B23: Khayri-CH | C23: Chicago | D23: PraCBR-CBR | E23: =sumifs('KEG. PENGAJIAN HARIAN'!$D$2:$D968,'KEG. PENGAJIAN HARIAN'!$B$2:$B968,">="&$C$2,'KEG. PENGAJIAN HARIAN'!$B$2:$B968,"<="&$E$2,'KEG. PENGAJIAN HARIAN'!$F$2:$F968,B23) -> 0.29722222 | F23: 0.5 | G23: =IFERROR(E23/F23,0) -> 0.59444444 | H23: =COUNTIFS('KEG. PENGAJIAN HARIAN'!$F$2:$F968,B23,'KEG. PENGAJIAN HARIAN'!$B$2:$B968,">="&$C$2,'KEG. PENGAJIAN HARIAN'!$B$2:$B968,"<="&$E$2,'KEG. PENGAJIAN HARIAN'!$G$2:$G968,"hadir") -> 14 | I23: =COUNTIFS('KEG. PENGAJIAN HARIAN'!$F$2:$F968,B23,'KEG. PENGAJIAN HARIAN'!$B$2:$B968,">="&$C$2,'KEG. PENGAJIAN HARIAN'!$B$2:$B968,"<="&$E$2,'KEG. PENGAJIAN HARIAN'!$G$2:$G968,"By VN") -> 0 | J23: =COUNTIFS('KEG. PENGAJIAN HARIAN'!$F$2:$F968,B23,'KEG. PENGAJIAN HARIAN'!$B$2:$B968,">="&$C$2,'KEG. PENGAJIAN HARIAN'!$B$2:$B968,"<="&$E$2,'KEG. PENGAJIAN HARIAN'!$G$2:$G968,"izin (murid)") -> 2
A24: 20 | B24: Khadijah-RLG | C24: Chicago | D24: PraCBR-CBR | E24: =sumifs('KEG. PENGAJIAN HARIAN'!$D$2:$D968,'KEG. PENGAJIAN HARIAN'!$B$2:$B968,">="&$C$2,'KEG. PENGAJIAN HARIAN'!$B$2:$B968,"<="&$E$2,'KEG. PENGAJIAN HARIAN'!$F$2:$F968,B24) -> 0.42638889 | F24: 0.5 | G24: =IFERROR(E24/F24,0) -> 0.85277778 | H24: =COUNTIFS('KEG. PENGAJIAN HARIAN'!$F$2:$F968,B24,'KEG. PENGAJIAN HARIAN'!$B$2:$B968,">="&$C$2,'KEG. PENGAJIAN HARIAN'!$B$2:$B968,"<="&$E$2,'KEG. PENGAJIAN HARIAN'!$G$2:$G968,"hadir") -> 11 | I24: =COUNTIFS('KEG. PENGAJIAN HARIAN'!$F$2:$F968,B24,'KEG. PENGAJIAN HARIAN'!$B$2:$B968,">="&$C$2,'KEG. PENGAJIAN HARIAN'!$B$2:$B968,"<="&$E$2,'KEG. PENGAJIAN HARIAN'!$G$2:$G968,"By VN") -> 0 | J24: =COUNTIFS('KEG. PENGAJIAN HARIAN'!$F$2:$F968,B24,'KEG. PENGAJIAN HARIAN'!$B$2:$B968,">="&$C$2,'KEG. PENGAJIAN HARIAN'!$B$2:$B968,"<="&$E$2,'KEG. PENGAJIAN HARIAN'!$G$2:$G968,"izin (murid)") -> 2
A25: 21 | B25: Kirana-CH | C25: Chicago | D25: PraCBR-CBR | E25: =sumifs('KEG. PENGAJIAN HARIAN'!$D$2:$D968,'KEG. PENGAJIAN HARIAN'!$B$2:$B968,">="&$C$2,'KEG. PENGAJIAN HARIAN'!$B$2:$B968,"<="&$E$2,'KEG. PENGAJIAN HARIAN'!$F$2:$F968,B25) -> 0.24375 | F25: 0.5 | G25: =IFERROR(E25/F25,0) -> 0.4875 | H25: =COUNTIFS('KEG. PENGAJIAN HARIAN'!$F$2:$F968,B25,'KEG. PENGAJIAN HARIAN'!$B$2:$B968,">="&$C$2,'KEG. PENGAJIAN HARIAN'!$B$2:$B968,"<="&$E$2,'KEG. PENGAJIAN HARIAN'!$G$2:$G968,"hadir") -> 11 | I25: =COUNTIFS('KEG. PENGAJIAN HARIAN'!$F$2:$F968,B25,'KEG. PENGAJIAN HARIAN'!$B$2:$B968,">="&$C$2,'KEG. PENGAJIAN HARIAN'!$B$2:$B968,"<="&$E$2,'KEG. PENGAJIAN HARIAN'!$G$2:$G968,"By VN") -> 0 | J25: =COUNTIFS('KEG. PENGAJIAN HARIAN'!$F$2:$F968,B25,'KEG. PENGAJIAN HARIAN'!$B$2:$B968,">="&$C$2,'KEG. PENGAJIAN HARIAN'!$B$2:$B968,"<="&$E$2,'KEG. PENGAJIAN HARIAN'!$G$2:$G968,"izin (murid)") -> 1
A26: 22 | B26: Liv-CH | C26: Chicago | D26: PraCBR-CBR | E26: =sumifs('KEG. PENGAJIAN HARIAN'!$D$2:$D968,'KEG. PENGAJIAN HARIAN'!$B$2:$B968,">="&$C$2,'KEG. PENGAJIAN HARIAN'!$B$2:$B968,"<="&$E$2,'KEG. PENGAJIAN HARIAN'!$F$2:$F968,B26) -> 0 | F26: 0.5 | G26: =IFERROR(E26/F26,0) -> 0 | H26: =COUNTIFS('KEG. PENGAJIAN HARIAN'!$F$2:$F968,B26,'KEG. PENGAJIAN HARIAN'!$B$2:$B968,">="&$C$2,'KEG. PENGAJIAN HARIAN'!$B$2:$B968,"<="&$E$2,'KEG. PENGAJIAN HARIAN'!$G$2:$G968,"hadir") -> 0 | I26: =COUNTIFS('KEG. PENGAJIAN HARIAN'!$F$2:$F968,B26,'KEG. PENGAJIAN HARIAN'!$B$2:$B968,">="&$C$2,'KEG. PENGAJIAN HARIAN'!$B$2:$B968,"<="&$E$2,'KEG. PENGAJIAN HARIAN'!$G$2:$G968,"By VN") -> 0 | J26: =COUNTIFS('KEG. PENGAJIAN HARIAN'!$F$2:$F968,B26,'KEG. PENGAJIAN HARIAN'!$B$2:$B968,">="&$C$2,'KEG. PENGAJIAN HARIAN'!$B$2:$B968,"<="&$E$2,'KEG. PENGAJIAN HARIAN'!$G$2:$G968,"izin (murid)") -> 0
A27: 23 | B27: Mikail-CH | C27: Chicago | D27: PraCBR-CBR | E27: =sumifs('KEG. PENGAJIAN HARIAN'!$D$2:$D968,'KEG. PENGAJIAN HARIAN'!$B$2:$B968,">="&$C$2,'KEG. PENGAJIAN HARIAN'!$B$2:$B968,"<="&$E$2,'KEG. PENGAJIAN HARIAN'!$F$2:$F968,B27) -> 0.19513889 | F27: 0.5 | G27: =IFERROR(E27/F27,0) -> 0.39027778 | H27: =COUNTIFS('KEG. PENGAJIAN HARIAN'!$F$2:$F968,B27,'KEG. PENGAJIAN HARIAN'!$B$2:$B968,">="&$C$2,'KEG. PENGAJIAN HARIAN'!$B$2:$B968,"<="&$E$2,'KEG. PENGAJIAN HARIAN'!$G$2:$G968,"hadir") -> 10 | I27: =COUNTIFS('KEG. PENGAJIAN HARIAN'!$F$2:$F968,B27,'KEG. PENGAJIAN HARIAN'!$B$2:$B968,">="&$C$2,'KEG. PENGAJIAN HARIAN'!$B$2:$B968,"<="&$E$2,'KEG. PENGAJIAN HARIAN'!$G$2:$G968,"By VN") -> 0 | J27: =COUNTIFS('KEG. PENGAJIAN HARIAN'!$F$2:$F968,B27,'KEG. PENGAJIAN HARIAN'!$B$2:$B968,">="&$C$2,'KEG. PENGAJIAN HARIAN'!$B$2:$B968,"<="&$E$2,'KEG. PENGAJIAN HARIAN'!$G$2:$G968,"izin (murid)") -> 0
A28: 24 | B28: Nadeen-CH | C28: Chicago | D28: PraCBR-CBR | E28: =sumifs('KEG. PENGAJIAN HARIAN'!$D$2:$D968,'KEG. PENGAJIAN HARIAN'!$B$2:$B968,">="&$C$2,'KEG. PENGAJIAN HARIAN'!$B$2:$B968,"<="&$E$2,'KEG. PENGAJIAN HARIAN'!$F$2:$F968,B28) -> 0.43611111 | F28: 0.5 | G28: =IFERROR(E28/F28,0) -> 0.87222222 | H28: =COUNTIFS('KEG. PENGAJIAN HARIAN'!$F$2:$F968,B28,'KEG. PENGAJIAN HARIAN'!$B$2:$B968,">="&$C$2,'KEG. PENGAJIAN HARIAN'!$B$2:$B968,"<="&$E$2,'KEG. PENGAJIAN HARIAN'!$G$2:$G968,"hadir") -> 12 | I28: =COUNTIFS('KEG. PENGAJIAN HARIAN'!$F$2:$F968,B28,'KEG. PENGAJIAN HARIAN'!$B$2:$B968,">="&$C$2,'KEG. PENGAJIAN HARIAN'!$B$2:$B968,"<="&$E$2,'KEG. PENGAJIAN HARIAN'!$G$2:$G968,"By VN") -> 0 | J28: =COUNTIFS('KEG. PENGAJIAN HARIAN'!$F$2:$F968,B28,'KEG. PENGAJIAN HARIAN'!$B$2:$B968,">="&$C$2,'KEG. PENGAJIAN HARIAN'!$B$2:$B968,"<="&$E$2,'KEG. PENGAJIAN HARIAN'!$G$2:$G968,"izin (murid)") -> 0
A29: 25 | B29: Qalesya-ATL | C29: Chicago | D29: PraRMJ-RMJ | E29: =sumifs('KEG. PENGAJIAN HARIAN'!$D$2:$D968,'KEG. PENGAJIAN HARIAN'!$B$2:$B968,">="&$C$2,'KEG. PENGAJIAN HARIAN'!$B$2:$B968,"<="&$E$2,'KEG. PENGAJIAN HARIAN'!$F$2:$F968,B29) -> 0.10486111 | F29: 0.5 | G29: =IFERROR(E29/F29,0) -> 0.20972222 | H29: =COUNTIFS('KEG. PENGAJIAN HARIAN'!$F$2:$F968,B29,'KEG. PENGAJIAN HARIAN'!$B$2:$B968,">="&$C$2,'KEG. PENGAJIAN HARIAN'!$B$2:$B968,"<="&$E$2,'KEG. PENGAJIAN HARIAN'!$G$2:$G968,"hadir") -> 2 | I29: =COUNTIFS('KEG. PENGAJIAN HARIAN'!$F$2:$F968,B29,'KEG. PENGAJIAN HARIAN'!$B$2:$B968,">="&$C$2,'KEG. PENGAJIAN HARIAN'!$B$2:$B968,"<="&$E$2,'KEG. PENGAJIAN HARIAN'!$G$2:$G968,"By VN") -> 0 | J29: =COUNTIFS('KEG. PENGAJIAN HARIAN'!$F$2:$F968,B29,'KEG. PENGAJIAN HARIAN'!$B$2:$B968,">="&$C$2,'KEG. PENGAJIAN HARIAN'!$B$2:$B968,"<="&$E$2,'KEG. PENGAJIAN HARIAN'!$G$2:$G968,"izin (murid)") -> 0
A30: 26 | B30: Rambo-CH | C30: Chicago | D30: PraCBR-CBR | E30: =sumifs('KEG. PENGAJIAN HARIAN'!$D$2:$D968,'KEG. PENGAJIAN HARIAN'!$B$2:$B968,">="&$C$2,'KEG. PENGAJIAN HARIAN'!$B$2:$B968,"<="&$E$2,'KEG. PENGAJIAN HARIAN'!$F$2:$F968,B30) -> 0.38819444 | F30: 0.5 | G30: =IFERROR(E30/F30,0) -> 0.77638889 | H30: =COUNTIFS('KEG. PENGAJIAN HARIAN'!$F$2:$F968,B30,'KEG. PENGAJIAN HARIAN'!$B$2:$B968,">="&$C$2,'KEG. PENGAJIAN HARIAN'!$B$2:$B968,"<="&$E$2,'KEG. PENGAJIAN HARIAN'!$G$2:$G968,"hadir") -> 12 | I30: =COUNTIFS('KEG. PENGAJIAN HARIAN'!$F$2:$F968,B30,'KEG. PENGAJIAN HARIAN'!$B$2:$B968,">="&$C$2,'KEG. PENGAJIAN HARIAN'!$B$2:$B968,"<="&$E$2,'KEG. PENGAJIAN HARIAN'!$G$2:$G968,"By VN") -> 1 | J30: =COUNTIFS('KEG. PENGAJIAN HARIAN'!$F$2:$F968,B30,'KEG. PENGAJIAN HARIAN'!$B$2:$B968,">="&$C$2,'KEG. PENGAJIAN HARIAN'!$B$2:$B968,"<="&$E$2,'KEG. PENGAJIAN HARIAN'!$G$2:$G968,"izin (murid)") -> 2
A31: 27 | B31: Tami-BFL | C31: Chicago | D31: PraNikah | E31: =sumifs('KEG. PENGAJIAN HARIAN'!$D$2:$D968,'KEG. PENGAJIAN HARIAN'!$B$2:$B968,">="&$C$2,'KEG. PENGAJIAN HARIAN'!$B$2:$B968,"<="&$E$2,'KEG. PENGAJIAN HARIAN'!$F$2:$F968,B31) -> 0.30555556 | F31: 0.5 | G31: =IFERROR(E31/F31,0) -> 0.61111111 | H31: =COUNTIFS('KEG. PENGAJIAN HARIAN'!$F$2:$F968,B31,'KEG. PENGAJIAN HARIAN'!$B$2:$B968,">="&$C$2,'KEG. PENGAJIAN HARIAN'!$B$2:$B968,"<="&$E$2,'KEG. PENGAJIAN HARIAN'!$G$2:$G968,"hadir") -> 6 | I31: =COUNTIFS('KEG. PENGAJIAN HARIAN'!$F$2:$F968,B31,'KEG. PENGAJIAN HARIAN'!$B$2:$B968,">="&$C$2,'KEG. PENGAJIAN HARIAN'!$B$2:$B968,"<="&$E$2,'KEG. PENGAJIAN HARIAN'!$G$2:$G968,"By VN") -> 0 | J31: =COUNTIFS('KEG. PENGAJIAN HARIAN'!$F$2:$F968,B31,'KEG. PENGAJIAN HARIAN'!$B$2:$B968,">="&$C$2,'KEG. PENGAJIAN HARIAN'!$B$2:$B968,"<="&$E$2,'KEG. PENGAJIAN HARIAN'!$G$2:$G968,"izin (murid)") -> 0
A32: 28 | B32: Zahra-RLG | C32: New Hampshire | D32: PraNikah | E32: =sumifs('KEG. PENGAJIAN HARIAN'!$D$2:$D968,'KEG. PENGAJIAN HARIAN'!$B$2:$B968,">="&$C$2,'KEG. PENGAJIAN HARIAN'!$B$2:$B968,"<="&$E$2,'KEG. PENGAJIAN HARIAN'!$F$2:$F968,B32) -> 0.24722222 | F32: 0.5 | G32: =IFERROR(E32/F32,0) -> 0.49444444 | H32: =COUNTIFS('KEG. PENGAJIAN HARIAN'!$F$2:$F968,B32,'KEG. PENGAJIAN HARIAN'!$B$2:$B968,">="&$C$2,'KEG. PENGAJIAN HARIAN'!$B$2:$B968,"<="&$E$2,'KEG. PENGAJIAN HARIAN'!$G$2:$G968,"hadir") -> 5 | I32: =COUNTIFS('KEG. PENGAJIAN HARIAN'!$F$2:$F968,B32,'KEG. PENGAJIAN HARIAN'!$B$2:$B968,">="&$C$2,'KEG. PENGAJIAN HARIAN'!$B$2:$B968,"<="&$E$2,'KEG. PENGAJIAN HARIAN'!$G$2:$G968,"By VN") -> 1 | J32: =COUNTIFS('KEG. PENGAJIAN HARIAN'!$F$2:$F968,B32,'KEG. PENGAJIAN HARIAN'!$B$2:$B968,">="&$C$2,'KEG. PENGAJIAN HARIAN'!$B$2:$B968,"<="&$E$2,'KEG. PENGAJIAN HARIAN'!$G$2:$G968,"izin (murid)") -> 0
E33: =SUM(E5:E32) -> 7.5013889 | F33: =SUM(F5:F32) -> 14
E34: =E33/F33 -> 0.53581349
C36: Chicago | D36: =COUNTIF($C$5:$C$32,C36) -> 14 | I36: %per Kelompok
C37: New Hampshire | D37: =COUNTIF($C$5:$C$32,C37) -> 9 | E37: Chicago | F37: =SUMIF($C$5:$C$32,E37,$F$5:$F$32) -> 7 | G37: Chicago | H37: =SUMIF($C$5:$C$32,G37,$E$5:$E$32) -> 3.6645833 | I37: =H37/F37 -> 0.5235119
C38: California | D38: =COUNTIF($C$5:$C$32,C38) -> 3 | E38: New Hampshire | F38: =SUMIF($C$5:$C$32,E38,$F$5:$F$32) -> 4.5 | G38: New Hampshire | H38: =SUMIF(C7:C34,G38,E7:E34) -> 2.0194444 | I38: =H38/F38 -> 0.44876543
C39: Canada | D39: =COUNTIF($C$5:$C$32,C39) -> 2 | E39: California | F39: =SUMIF($C$5:$C$32,E39,$F$5:$F$32) -> 1.5 | G39: California | H39: =SUMIF(C8:C35,G39,E8:E35) -> 0.51597222 | I39: =H39/F39 -> 0.34398148
C40: Total | D40: =sum(D36:D39) -> 28 | E40: Canada | F40: =SUMIF($C$5:$C$32,E40,$F$5:$F$32) -> 1 | G40: Canada | H40: =SUMIF(C9:C36,G40,E9:E36) -> 0.89166667 | I40: =H40/F40 -> 0.89166667

Sheet Maret
A1: REKAPITULASI KEHADIRAN MURID PENGAJIAN PPG AMERICA
B2: Mulai : | C2: 45717 | D2: Hingga : | E2: 45747
A4: NO. | B4: NAMA MURID | C4: KELOMPOK | D4: Jenjang Usia | E4: DURASI MENGAJI | F4: TARGET DURASI | G4: % DURASI | H4: HADIR | I4: BY VN | J4: IZIN (MURID)
A5: 1 | B5: Abell-NH | C5: New Hampshire | D5: PraCBR-CBR | E5: =sumifs('KEG. PENGAJIAN HARIAN'!$D$2:$D968,'KEG. PENGAJIAN HARIAN'!$B$2:$B968,">="&$C$2,'KEG. PENGAJIAN HARIAN'!$B$2:$B968,"<="&$E$2,'KEG. PENGAJIAN HARIAN'!$F$2:$F968,B5) -> 0.73958333 | F5: 0.5 | G5: =IFERROR(E5/F5,0) -> 1.4791667 | H5: =COUNTIFS('KEG. PENGAJIAN HARIAN'!$F$2:$F968,B5,'KEG. PENGAJIAN HARIAN'!$B$2:$B968,">="&$C$2,'KEG. PENGAJIAN HARIAN'!$B$2:$B968,"<="&$E$2,'KEG. PENGAJIAN HARIAN'!$G$2:$G968,"hadir") -> 9 | I5: =COUNTIFS('KEG. PENGAJIAN HARIAN'!$F$2:$F968,B5,'KEG. PENGAJIAN HARIAN'!$B$2:$B968,">="&$C$2,'KEG. PENGAJIAN HARIAN'!$B$2:$B968,"<="&$E$2,'KEG. PENGAJIAN HARIAN'!$G$2:$G968,"By VN") -> 0 | J5: =COUNTIFS('KEG. PENGAJIAN HARIAN'!$F$2:$F968,B5,'KEG. PENGAJIAN HARIAN'!$B$2:$B968,">="&$C$2,'KEG. PENGAJIAN HARIAN'!$B$2:$B968,"<="&$E$2,'KEG. PENGAJIAN HARIAN'!$G$2:$G968,"izin (murid)") -> 0 | K5: 60% anak izin selama ramadhan, sisanya mengaji tapi 10 malam terakhir juga sudah banyak yang izin
A6: 2 | B6: Abi-BFL | C6: Chicago | D6: PraNikah | E6: =sumifs('KEG. PENGAJIAN HARIAN'!$D$2:$D968,'KEG. PENGAJIAN HARIAN'!$B$2:$B968,">="&$C$2,'KEG. PENGAJIAN HARIAN'!$B$2:$B968,"<="&$E$2,'KEG. PENGAJIAN HARIAN'!$F$2:$F968,B6) -> 0 | F6: 0.5 | G6: =IFERROR(E6/F6,0) -> 0 | H6: IZIN
A7: 3 | B7: Cheryl-NH | C7: New Hampshire | D7: PraCBR-CBR | E7: =sumifs('KEG. PENGAJIAN HARIAN'!$D$2:$D968,'KEG. PENGAJIAN HARIAN'!$B$2:$B968,">="&$C$2,'KEG. PENGAJIAN HARIAN'!$B$2:$B968,"<="&$E$2,'KEG. PENGAJIAN HARIAN'!$F$2:$F968,B7) -> 0.034722222 | F7: 0.5 | G7: =IFERROR(E7/F7,0) -> 0.069444444 | H7: =COUNTIFS('KEG. PENGAJIAN HARIAN'!$F$2:$F968,B7,'KEG. PENGAJIAN HARIAN'!$B$2:$B968,">="&$C$2,'KEG. PENGAJIAN HARIAN'!$B$2:$B968,"<="&$E$2,'KEG. PENGAJIAN HARIAN'!$G$2:$G968,"hadir") -> 1 | I7: =COUNTIFS('KEG. PENGAJIAN HARIAN'!$F$2:$F968,B7,'KEG. PENGAJIAN HARIAN'!$B$2:$B968,">="&$C$2,'KEG. PENGAJIAN HARIAN'!$B$2:$B968,"<="&$E$2,'KEG. PENGAJIAN HARIAN'!$G$2:$G968,"By VN") -> 0 | J7: =COUNTIFS('KEG. PENGAJIAN HARIAN'!$F$2:$F968,B7,'KEG. PENGAJIAN HARIAN'!$B$2:$B968,">="&$C$2,'KEG. PENGAJIAN HARIAN'!$B$2:$B968,"<="&$E$2,'KEG. PENGAJIAN HARIAN'!$G$2:$G968,"izin (murid)") -> 1 | K7: PraCBR-CBR | L7: =countif($D$5:$D$32,"PraCBR-CBR") -> 16
A8: 4 | B8: Chester-PD | C8: New Hampshire | D8: PraCBR-CBR | E8: =sumifs('KEG. PENGAJIAN HARIAN'!$D$2:$D968,'KEG. PENGAJIAN HARIAN'!$B$2:$B968,">="&$C$2,'KEG. PENGAJIAN HARIAN'!$B$2:$B968,"<="&$E$2,'KEG. PENGAJIAN HARIAN'!$F$2:$F968,B8) -> 0.0625 | F8: 0.5 | G8: =IFERROR(E8/F8,0) -> 0.125 | H8: =COUNTIFS('KEG. PENGAJIAN HARIAN'!$F$2:$F968,B8,'KEG. PENGAJIAN HARIAN'!$B$2:$B968,">="&$C$2,'KEG. PENGAJIAN HARIAN'!$B$2:$B968,"<="&$E$2,'KEG. PENGAJIAN HARIAN'!$G$2:$G968,"hadir") -> 3 | I8: IZIN | K8: PraRMJ-RMJ | L8: =countif($D$5:$D$32,"PraRMJ-RMJ") -> 6
A9: 5 | B9: Dawud-RLG | C9: New Hampshire | D9: PraCBR-CBR | E9: =sumifs('KEG. PENGAJIAN HARIAN'!$D$2:$D968,'KEG. PENGAJIAN HARIAN'!$B$2:$B968,">="&$C$2,'KEG. PENGAJIAN HARIAN'!$B$2:$B968,"<="&$E$2,'KEG. PENGAJIAN HARIAN'!$F$2:$F968,B9) -> 0 | F9: 0.5 | G9: =IFERROR(E9/F9,0) -> 0 | H9: IZIN | K9: PraNIkah | L9: =countif($D$5:$D$32,"PraNikah") -> 6
A10: 6 | B10: Dehan-CND | C10: Canada | D10: PraRMJ-RMJ | E10: =sumifs('KEG. PENGAJIAN HARIAN'!$D$2:$D968,'KEG. PENGAJIAN HARIAN'!$B$2:$B968,">="&$C$2,'KEG. PENGAJIAN HARIAN'!$B$2:$B968,"<="&$E$2,'KEG. PENGAJIAN HARIAN'!$F$2:$F968,B10) -> 0.18333333 | F10: 0.5 | G10: =IFERROR(E10/F10,0) -> 0.36666667 | H10: =COUNTIFS('KEG. PENGAJIAN HARIAN'!$F$2:$F968,B10,'KEG. PENGAJIAN HARIAN'!$B$2:$B968,">="&$C$2,'KEG. PENGAJIAN HARIAN'!$B$2:$B968,"<="&$E$2,'KEG. PENGAJIAN HARIAN'!$G$2:$G968,"hadir") -> 5 | I10: =COUNTIFS('KEG. PENGAJIAN HARIAN'!$F$2:$F968,B10,'KEG. PENGAJIAN HARIAN'!$B$2:$B968,">="&$C$2,'KEG. PENGAJIAN HARIAN'!$B$2:$B968,"<="&$E$2,'KEG. PENGAJIAN HARIAN'!$G$2:$G968,"By VN") -> 0 | J10: =COUNTIFS('KEG. PENGAJIAN HARIAN'!$F$2:$F968,B10,'KEG. PENGAJIAN HARIAN'!$B$2:$B968,">="&$C$2,'KEG. PENGAJIAN HARIAN'!$B$2:$B968,"<="&$E$2,'KEG. PENGAJIAN HARIAN'!$G$2:$G968,"izin (murid)") -> 0 | L10: =sum(L7:L9) -> 28
A11: 7 | B11: Denissa-RLG | C11: New Hampshire | D11: PraRMJ-RMJ | E11: =sumifs('KEG. PENGAJIAN HARIAN'!$D$2:$D968,'KEG. PENGAJIAN HARIAN'!$B$2:$B968,">="&$C$2,'KEG. PENGAJIAN HARIAN'!$B$2:$B968,"<="&$E$2,'KEG. PENGAJIAN HARIAN'!$F$2:$F968,B11) -> 0 | F11: 0.5 | G11: =IFERROR(E11/F11,0) -> 0 | H11: IZIN | K11: Chicago | L11: =countif(C5:C27,"Chicago") -> 10
A12: 8 | B12: Dinda-RLG | C12: New Hampshire | D12: PraCBR-CBR | E12: =sumifs('KEG. PENGAJIAN HARIAN'!$D$2:$D968,'KEG. PENGAJIAN HARIAN'!$B$2:$B968,">="&$C$2,'KEG. PENGAJIAN HARIAN'!$B$2:$B968,"<="&$E$2,'KEG. PENGAJIAN HARIAN'!$F$2:$F968,B12) -> 0 | F12: 0.5 | G12: =IFERROR(E12/F12,0) -> 0 | H12: IZIN | K12: California | L12: =countif(C5:C27,"California") -> 3
A13: 9 | B13: Dwiki-RLG | C13: New Hampshire | D13: PraNikah | E13: =sumifs('KEG. PENGAJIAN HARIAN'!$D$2:$D968,'KEG. PENGAJIAN HARIAN'!$B$2:$B968,">="&$C$2,'KEG. PENGAJIAN HARIAN'!$B$2:$B968,"<="&$E$2,'KEG. PENGAJIAN HARIAN'!$F$2:$F968,B13) -> 0 | F13: 0.5 | G13: =IFERROR(E13/F13,0) -> 0 | H13: IZIN | K13: New Hampshire | L13: =countif(C5:C27,"New Hampshire") -> 8
A14: 10 | B14: Dylan-CA | C14: California | D14: PraRMJ-RMJ | E14: =sumifs('KEG. PENGAJIAN HARIAN'!$D$2:$D968,'KEG. PENGAJIAN HARIAN'!$B$2:$B968,">="&$C$2,'KEG. PENGAJIAN HARIAN'!$B$2:$B968,"<="&$E$2,'KEG. PENGAJIAN HARIAN'!$F$2:$F968,B14) -> 0 | F14: 0.5 | G14: =IFERROR(E14/F14,0) -> 0 | H14: IZIN | K14: Canada | L14: =countif(C5:C27,"Canada") -> 2
A15: 11 | B15: Fitri-CND | C15: Canada | D15: PraRMJ-RMJ | E15: =sumifs('KEG. PENGAJIAN HARIAN'!$D$2:$D968,'KEG. PENGAJIAN HARIAN'!$B$2:$B968,">="&$C$2,'KEG. PENGAJIAN HARIAN'!$B$2:$B968,"<="&$E$2,'KEG. PENGAJIAN HARIAN'!$F$2:$F968,B15) -> 0.19722222 | F15: 0.5 | G15: =IFERROR(E15/F15,0) -> 0.39444444 | H15: =COUNTIFS('KEG. PENGAJIAN HARIAN'!$F$2:$F968,B15,'KEG. PENGAJIAN HARIAN'!$B$2:$B968,">="&$C$2,'KEG. PENGAJIAN HARIAN'!$B$2:$B968,"<="&$E$2,'KEG. PENGAJIAN HARIAN'!$G$2:$G968,"hadir") -> 5 | I15: =COUNTIFS('KEG. PENGAJIAN HARIAN'!$F$2:$F968,B15,'KEG. PENGAJIAN HARIAN'!$B$2:$B968,">="&$C$2,'KEG. PENGAJIAN HARIAN'!$B$2:$B968,"<="&$E$2,'KEG. PENGAJIAN HARIAN'!$G$2:$G968,"By VN") -> 0 | J15: =COUNTIFS('KEG. PENGAJIAN HARIAN'!$F$2:$F968,B15,'KEG. PENGAJIAN HARIAN'!$B$2:$B968,">="&$C$2,'KEG. PENGAJIAN HARIAN'!$B$2:$B968,"<="&$E$2,'KEG. PENGAJIAN HARIAN'!$G$2:$G968,"izin (murid)") -> 0 | K15: Durasi Tertinggi
A16: 12 | B16: Gabriel-CH | C16: Chicago | D16: PraCBR-CBR | E16: =sumifs('KEG. PENGAJIAN HARIAN'!$D$2:$D968,'KEG. PENGAJIAN HARIAN'!$B$2:$B968,">="&$C$2,'KEG. PENGAJIAN HARIAN'!$B$2:$B968,"<="&$E$2,'KEG. PENGAJIAN HARIAN'!$F$2:$F968,B16) -> 0 | F16: 0.5 | G16: =IFERROR(E16/F16,0) -> 0 | H16: IZIN | K16: Pra CBR-CBR | L16: =IFERROR(__xludf.DUMMYFUNCTION("INDEX(FILTER($B$5:$B$32, $D$5:$D$32=""PraCBR-CBR""), MATCH(MAX(FILTER($G$5:$G$32, $D$5:$D$32=""PraCBR-CBR"")), FILTER($G$5:$G$32, $D$5:$D$32=""PraCBR-CBR""), 0)) "),"Abell-NH") -> Abell-NH | M16: 1.4791667
A17: 13 | B17: Grazia-IN | C17: Chicago | D17: PraCBR-CBR | E17: =sumifs('KEG. PENGAJIAN HARIAN'!$D$2:$D968,'KEG. PENGAJIAN HARIAN'!$B$2:$B968,">="&$C$2,'KEG. PENGAJIAN HARIAN'!$B$2:$B968,"<="&$E$2,'KEG. PENGAJIAN HARIAN'!$F$2:$F968,B17) -> 0.16388889 | F17: 0.5 | G17: =IFERROR(E17/F17,0) -> 0.32777778 | H17: =COUNTIFS('KEG. PENGAJIAN HARIAN'!$F$2:$F968,B17,'KEG. PENGAJIAN HARIAN'!$B$2:$B968,">="&$C$2,'KEG. PENGAJIAN HARIAN'!$B$2:$B968,"<="&$E$2,'KEG. PENGAJIAN HARIAN'!$G$2:$G968,"hadir") -> 5 | I17: =COUNTIFS('KEG. PENGAJIAN HARIAN'!$F$2:$F968,B17,'KEG. PENGAJIAN HARIAN'!$B$2:$B968,">="&$C$2,'KEG. PENGAJIAN HARIAN'!$B$2:$B968,"<="&$E$2,'KEG. PENGAJIAN HARIAN'!$G$2:$G968,"By VN") -> 0 | J17: =COUNTIFS('KEG. PENGAJIAN HARIAN'!$F$2:$F968,B17,'KEG. PENGAJIAN HARIAN'!$B$2:$B968,">="&$C$2,'KEG. PENGAJIAN HARIAN'!$B$2:$B968,"<="&$E$2,'KEG. PENGAJIAN HARIAN'!$G$2:$G968,"izin (murid)") -> 0 | K17: Pra RMJ-RMJ | L17: =IFERROR(__xludf.DUMMYFUNCTION("INDEX(FILTER($B$5:$B$32, $D$5:$D$32=""PraRMJ-RMJ""), MATCH(MAX(FILTER($G$5:$G$32, $D$5:$D$32=""PraRMJ-RMJ"")), FILTER($G$5:$G$32, $D$5:$D$32=""PraRMJ-RMJ""), 0)) "),"Fitri-CND") -> Fitri-CND | M17: 0.39444444
A18: 14 | B18: Hafiz-PTM | C18: New Hampshire | D18: PraCBR-CBR | E18: =sumifs('KEG. PENGAJIAN HARIAN'!$D$2:$D968,'KEG. PENGAJIAN HARIAN'!$B$2:$B968,">="&$C$2,'KEG. PENGAJIAN HARIAN'!$B$2:$B968,"<="&$E$2,'KEG. PENGAJIAN HARIAN'!$F$2:$F968,B18) -> 0 | F18: 0.5 | G18: =IFERROR(E18/F18,0) -> 0 | H18: IZIN | K18: Pra Nikah 1-4 | L18: =IFERROR(__xludf.DUMMYFUNCTION("INDEX(FILTER($B$5:$B$32, $D$5:$D$32=""PraNikah""), MATCH(MAX(FILTER($G$5:$G$32, $D$5:$D$32=""PraNikah"")), FILTER($G$5:$G$32, $D$5:$D$32=""PraNikah""), 0)) "),"Kayla-CA") -> Kayla-CA | M18: 0.54027778
A19: 15 | B19: Irsan-CH | C19: Chicago | D19: PraRMJ-RMJ | E19: =sumifs('KEG. PENGAJIAN HARIAN'!$D$2:$D968,'KEG. PENGAJIAN HARIAN'!$B$2:$B968,">="&$C$2,'KEG. PENGAJIAN HARIAN'!$B$2:$B968,"<="&$E$2,'KEG. PENGAJIAN HARIAN'!$F$2:$F968,B19) -> 0 | F19: 0.5 | G19: =IFERROR(E19/F19,0) -> 0 | H19: IZIN
A20: 16 | B20: Jourdan-CA | C20: California | D20: PraNikah | E20: =sumifs('KEG. PENGAJIAN HARIAN'!$D$2:$D968,'KEG. PENGAJIAN HARIAN'!$B$2:$B968,">="&$C$2,'KEG. PENGAJIAN HARIAN'!$B$2:$B968,"<="&$E$2,'KEG. PENGAJIAN HARIAN'!$F$2:$F968,B20) -> 0 | F20: 0.5 | G20: =IFERROR(E20/F20,0) -> 0 | H20: IZIN
A21: 17 | B21: Jubilee-CH | C21: Chicago | D21: PraCBR-CBR | E21: =sumifs('KEG. PENGAJIAN HARIAN'!$D$2:$D968,'KEG. PENGAJIAN HARIAN'!$B$2:$B968,">="&$C$2,'KEG. PENGAJIAN HARIAN'!$B$2:$B968,"<="&$E$2,'KEG. PENGAJIAN HARIAN'!$F$2:$F968,B21) -> 0.042361111 | F21: 0.5 | G21: =IFERROR(E21/F21,0) -> 0.084722222 | H21: =COUNTIFS('KEG. PENGAJIAN HARIAN'!$F$2:$F968,B21,'KEG. PENGAJIAN HARIAN'!$B$2:$B968,">="&$C$2,'KEG. PENGAJIAN HARIAN'!$B$2:$B968,"<="&$E$2,'KEG. PENGAJIAN HARIAN'!$G$2:$G968,"hadir") -> 2 | I21: =COUNTIFS('KEG. PENGAJIAN HARIAN'!$F$2:$F968,B21,'KEG. PENGAJIAN HARIAN'!$B$2:$B968,">="&$C$2,'KEG. PENGAJIAN HARIAN'!$B$2:$B968,"<="&$E$2,'KEG. PENGAJIAN HARIAN'!$G$2:$G968,"By VN") -> 0 | J21: =COUNTIFS('KEG. PENGAJIAN HARIAN'!$F$2:$F968,B21,'KEG. PENGAJIAN HARIAN'!$B$2:$B968,">="&$C$2,'KEG. PENGAJIAN HARIAN'!$B$2:$B968,"<="&$E$2,'KEG. PENGAJIAN HARIAN'!$G$2:$G968,"izin (murid)") -> 0
A22: 18 | B22: Kayla-CA | C22: California | D22: PraNikah | E22: =sumifs('KEG. PENGAJIAN HARIAN'!$D$2:$D968,'KEG. PENGAJIAN HARIAN'!$B$2:$B968,">="&$C$2,'KEG. PENGAJIAN HARIAN'!$B$2:$B968,"<="&$E$2,'KEG. PENGAJIAN HARIAN'!$F$2:$F968,B22) -> 0.27013889 | F22: 0.5 | G22: =IFERROR(E22/F22,0) -> 0.54027778 | H22: =COUNTIFS('KEG. PENGAJIAN HARIAN'!$F$2:$F968,B22,'KEG. PENGAJIAN HARIAN'!$B$2:$B968,">="&$C$2,'KEG. PENGAJIAN HARIAN'!$B$2:$B968,"<="&$E$2,'KEG. PENGAJIAN HARIAN'!$G$2:$G968,"hadir") -> 3 | I22: =COUNTIFS('KEG. PENGAJIAN HARIAN'!$F$2:$F968,B22,'KEG. PENGAJIAN HARIAN'!$B$2:$B968,">="&$C$2,'KEG. PENGAJIAN HARIAN'!$B$2:$B968,"<="&$E$2,'KEG. PENGAJIAN HARIAN'!$G$2:$G968,"By VN") -> 0 | J22: =COUNTIFS('KEG. PENGAJIAN HARIAN'!$F$2:$F968,B22,'KEG. PENGAJIAN HARIAN'!$B$2:$B968,">="&$C$2,'KEG. PENGAJIAN HARIAN'!$B$2:$B968,"<="&$E$2,'KEG. PENGAJIAN HARIAN'!$G$2:$G968,"izin (murid)") -> 0
A23: 19 | B23: Khayri-CH | C23: Chicago | D23: PraCBR-CBR | E23: =sumifs('KEG. PENGAJIAN HARIAN'!$D$2:$D968,'KEG. PENGAJIAN HARIAN'!$B$2:$B968,">="&$C$2,'KEG. PENGAJIAN HARIAN'!$B$2:$B968,"<="&$E$2,'KEG. PENGAJIAN HARIAN'!$F$2:$F968,B23) -> 0.13263889 | F23: 0.5 | G23: =IFERROR(E23/F23,0) -> 0.26527778 | H23: =COUNTIFS('KEG. PENGAJIAN HARIAN'!$F$2:$F968,B23,'KEG. PENGAJIAN HARIAN'!$B$2:$B968,">="&$C$2,'KEG. PENGAJIAN HARIAN'!$B$2:$B968,"<="&$E$2,'KEG. PENGAJIAN HARIAN'!$G$2:$G968,"hadir") -> 7 | I23: =COUNTIFS('KEG. PENGAJIAN HARIAN'!$F$2:$F968,B23,'KEG. PENGAJIAN HARIAN'!$B$2:$B968,">="&$C$2,'KEG. PENGAJIAN HARIAN'!$B$2:$B968,"<="&$E$2,'KEG. PENGAJIAN HARIAN'!$G$2:$G968,"By VN") -> 0 | J23: =COUNTIFS('KEG. PENGAJIAN HARIAN'!$F$2:$F968,B23,'KEG. PENGAJIAN HARIAN'!$B$2:$B968,">="&$C$2,'KEG. PENGAJIAN HARIAN'!$B$2:$B968,"<="&$E$2,'KEG. PENGAJIAN HARIAN'!$G$2:$G968,"izin (murid)") -> 0
A24: 20 | B24: Khadijah-RLG | C24: Chicago | D24: PraCBR-CBR | E24: =sumifs('KEG. PENGAJIAN HARIAN'!$D$2:$D968,'KEG. PENGAJIAN HARIAN'!$B$2:$B968,">="&$C$2,'KEG. PENGAJIAN HARIAN'!$B$2:$B968,"<="&$E$2,'KEG. PENGAJIAN HARIAN'!$F$2:$F968,B24) -> 0.17430556 | F24: 0.5 | G24: =IFERROR(E24/F24,0) -> 0.34861111 | H24: =COUNTIFS('KEG. PENGAJIAN HARIAN'!$F$2:$F968,B24,'KEG. PENGAJIAN HARIAN'!$B$2:$B968,">="&$C$2,'KEG. PENGAJIAN HARIAN'!$B$2:$B968,"<="&$E$2,'KEG. PENGAJIAN HARIAN'!$G$2:$G968,"hadir") -> 4 | I24: =COUNTIFS('KEG. PENGAJIAN HARIAN'!$F$2:$F968,B24,'KEG. PENGAJIAN HARIAN'!$B$2:$B968,">="&$C$2,'KEG. PENGAJIAN HARIAN'!$B$2:$B968,"<="&$E$2,'KEG. PENGAJIAN HARIAN'!$G$2:$G968,"By VN") -> 0 | J24: =COUNTIFS('KEG. PENGAJIAN HARIAN'!$F$2:$F968,B24,'KEG. PENGAJIAN HARIAN'!$B$2:$B968,">="&$C$2,'KEG. PENGAJIAN HARIAN'!$B$2:$B968,"<="&$E$2,'KEG. PENGAJIAN HARIAN'!$G$2:$G968,"izin (murid)") -> 0
A25: 21 | B25: Kirana-CH | C25: Chicago | D25: PraCBR-CBR | E25: =sumifs('KEG. PENGAJIAN HARIAN'!$D$2:$D968,'KEG. PENGAJIAN HARIAN'!$B$2:$B968,">="&$C$2,'KEG. PENGAJIAN HARIAN'!$B$2:$B968,"<="&$E$2,'KEG. PENGAJIAN HARIAN'!$F$2:$F968,B25) -> 0 | F25: 0.5 | G25: =IFERROR(E25/F25,0) -> 0 | H25: IZIN
A26: 22 | B26: Liv-CH | C26: Chicago | D26: PraCBR-CBR | E26: =sumifs('KEG. PENGAJIAN HARIAN'!$D$2:$D968,'KEG. PENGAJIAN HARIAN'!$B$2:$B968,">="&$C$2,'KEG. PENGAJIAN HARIAN'!$B$2:$B968,"<="&$E$2,'KEG. PENGAJIAN HARIAN'!$F$2:$F968,B26) -> 0 | F26: 0.5 | G26: =IFERROR(E26/F26,0) -> 0 | H26: IZIN
A27: 23 | B27: Mikail-CH | C27: Chicago | D27: PraCBR-CBR | E27: =sumifs('KEG. PENGAJIAN HARIAN'!$D$2:$D968,'KEG. PENGAJIAN HARIAN'!$B$2:$B968,">="&$C$2,'KEG. PENGAJIAN HARIAN'!$B$2:$B968,"<="&$E$2,'KEG. PENGAJIAN HARIAN'!$F$2:$F968,B27) -> 0 | F27: 0.5 | G27: =IFERROR(E27/F27,0) -> 0 | H27: IZIN
A28: 24 | B28: Nadeen-CH | C28: Chicago | D28: PraCBR-CBR | E28: =sumifs('KEG. PENGAJIAN HARIAN'!$D$2:$D968,'KEG. PENGAJIAN HARIAN'!$B$2:$B968,">="&$C$2,'KEG. PENGAJIAN HARIAN'!$B$2:$B968,"<="&$E$2,'KEG. PENGAJIAN HARIAN'!$F$2:$F968,B28) -> 0 | F28: 0.5 | G28: =IFERROR(E28/F28,0) -> 0 | H28: IZIN
A29: 25 | B29: Qalesya-ATL | C29: Chicago | D29: PraRMJ-RMJ | E29: =sumifs('KEG. PENGAJIAN HARIAN'!$D$2:$D968,'KEG. PENGAJIAN HARIAN'!$B$2:$B968,">="&$C$2,'KEG. PENGAJIAN HARIAN'!$B$2:$B968,"<="&$E$2,'KEG. PENGAJIAN HARIAN'!$F$2:$F968,B29) -> 0 | F29: 0.5 | G29: =IFERROR(E29/F29,0) -> 0 | H29: IZIN
A30: 26 | B30: Rambo-CH | C30: Chicago | D30: PraCBR-CBR | E30: =sumifs('KEG. PENGAJIAN HARIAN'!$D$2:$D968,'KEG. PENGAJIAN HARIAN'!$B$2:$B968,">="&$C$2,'KEG. PENGAJIAN HARIAN'!$B$2:$B968,"<="&$E$2,'KEG. PENGAJIAN HARIAN'!$F$2:$F968,B30) -> 0.12777778 | F30: 0.5 | G30: =IFERROR(E30/F30,0) -> 0.25555556 | H30: =COUNTIFS('KEG. PENGAJIAN HARIAN'!$F$2:$F968,B30,'KEG. PENGAJIAN HARIAN'!$B$2:$B968,">="&$C$2,'KEG. PENGAJIAN HARIAN'!$B$2:$B968,"<="&$E$2,'KEG. PENGAJIAN HARIAN'!$G$2:$G968,"hadir") -> 7 | I30: =COUNTIFS('KEG. PENGAJIAN HARIAN'!$F$2:$F968,B30,'KEG. PENGAJIAN HARIAN'!$B$2:$B968,">="&$C$2,'KEG. PENGAJIAN HARIAN'!$B$2:$B968,"<="&$E$2,'KEG. PENGAJIAN HARIAN'!$G$2:$G968,"By VN") -> 0 | J30: =COUNTIFS('KEG. PENGAJIAN HARIAN'!$F$2:$F968,B30,'KEG. PENGAJIAN HARIAN'!$B$2:$B968,">="&$C$2,'KEG. PENGAJIAN HARIAN'!$B$2:$B968,"<="&$E$2,'KEG. PENGAJIAN HARIAN'!$G$2:$G968,"izin (murid)") -> 1
A31: 27 | B31: Tami-BFL | C31: Chicago | D31: PraNikah | E31: =sumifs('KEG. PENGAJIAN HARIAN'!$D$2:$D968,'KEG. PENGAJIAN HARIAN'!$B$2:$B968,">="&$C$2,'KEG. PENGAJIAN HARIAN'!$B$2:$B968,"<="&$E$2,'KEG. PENGAJIAN HARIAN'!$F$2:$F968,B31) -> 0 | F31: 0.5 | G31: =IFERROR(E31/F31,0) -> 0 | H31: IZIN
A32: 28 | B32: Zahra-RLG | C32: New Hampshire | D32: PraNikah | E32: =sumifs('KEG. PENGAJIAN HARIAN'!$D$2:$D968,'KEG. PENGAJIAN HARIAN'!$B$2:$B968,">="&$C$2,'KEG. PENGAJIAN HARIAN'!$B$2:$B968,"<="&$E$2,'KEG. PENGAJIAN HARIAN'!$F$2:$F968,B32) -> 0.13263889 | F32: 0.5 | G32: =IFERROR(E32/F32,0) -> 0.26527778 | H32: =COUNTIFS('KEG. PENGAJIAN HARIAN'!$F$2:$F968,B32,'KEG. PENGAJIAN HARIAN'!$B$2:$B968,">="&$C$2,'KEG. PENGAJIAN HARIAN'!$B$2:$B968,"<="&$E$2,'KEG. PENGAJIAN HARIAN'!$G$2:$G968,"hadir") -> 2 | I32: =COUNTIFS('KEG. PENGAJIAN HARIAN'!$F$2:$F968,B32,'KEG. PENGAJIAN HARIAN'!$B$2:$B968,">="&$C$2,'KEG. PENGAJIAN HARIAN'!$B$2:$B968,"<="&$E$2,'KEG. PENGAJIAN HARIAN'!$G$2:$G968,"By VN") -> 1 | J32: =COUNTIFS('KEG. PENGAJIAN HARIAN'!$F$2:$F968,B32,'KEG. PENGAJIAN HARIAN'!$B$2:$B968,">="&$C$2,'KEG. PENGAJIAN HARIAN'!$B$2:$B968,"<="&$E$2,'KEG. PENGAJIAN HARIAN'!$G$2:$G968,"izin (murid)") -> 0
E33: =SUM(E5:E32) -> 2.2611111 | F33: =SUM(F5:F32) -> 14
E34: =E33/F33 -> 0.16150794
C36: Chicago | D36: =COUNTIF($C$5:$C$32,C36) -> 14 | I36: %per Kelompok
C37: New Hampshire | D37: =COUNTIF($C$5:$C$32,C37) -> 9 | E37: Chicago | F37: =SUMIF($C$5:$C$32,E37,$F$5:$F$32) -> 7 | G37: Chicago | H37: =SUMIF($C$5:$C$32,G37,$E$5:$E$32) -> 0.64097222 | I37: =H37/F37 -> 0.09156746
C38: California | D38: =COUNTIF($C$5:$C$32,C38) -> 3 | E38: New Hampshire | F38: =SUMIF($C$5:$C$32,E38,$F$5:$F$32) -> 4.5 | G38: New Hampshire | H38: =SUMIF(C7:C34,G38,E7:E34) -> 0.22986111 | I38: =H38/F38 -> 0.051080247
C39: Canada | D39: =COUNTIF($C$5:$C$32,C39) -> 2 | E39: California | F39: =SUMIF($C$5:$C$32,E39,$F$5:$F$32) -> 1.5 | G39: California | H39: =SUMIF(C8:C35,G39,E8:E35) -> 0.27013889 | I39: =H39/F39 -> 0.18009259
C40: Total | D40: =sum(D36:D39) -> 28 | E40: Canada | F40: =SUMIF($C$5:$C$32,E40,$F$5:$F$32) -> 1 | G40: Canada | H40: =SUMIF(C9:C36,G40,E9:E36) -> 0.38055556 | I40: =H40/F40 -> 0.38055556

Sheet April
A1: REKAPITULASI KEHADIRAN MURID PENGAJIAN PPG AMERICA
B2: Mulai : | C2: 45748 | D2: Hingga : | E2: 45777
A4: NO. | B4: NAMA MURID | C4: KELOMPOK | D4: Jenjang Usia | E4: DURASI MENGAJI | F4: TARGET DURASI | G4: % DURASI | H4: HADIR | I4: BY VN | J4: IZIN (MURID)
A5: 1 | B5: Abell-NH | C5: New Hampshire | D5: PraCBR-CBR | E5: =sumifs('KEG. PENGAJIAN HARIAN'!$D$2:$D969,'KEG. PENGAJIAN HARIAN'!$B$2:$B969,">="&$C$2,'KEG. PENGAJIAN HARIAN'!$B$2:$B969,"<="&$E$2,'KEG. PENGAJIAN HARIAN'!$F$2:$F969,B5) -> 0.19027778 | F5: 0.25 | G5: =IFERROR(E5/F5,0) -> 0.76111111 | H5: =COUNTIFS('KEG. PENGAJIAN HARIAN'!$F$2:$F969,B5,'KEG. PENGAJIAN HARIAN'!$B$2:$B969,">="&$C$2,'KEG. PENGAJIAN HARIAN'!$B$2:$B969,"<="&$E$2,'KEG. PENGAJIAN HARIAN'!$G$2:$G969,"hadir") -> 4 | I5: =COUNTIFS('KEG. PENGAJIAN HARIAN'!$F$2:$F969,B5,'KEG. PENGAJIAN HARIAN'!$B$2:$B969,">="&$C$2,'KEG. PENGAJIAN HARIAN'!$B$2:$B969,"<="&$E$2,'KEG. PENGAJIAN HARIAN'!$G$2:$G969,"By VN") -> 0 | J5: =COUNTIFS('KEG. PENGAJIAN HARIAN'!$F$2:$F969,B5,'KEG. PENGAJIAN HARIAN'!$B$2:$B969,">="&$C$2,'KEG. PENGAJIAN HARIAN'!$B$2:$B969,"<="&$E$2,'KEG. PENGAJIAN HARIAN'!$G$2:$G969,"izin (murid)") -> 0
A6: 2 | B6: Abi-BFL | C6: Chicago | D6: PraNikah | E6: =sumifs('KEG. PENGAJIAN HARIAN'!$D$2:$D969,'KEG. PENGAJIAN HARIAN'!$B$2:$B969,">="&$C$2,'KEG. PENGAJIAN HARIAN'!$B$2:$B969,"<="&$E$2,'KEG. PENGAJIAN HARIAN'!$F$2:$F969,B6) -> 0.21875 | F6: 0.25 | G6: =IFERROR(E6/F6,0) -> 0.875 | H6: =COUNTIFS('KEG. PENGAJIAN HARIAN'!$F$2:$F969,B6,'KEG. PENGAJIAN HARIAN'!$B$2:$B969,">="&$C$2,'KEG. PENGAJIAN HARIAN'!$B$2:$B969,"<="&$E$2,'KEG. PENGAJIAN HARIAN'!$G$2:$G969,"hadir") -> 4 | I6: =COUNTIFS('KEG. PENGAJIAN HARIAN'!$F$2:$F969,B6,'KEG. PENGAJIAN HARIAN'!$B$2:$B969,">="&$C$2,'KEG. PENGAJIAN HARIAN'!$B$2:$B969,"<="&$E$2,'KEG. PENGAJIAN HARIAN'!$G$2:$G969,"By VN") -> 0 | J6: =COUNTIFS('KEG. PENGAJIAN HARIAN'!$F$2:$F969,B6,'KEG. PENGAJIAN HARIAN'!$B$2:$B969,">="&$C$2,'KEG. PENGAJIAN HARIAN'!$B$2:$B969,"<="&$E$2,'KEG. PENGAJIAN HARIAN'!$G$2:$G969,"izin (murid)") -> 0
A7: 3 | B7: Afiqa-DC | C7: New Hampshire | D7: PraCBR-CBR | E7: =sumifs('KEG. PENGAJIAN HARIAN'!$D$2:$D969,'KEG. PENGAJIAN HARIAN'!$B$2:$B969,">="&$C$2,'KEG. PENGAJIAN HARIAN'!$B$2:$B969,"<="&$E$2,'KEG. PENGAJIAN HARIAN'!$F$2:$F969,B7) -> 0.17291667 | F7: 0.25 | G7: =IFERROR(E7/F7,0) -> 0.69166667 | H7: =COUNTIFS('KEG. PENGAJIAN HARIAN'!$F$2:$F969,B7,'KEG. PENGAJIAN HARIAN'!$B$2:$B969,">="&$C$2,'KEG. PENGAJIAN HARIAN'!$B$2:$B969,"<="&$E$2,'KEG. PENGAJIAN HARIAN'!$G$2:$G969,"hadir") -> 4 | I7: =COUNTIFS('KEG. PENGAJIAN HARIAN'!$F$2:$F969,B7,'KEG. PENGAJIAN HARIAN'!$B$2:$B969,">="&$C$2,'KEG. PENGAJIAN HARIAN'!$B$2:$B969,"<="&$E$2,'KEG. PENGAJIAN HARIAN'!$G$2:$G969,"By VN") -> 0 | J7: =COUNTIFS('KEG. PENGAJIAN HARIAN'!$F$2:$F969,B7,'KEG. PENGAJIAN HARIAN'!$B$2:$B969,">="&$C$2,'KEG. PENGAJIAN HARIAN'!$B$2:$B969,"<="&$E$2,'KEG. PENGAJIAN HARIAN'!$G$2:$G969,"izin (murid)") -> 0
A8: 4 | B8: Cheryl-NH | C8: New Hampshire | D8: PraCBR-CBR | E8: =sumifs('KEG. PENGAJIAN HARIAN'!$D$2:$D969,'KEG. PENGAJIAN HARIAN'!$B$2:$B969,">="&$C$2,'KEG. PENGAJIAN HARIAN'!$B$2:$B969,"<="&$E$2,'KEG. PENGAJIAN HARIAN'!$F$2:$F969,B8) -> 0.15416667 | F8: 0.25 | G8: =IFERROR(E8/F8,0) -> 0.61666667 | H8: =COUNTIFS('KEG. PENGAJIAN HARIAN'!$F$2:$F969,B8,'KEG. PENGAJIAN HARIAN'!$B$2:$B969,">="&$C$2,'KEG. PENGAJIAN HARIAN'!$B$2:$B969,"<="&$E$2,'KEG. PENGAJIAN HARIAN'!$G$2:$G969,"hadir") -> 4 | I8: =COUNTIFS('KEG. PENGAJIAN HARIAN'!$F$2:$F969,B8,'KEG. PENGAJIAN HARIAN'!$B$2:$B969,">="&$C$2,'KEG. PENGAJIAN HARIAN'!$B$2:$B969,"<="&$E$2,'KEG. PENGAJIAN HARIAN'!$G$2:$G969,"By VN") -> 0 | J8: =COUNTIFS('KEG. PENGAJIAN HARIAN'!$F$2:$F969,B8,'KEG. PENGAJIAN HARIAN'!$B$2:$B969,">="&$C$2,'KEG. PENGAJIAN HARIAN'!$B$2:$B969,"<="&$E$2,'KEG. PENGAJIAN HARIAN'!$G$2:$G969,"izin (murid)") -> 0 | K8: PraCBR-CBR | L8: =countif(D5:D28,"PraCBR-CBR") -> 15 | M8: PraCBR-CBR | N8: =countif($D$5:$D$33,"PraCBR-CBR") -> 17
A9: 5 | B9: Chester-PD | C9: New Hampshire | D9: PraCBR-CBR | E9: =sumifs('KEG. PENGAJIAN HARIAN'!$D$2:$D969,'KEG. PENGAJIAN HARIAN'!$B$2:$B969,">="&$C$2,'KEG. PENGAJIAN HARIAN'!$B$2:$B969,"<="&$E$2,'KEG. PENGAJIAN HARIAN'!$F$2:$F969,B9) -> 0.26736111 | F9: 0.25 | G9: =IFERROR(E9/F9,0) -> 1.0694444 | H9: =COUNTIFS('KEG. PENGAJIAN HARIAN'!$F$2:$F969,B9,'KEG. PENGAJIAN HARIAN'!$B$2:$B969,">="&$C$2,'KEG. PENGAJIAN HARIAN'!$B$2:$B969,"<="&$E$2,'KEG. PENGAJIAN HARIAN'!$G$2:$G969,"hadir") -> 6 | I9: =COUNTIFS('KEG. PENGAJIAN HARIAN'!$F$2:$F969,B9,'KEG. PENGAJIAN HARIAN'!$B$2:$B969,">="&$C$2,'KEG. PENGAJIAN HARIAN'!$B$2:$B969,"<="&$E$2,'KEG. PENGAJIAN HARIAN'!$G$2:$G969,"By VN") -> 0 | J9: =COUNTIFS('KEG. PENGAJIAN HARIAN'!$F$2:$F969,B9,'KEG. PENGAJIAN HARIAN'!$B$2:$B969,">="&$C$2,'KEG. PENGAJIAN HARIAN'!$B$2:$B969,"<="&$E$2,'KEG. PENGAJIAN HARIAN'!$G$2:$G969,"izin (murid)") -> 0 | K9: PraRMJ-RMJ | L9: =countif(D5:D28,"PraRMJ-RMJ") -> 5 | M9: PraRMJ-RMJ | N9: =countif($D$5:$D$33,"PraRMJ-RMJ") -> 6
A10: 6 | B10: Dawud-RLG | C10: New Hampshire | D10: PraCBR-CBR | E10: =sumifs('KEG. PENGAJIAN HARIAN'!$D$2:$D969,'KEG. PENGAJIAN HARIAN'!$B$2:$B969,">="&$C$2,'KEG. PENGAJIAN HARIAN'!$B$2:$B969,"<="&$E$2,'KEG. PENGAJIAN HARIAN'!$F$2:$F969,B10) -> 0.18888889 | F10: 0.25 | G10: =IFERROR(E10/F10,0) -> 0.75555556 | H10: =COUNTIFS('KEG. PENGAJIAN HARIAN'!$F$2:$F969,B10,'KEG. PENGAJIAN HARIAN'!$B$2:$B969,">="&$C$2,'KEG. PENGAJIAN HARIAN'!$B$2:$B969,"<="&$E$2,'KEG. PENGAJIAN HARIAN'!$G$2:$G969,"hadir") -> 5 | I10: =COUNTIFS('KEG. PENGAJIAN HARIAN'!$F$2:$F969,B10,'KEG. PENGAJIAN HARIAN'!$B$2:$B969,">="&$C$2,'KEG. PENGAJIAN HARIAN'!$B$2:$B969,"<="&$E$2,'KEG. PENGAJIAN HARIAN'!$G$2:$G969,"By VN") -> 0 | J10: =COUNTIFS('KEG. PENGAJIAN HARIAN'!$F$2:$F969,B10,'KEG. PENGAJIAN HARIAN'!$B$2:$B969,">="&$C$2,'KEG. PENGAJIAN HARIAN'!$B$2:$B969,"<="&$E$2,'KEG. PENGAJIAN HARIAN'!$G$2:$G969,"izin (murid)") -> 0 | K10: PraNIkah | L10: =countif(D5:D28,"PraNikah") -> 4 | M10: PraNikah | N10: =countif($D$5:$D$33,"PraNikah") -> 6
A11: 7 | B11: Dehan-CND | C11: Canada | D11: PraRMJ-RMJ | E11: =sumifs('KEG. PENGAJIAN HARIAN'!$D$2:$D969,'KEG. PENGAJIAN HARIAN'!$B$2:$B969,">="&$C$2,'KEG. PENGAJIAN HARIAN'!$B$2:$B969,"<="&$E$2,'KEG. PENGAJIAN HARIAN'!$F$2:$F969,B11) -> 0.13680556 | F11: 0.25 | G11: =IFERROR(E11/F11,0) -> 0.54722222 | H11: =COUNTIFS('KEG. PENGAJIAN HARIAN'!$F$2:$F969,B11,'KEG. PENGAJIAN HARIAN'!$B$2:$B969,">="&$C$2,'KEG. PENGAJIAN HARIAN'!$B$2:$B969,"<="&$E$2,'KEG. PENGAJIAN HARIAN'!$G$2:$G969,"hadir") -> 3 | I11: =COUNTIFS('KEG. PENGAJIAN HARIAN'!$F$2:$F969,B11,'KEG. PENGAJIAN HARIAN'!$B$2:$B969,">="&$C$2,'KEG. PENGAJIAN HARIAN'!$B$2:$B969,"<="&$E$2,'KEG. PENGAJIAN HARIAN'!$G$2:$G969,"By VN") -> 0 | J11: =COUNTIFS('KEG. PENGAJIAN HARIAN'!$F$2:$F969,B11,'KEG. PENGAJIAN HARIAN'!$B$2:$B969,">="&$C$2,'KEG. PENGAJIAN HARIAN'!$B$2:$B969,"<="&$E$2,'KEG. PENGAJIAN HARIAN'!$G$2:$G969,"izin (murid)") -> 0 | N11: =sum(N8:N10) -> 29
A12: 8 | B12: Denissa-RLG | C12: New Hampshire | D12: PraRMJ-RMJ | E12: =sumifs('KEG. PENGAJIAN HARIAN'!$D$2:$D969,'KEG. PENGAJIAN HARIAN'!$B$2:$B969,">="&$C$2,'KEG. PENGAJIAN HARIAN'!$B$2:$B969,"<="&$E$2,'KEG. PENGAJIAN HARIAN'!$F$2:$F969,B12) -> 0.063888889 | F12: 0.25 | G12: =IFERROR(E12/F12,0) -> 0.25555556 | H12: =COUNTIFS('KEG. PENGAJIAN HARIAN'!$F$2:$F969,B12,'KEG. PENGAJIAN HARIAN'!$B$2:$B969,">="&$C$2,'KEG. PENGAJIAN HARIAN'!$B$2:$B969,"<="&$E$2,'KEG. PENGAJIAN HARIAN'!$G$2:$G969,"hadir") -> 1 | I12: =COUNTIFS('KEG. PENGAJIAN HARIAN'!$F$2:$F969,B12,'KEG. PENGAJIAN HARIAN'!$B$2:$B969,">="&$C$2,'KEG. PENGAJIAN HARIAN'!$B$2:$B969,"<="&$E$2,'KEG. PENGAJIAN HARIAN'!$G$2:$G969,"By VN") -> 1 | J12: =COUNTIFS('KEG. PENGAJIAN HARIAN'!$F$2:$F969,B12,'KEG. PENGAJIAN HARIAN'!$B$2:$B969,">="&$C$2,'KEG. PENGAJIAN HARIAN'!$B$2:$B969,"<="&$E$2,'KEG. PENGAJIAN HARIAN'!$G$2:$G969,"izin (murid)") -> 0 | K12: Chicago | L12: =countif(C5:C28,"Chicago") -> 10 | M12: Pra CBR-CBR | N12: =IFERROR(__xludf.DUMMYFUNCTION("INDEX(FILTER($B$5:$B$33, $D$5:$D$33=""PraCBR-CBR""), MATCH(MAX(FILTER($G$5:$G$33, $D$5:$D$33=""PraCBR-CBR"")), FILTER($G$5:$G$33, $D$5:$D$33=""PraCBR-CBR""), 0)) "),"Grazia-IN") -> Grazia-IN | O12: 1.475
A13: 9 | B13: Dinda-RLG | C13: New Hampshire | D13: PraCBR-CBR | E13: =sumifs('KEG. PENGAJIAN HARIAN'!$D$2:$D969,'KEG. PENGAJIAN HARIAN'!$B$2:$B969,">="&$C$2,'KEG. PENGAJIAN HARIAN'!$B$2:$B969,"<="&$E$2,'KEG. PENGAJIAN HARIAN'!$F$2:$F969,B13) -> 0.068055556 | F13: 0.25 | G13: =IFERROR(E13/F13,0) -> 0.27222222 | H13: =COUNTIFS('KEG. PENGAJIAN HARIAN'!$F$2:$F969,B13,'KEG. PENGAJIAN HARIAN'!$B$2:$B969,">="&$C$2,'KEG. PENGAJIAN HARIAN'!$B$2:$B969,"<="&$E$2,'KEG. PENGAJIAN HARIAN'!$G$2:$G969,"hadir") -> 2 | I13: =COUNTIFS('KEG. PENGAJIAN HARIAN'!$F$2:$F969,B13,'KEG. PENGAJIAN HARIAN'!$B$2:$B969,">="&$C$2,'KEG. PENGAJIAN HARIAN'!$B$2:$B969,"<="&$E$2,'KEG. PENGAJIAN HARIAN'!$G$2:$G969,"By VN") -> 0 | J13: =COUNTIFS('KEG. PENGAJIAN HARIAN'!$F$2:$F969,B13,'KEG. PENGAJIAN HARIAN'!$B$2:$B969,">="&$C$2,'KEG. PENGAJIAN HARIAN'!$B$2:$B969,"<="&$E$2,'KEG. PENGAJIAN HARIAN'!$G$2:$G969,"izin (murid)") -> 0 | K13: California | L13: =countif(C5:C28,"California") -> 3 | M13: Pra RMJ-RMJ | N13: =IFERROR(__xludf.DUMMYFUNCTION("INDEX(FILTER($B$5:$B$33, $D$5:$D$33=""PraRMJ-RMJ""), MATCH(MAX(FILTER($G$5:$G$33, $D$5:$D$33=""PraRMJ-RMJ"")), FILTER($G$5:$G$33, $D$5:$D$33=""PraRMJ-RMJ""), 0)) "),"Fitri-CND") -> Fitri-CND | O13: 1.4055556
A14: 10 | B14: Dwiki-RLG | C14: New Hampshire | D14: PraNikah | E14: =sumifs('KEG. PENGAJIAN HARIAN'!$D$2:$D969,'KEG. PENGAJIAN HARIAN'!$B$2:$B969,">="&$C$2,'KEG. PENGAJIAN HARIAN'!$B$2:$B969,"<="&$E$2,'KEG. PENGAJIAN HARIAN'!$F$2:$F969,B14) -> 0 | F14: 0.25 | G14: =IFERROR(E14/F14,0) -> 0 | H14: =COUNTIFS('KEG. PENGAJIAN HARIAN'!$F$2:$F969,B14,'KEG. PENGAJIAN HARIAN'!$B$2:$B969,">="&$C$2,'KEG. PENGAJIAN HARIAN'!$B$2:$B969,"<="&$E$2,'KEG. PENGAJIAN HARIAN'!$G$2:$G969,"hadir") -> 0 | I14: =COUNTIFS('KEG. PENGAJIAN HARIAN'!$F$2:$F969,B14,'KEG. PENGAJIAN HARIAN'!$B$2:$B969,">="&$C$2,'KEG. PENGAJIAN HARIAN'!$B$2:$B969,"<="&$E$2,'KEG. PENGAJIAN HARIAN'!$G$2:$G969,"By VN") -> 0 | J14: =COUNTIFS('KEG. PENGAJIAN HARIAN'!$F$2:$F969,B14,'KEG. PENGAJIAN HARIAN'!$B$2:$B969,">="&$C$2,'KEG. PENGAJIAN HARIAN'!$B$2:$B969,"<="&$E$2,'KEG. PENGAJIAN HARIAN'!$G$2:$G969,"izin (murid)") -> 0 | K14: New Hampshire | L14: =countif(C5:C28,"New Hampshire") -> 9 | M14: Pra Nikah 1-4 | N14: =IFERROR(__xludf.DUMMYFUNCTION("INDEX(FILTER($B$5:$B$33, $D$5:$D$33=""PraNikah""), MATCH(MAX(FILTER($G$5:$G$33, $D$5:$D$33=""PraNikah"")), FILTER($G$5:$G$33, $D$5:$D$33=""PraNikah""), 0)) "),"Abi-BFL") -> Abi-BFL | O14: 0.875
A15: 11 | B15: Dylan-CA | C15: California | D15: PraRMJ-RMJ | E15: =sumifs('KEG. PENGAJIAN HARIAN'!$D$2:$D969,'KEG. PENGAJIAN HARIAN'!$B$2:$B969,">="&$C$2,'KEG. PENGAJIAN HARIAN'!$B$2:$B969,"<="&$E$2,'KEG. PENGAJIAN HARIAN'!$F$2:$F969,B15) -> 0.15694444 | F15: 0.25 | G15: =IFERROR(E15/F15,0) -> 0.62777778 | H15: =COUNTIFS('KEG. PENGAJIAN HARIAN'!$F$2:$F969,B15,'KEG. PENGAJIAN HARIAN'!$B$2:$B969,">="&$C$2,'KEG. PENGAJIAN HARIAN'!$B$2:$B969,"<="&$E$2,'KEG. PENGAJIAN HARIAN'!$G$2:$G969,"hadir") -> 6 | I15: =COUNTIFS('KEG. PENGAJIAN HARIAN'!$F$2:$F969,B15,'KEG. PENGAJIAN HARIAN'!$B$2:$B969,">="&$C$2,'KEG. PENGAJIAN HARIAN'!$B$2:$B969,"<="&$E$2,'KEG. PENGAJIAN HARIAN'!$G$2:$G969,"By VN") -> 0 | J15: =COUNTIFS('KEG. PENGAJIAN HARIAN'!$F$2:$F969,B15,'KEG. PENGAJIAN HARIAN'!$B$2:$B969,">="&$C$2,'KEG. PENGAJIAN HARIAN'!$B$2:$B969,"<="&$E$2,'KEG. PENGAJIAN HARIAN'!$G$2:$G969,"izin (murid)") -> 0 | K15: Canada | L15: =countif(C5:C28,"Canada") -> 2
A16: 12 | B16: Fitri-CND | C16: Canada | D16: PraRMJ-RMJ | E16: =sumifs('KEG. PENGAJIAN HARIAN'!$D$2:$D969,'KEG. PENGAJIAN HARIAN'!$B$2:$B969,">="&$C$2,'KEG. PENGAJIAN HARIAN'!$B$2:$B969,"<="&$E$2,'KEG. PENGAJIAN HARIAN'!$F$2:$F969,B16) -> 0.35138889 | F16: 0.25 | G16: =IFERROR(E16/F16,0) -> 1.4055556 | H16: =COUNTIFS('KEG. PENGAJIAN HARIAN'!$F$2:$F969,B16,'KEG. PENGAJIAN HARIAN'!$B$2:$B969,">="&$C$2,'KEG. PENGAJIAN HARIAN'!$B$2:$B969,"<="&$E$2,'KEG. PENGAJIAN HARIAN'!$G$2:$G969,"hadir") -> 8 | I16: =COUNTIFS('KEG. PENGAJIAN HARIAN'!$F$2:$F969,B16,'KEG. PENGAJIAN HARIAN'!$B$2:$B969,">="&$C$2,'KEG. PENGAJIAN HARIAN'!$B$2:$B969,"<="&$E$2,'KEG. PENGAJIAN HARIAN'!$G$2:$G969,"By VN") -> 0 | J16: =COUNTIFS('KEG. PENGAJIAN HARIAN'!$F$2:$F969,B16,'KEG. PENGAJIAN HARIAN'!$B$2:$B969,">="&$C$2,'KEG. PENGAJIAN HARIAN'!$B$2:$B969,"<="&$E$2,'KEG. PENGAJIAN HARIAN'!$G$2:$G969,"izin (murid)") -> 0
A17: 13 | B17: Gabriel-CH | C17: Chicago | D17: PraCBR-CBR | E17: =sumifs('KEG. PENGAJIAN HARIAN'!$D$2:$D969,'KEG. PENGAJIAN HARIAN'!$B$2:$B969,">="&$C$2,'KEG. PENGAJIAN HARIAN'!$B$2:$B969,"<="&$E$2,'KEG. PENGAJIAN HARIAN'!$F$2:$F969,B17) -> 0.16666667 | F17: 0.25 | G17: =IFERROR(E17/F17,0) -> 0.66666667 | H17: =COUNTIFS('KEG. PENGAJIAN HARIAN'!$F$2:$F969,B17,'KEG. PENGAJIAN HARIAN'!$B$2:$B969,">="&$C$2,'KEG. PENGAJIAN HARIAN'!$B$2:$B969,"<="&$E$2,'KEG. PENGAJIAN HARIAN'!$G$2:$G969,"hadir") -> 8 | I17: =COUNTIFS('KEG. PENGAJIAN HARIAN'!$F$2:$F969,B17,'KEG. PENGAJIAN HARIAN'!$B$2:$B969,">="&$C$2,'KEG. PENGAJIAN HARIAN'!$B$2:$B969,"<="&$E$2,'KEG. PENGAJIAN HARIAN'!$G$2:$G969,"By VN") -> 0 | J17: =COUNTIFS('KEG. PENGAJIAN HARIAN'!$F$2:$F969,B17,'KEG. PENGAJIAN HARIAN'!$B$2:$B969,">="&$C$2,'KEG. PENGAJIAN HARIAN'!$B$2:$B969,"<="&$E$2,'KEG. PENGAJIAN HARIAN'!$G$2:$G969,"izin (murid)") -> 0
A18: 14 | B18: Grazia-IN | C18: Chicago | D18: PraCBR-CBR | E18: =sumifs('KEG. PENGAJIAN HARIAN'!$D$2:$D969,'KEG. PENGAJIAN HARIAN'!$B$2:$B969,">="&$C$2,'KEG. PENGAJIAN HARIAN'!$B$2:$B969,"<="&$E$2,'KEG. PENGAJIAN HARIAN'!$F$2:$F969,B18) -> 0.36875 | F18: 0.25 | G18: =IFERROR(E18/F18,0) -> 1.475 | H18: =COUNTIFS('KEG. PENGAJIAN HARIAN'!$F$2:$F969,B18,'KEG. PENGAJIAN HARIAN'!$B$2:$B969,">="&$C$2,'KEG. PENGAJIAN HARIAN'!$B$2:$B969,"<="&$E$2,'KEG. PENGAJIAN HARIAN'!$G$2:$G969,"hadir") -> 11 | I18: =COUNTIFS('KEG. PENGAJIAN HARIAN'!$F$2:$F969,B18,'KEG. PENGAJIAN HARIAN'!$B$2:$B969,">="&$C$2,'KEG. PENGAJIAN HARIAN'!$B$2:$B969,"<="&$E$2,'KEG. PENGAJIAN HARIAN'!$G$2:$G969,"By VN") -> 0 | J18: =COUNTIFS('KEG. PENGAJIAN HARIAN'!$F$2:$F969,B18,'KEG. PENGAJIAN HARIAN'!$B$2:$B969,">="&$C$2,'KEG. PENGAJIAN HARIAN'!$B$2:$B969,"<="&$E$2,'KEG. PENGAJIAN HARIAN'!$G$2:$G969,"izin (murid)") -> 0
A19: 15 | B19: Hafiz-PTM | C19: New Hampshire | D19: PraCBR-CBR | E19: =sumifs('KEG. PENGAJIAN HARIAN'!$D$2:$D969,'KEG. PENGAJIAN HARIAN'!$B$2:$B969,">="&$C$2,'KEG. PENGAJIAN HARIAN'!$B$2:$B969,"<="&$E$2,'KEG. PENGAJIAN HARIAN'!$F$2:$F969,B19) -> 0.25486111 | F19: 0.25 | G19: =IFERROR(E19/F19,0) -> 1.0194444 | H19: =COUNTIFS('KEG. PENGAJIAN HARIAN'!$F$2:$F969,B19,'KEG. PENGAJIAN HARIAN'!$B$2:$B969,">="&$C$2,'KEG. PENGAJIAN HARIAN'!$B$2:$B969,"<="&$E$2,'KEG. PENGAJIAN HARIAN'!$G$2:$G969,"hadir") -> 6 | I19: =COUNTIFS('KEG. PENGAJIAN HARIAN'!$F$2:$F969,B19,'KEG. PENGAJIAN HARIAN'!$B$2:$B969,">="&$C$2,'KEG. PENGAJIAN HARIAN'!$B$2:$B969,"<="&$E$2,'KEG. PENGAJIAN HARIAN'!$G$2:$G969,"By VN") -> 0 | J19: =COUNTIFS('KEG. PENGAJIAN HARIAN'!$F$2:$F969,B19,'KEG. PENGAJIAN HARIAN'!$B$2:$B969,">="&$C$2,'KEG. PENGAJIAN HARIAN'!$B$2:$B969,"<="&$E$2,'KEG. PENGAJIAN HARIAN'!$G$2:$G969,"izin (murid)") -> 0
A20: 16 | B20: Irsan-CH | C20: Chicago | D20: PraRMJ-RMJ | E20: =sumifs('KEG. PENGAJIAN HARIAN'!$D$2:$D969,'KEG. PENGAJIAN HARIAN'!$B$2:$B969,">="&$C$2,'KEG. PENGAJIAN HARIAN'!$B$2:$B969,"<="&$E$2,'KEG. PENGAJIAN HARIAN'!$F$2:$F969,B20) -> 0.22152778 | F20: 0.25 | G20: =IFERROR(E20/F20,0) -> 0.88611111 | H20: =COUNTIFS('KEG. PENGAJIAN HARIAN'!$F$2:$F969,B20,'KEG. PENGAJIAN HARIAN'!$B$2:$B969,">="&$C$2,'KEG. PENGAJIAN HARIAN'!$B$2:$B969,"<="&$E$2,'KEG. PENGAJIAN HARIAN'!$G$2:$G969,"hadir") -> 6 | I20: =COUNTIFS('KEG. PENGAJIAN HARIAN'!$F$2:$F969,B20,'KEG. PENGAJIAN HARIAN'!$B$2:$B969,">="&$C$2,'KEG. PENGAJIAN HARIAN'!$B$2:$B969,"<="&$E$2,'KEG. PENGAJIAN HARIAN'!$G$2:$G969,"By VN") -> 0 | J20: =COUNTIFS('KEG. PENGAJIAN HARIAN'!$F$2:$F969,B20,'KEG. PENGAJIAN HARIAN'!$B$2:$B969,">="&$C$2,'KEG. PENGAJIAN HARIAN'!$B$2:$B969,"<="&$E$2,'KEG. PENGAJIAN HARIAN'!$G$2:$G969,"izin (murid)") -> 0
A21: 17 | B21: Jourdan-CA | C21: California | D21: PraNikah | E21: =sumifs('KEG. PENGAJIAN HARIAN'!$D$2:$D969,'KEG. PENGAJIAN HARIAN'!$B$2:$B969,">="&$C$2,'KEG. PENGAJIAN HARIAN'!$B$2:$B969,"<="&$E$2,'KEG. PENGAJIAN HARIAN'!$F$2:$F969,B21) -> 0 | F21: 0.25 | G21: =IFERROR(E21/F21,0) -> 0 | H21: =COUNTIFS('KEG. PENGAJIAN HARIAN'!$F$2:$F969,B21,'KEG. PENGAJIAN HARIAN'!$B$2:$B969,">="&$C$2,'KEG. PENGAJIAN HARIAN'!$B$2:$B969,"<="&$E$2,'KEG. PENGAJIAN HARIAN'!$G$2:$G969,"hadir") -> 0 | I21: =COUNTIFS('KEG. PENGAJIAN HARIAN'!$F$2:$F969,B21,'KEG. PENGAJIAN HARIAN'!$B$2:$B969,">="&$C$2,'KEG. PENGAJIAN HARIAN'!$B$2:$B969,"<="&$E$2,'KEG. PENGAJIAN HARIAN'!$G$2:$G969,"By VN") -> 0 | J21: =COUNTIFS('KEG. PENGAJIAN HARIAN'!$F$2:$F969,B21,'KEG. PENGAJIAN HARIAN'!$B$2:$B969,">="&$C$2,'KEG. PENGAJIAN HARIAN'!$B$2:$B969,"<="&$E$2,'KEG. PENGAJIAN HARIAN'!$G$2:$G969,"izin (murid)") -> 0
A22: 18 | B22: Jubilee-CH | C22: Chicago | D22: PraCBR-CBR | E22: =sumifs('KEG. PENGAJIAN HARIAN'!$D$2:$D969,'KEG. PENGAJIAN HARIAN'!$B$2:$B969,">="&$C$2,'KEG. PENGAJIAN HARIAN'!$B$2:$B969,"<="&$E$2,'KEG. PENGAJIAN HARIAN'!$F$2:$F969,B22) -> 0.22152778 | F22: 0.25 | G22: =IFERROR(E22/F22,0) -> 0.88611111 | H22: =COUNTIFS('KEG. PENGAJIAN HARIAN'!$F$2:$F969,B22,'KEG. PENGAJIAN HARIAN'!$B$2:$B969,">="&$C$2,'KEG. PENGAJIAN HARIAN'!$B$2:$B969,"<="&$E$2,'KEG. PENGAJIAN HARIAN'!$G$2:$G969,"hadir") -> 12 | I22: =COUNTIFS('KEG. PENGAJIAN HARIAN'!$F$2:$F969,B22,'KEG. PENGAJIAN HARIAN'!$B$2:$B969,">="&$C$2,'KEG. PENGAJIAN HARIAN'!$B$2:$B969,"<="&$E$2,'KEG. PENGAJIAN HARIAN'!$G$2:$G969,"By VN") -> 0 | J22: =COUNTIFS('KEG. PENGAJIAN HARIAN'!$F$2:$F969,B22,'KEG. PENGAJIAN HARIAN'!$B$2:$B969,">="&$C$2,'KEG. PENGAJIAN HARIAN'!$B$2:$B969,"<="&$E$2,'KEG. PENGAJIAN HARIAN'!$G$2:$G969,"izin (murid)") -> 0
A23: 19 | B23: Kayla-CA | C23: California | D23: PraNikah | E23: =sumifs('KEG. PENGAJIAN HARIAN'!$D$2:$D969,'KEG. PENGAJIAN HARIAN'!$B$2:$B969,">="&$C$2,'KEG. PENGAJIAN HARIAN'!$B$2:$B969,"<="&$E$2,'KEG. PENGAJIAN HARIAN'!$F$2:$F969,B23) -> 0.079166667 | F23: 0.25 | G23: =IFERROR(E23/F23,0) -> 0.31666667 | H23: =COUNTIFS('KEG. PENGAJIAN HARIAN'!$F$2:$F969,B23,'KEG. PENGAJIAN HARIAN'!$B$2:$B969,">="&$C$2,'KEG. PENGAJIAN HARIAN'!$B$2:$B969,"<="&$E$2,'KEG. PENGAJIAN HARIAN'!$G$2:$G969,"hadir") -> 1 | I23: =COUNTIFS('KEG. PENGAJIAN HARIAN'!$F$2:$F969,B23,'KEG. PENGAJIAN HARIAN'!$B$2:$B969,">="&$C$2,'KEG. PENGAJIAN HARIAN'!$B$2:$B969,"<="&$E$2,'KEG. PENGAJIAN HARIAN'!$G$2:$G969,"By VN") -> 0 | J23: =COUNTIFS('KEG. PENGAJIAN HARIAN'!$F$2:$F969,B23,'KEG. PENGAJIAN HARIAN'!$B$2:$B969,">="&$C$2,'KEG. PENGAJIAN HARIAN'!$B$2:$B969,"<="&$E$2,'KEG. PENGAJIAN HARIAN'!$G$2:$G969,"izin (murid)") -> 0
A24: 20 | B24: Khayri-CH | C24: Chicago | D24: PraCBR-CBR | E24: =sumifs('KEG. PENGAJIAN HARIAN'!$D$2:$D969,'KEG. PENGAJIAN HARIAN'!$B$2:$B969,">="&$C$2,'KEG. PENGAJIAN HARIAN'!$B$2:$B969,"<="&$E$2,'KEG. PENGAJIAN HARIAN'!$F$2:$F969,B24) -> 0.23402778 | F24: 0.25 | G24: =IFERROR(E24/F24,0) -> 0.93611111 | H24: =COUNTIFS('KEG. PENGAJIAN HARIAN'!$F$2:$F969,B24,'KEG. PENGAJIAN HARIAN'!$B$2:$B969,">="&$C$2,'KEG. PENGAJIAN HARIAN'!$B$2:$B969,"<="&$E$2,'KEG. PENGAJIAN HARIAN'!$G$2:$G969,"hadir") -> 11 | I24: =COUNTIFS('KEG. PENGAJIAN HARIAN'!$F$2:$F969,B24,'KEG. PENGAJIAN HARIAN'!$B$2:$B969,">="&$C$2,'KEG. PENGAJIAN HARIAN'!$B$2:$B969,"<="&$E$2,'KEG. PENGAJIAN HARIAN'!$G$2:$G969,"By VN") -> 0 | J24: =COUNTIFS('KEG. PENGAJIAN HARIAN'!$F$2:$F969,B24,'KEG. PENGAJIAN HARIAN'!$B$2:$B969,">="&$C$2,'KEG. PENGAJIAN HARIAN'!$B$2:$B969,"<="&$E$2,'KEG. PENGAJIAN HARIAN'!$G$2:$G969,"izin (murid)") -> 0
A25: 21 | B25: Khadijah-RLG | C25: Chicago | D25: PraCBR-CBR | E25: =sumifs('KEG. PENGAJIAN HARIAN'!$D$2:$D969,'KEG. PENGAJIAN HARIAN'!$B$2:$B969,">="&$C$2,'KEG. PENGAJIAN HARIAN'!$B$2:$B969,"<="&$E$2,'KEG. PENGAJIAN HARIAN'!$F$2:$F969,B25) -> 0.21458333 | F25: 0.25 | G25: =IFERROR(E25/F25,0) -> 0.85833333 | H25: =COUNTIFS('KEG. PENGAJIAN HARIAN'!$F$2:$F969,B25,'KEG. PENGAJIAN HARIAN'!$B$2:$B969,">="&$C$2,'KEG. PENGAJIAN HARIAN'!$B$2:$B969,"<="&$E$2,'KEG. PENGAJIAN HARIAN'!$G$2:$G969,"hadir") -> 8 | I25: =COUNTIFS('KEG. PENGAJIAN HARIAN'!$F$2:$F969,B25,'KEG. PENGAJIAN HARIAN'!$B$2:$B969,">="&$C$2,'KEG. PENGAJIAN HARIAN'!$B$2:$B969,"<="&$E$2,'KEG. PENGAJIAN HARIAN'!$G$2:$G969,"By VN") -> 0 | J25: =COUNTIFS('KEG. PENGAJIAN HARIAN'!$F$2:$F969,B25,'KEG. PENGAJIAN HARIAN'!$B$2:$B969,">="&$C$2,'KEG. PENGAJIAN HARIAN'!$B$2:$B969,"<="&$E$2,'KEG. PENGAJIAN HARIAN'!$G$2:$G969,"izin (murid)") -> 2
A26: 22 | B26: Kirana-CH | C26: Chicago | D26: PraCBR-CBR | E26: =sumifs('KEG. PENGAJIAN HARIAN'!$D$2:$D969,'KEG. PENGAJIAN HARIAN'!$B$2:$B969,">="&$C$2,'KEG. PENGAJIAN HARIAN'!$B$2:$B969,"<="&$E$2,'KEG. PENGAJIAN HARIAN'!$F$2:$F969,B26) -> 0.17361111 | F26: 0.25 | G26: =IFERROR(E26/F26,0) -> 0.69444444 | H26: =COUNTIFS('KEG. PENGAJIAN HARIAN'!$F$2:$F969,B26,'KEG. PENGAJIAN HARIAN'!$B$2:$B969,">="&$C$2,'KEG. PENGAJIAN HARIAN'!$B$2:$B969,"<="&$E$2,'KEG. PENGAJIAN HARIAN'!$G$2:$G969,"hadir") -> 8 | I26: =COUNTIFS('KEG. PENGAJIAN HARIAN'!$F$2:$F969,B26,'KEG. PENGAJIAN HARIAN'!$B$2:$B969,">="&$C$2,'KEG. PENGAJIAN HARIAN'!$B$2:$B969,"<="&$E$2,'KEG. PENGAJIAN HARIAN'!$G$2:$G969,"By VN") -> 0 | J26: =COUNTIFS('KEG. PENGAJIAN HARIAN'!$F$2:$F969,B26,'KEG. PENGAJIAN HARIAN'!$B$2:$B969,">="&$C$2,'KEG. PENGAJIAN HARIAN'!$B$2:$B969,"<="&$E$2,'KEG. PENGAJIAN HARIAN'!$G$2:$G969,"izin (murid)") -> 0
A27: 23 | B27: Liv-CH | C27: Chicago | D27: PraCBR-CBR | E27: =sumifs('KEG. PENGAJIAN HARIAN'!$D$2:$D969,'KEG. PENGAJIAN HARIAN'!$B$2:$B969,">="&$C$2,'KEG. PENGAJIAN HARIAN'!$B$2:$B969,"<="&$E$2,'KEG. PENGAJIAN HARIAN'!$F$2:$F969,B27) -> 0 | F27: 0.25 | G27: =IFERROR(E27/F27,0) -> 0 | H27: =COUNTIFS('KEG. PENGAJIAN HARIAN'!$F$2:$F969,B27,'KEG. PENGAJIAN HARIAN'!$B$2:$B969,">="&$C$2,'KEG. PENGAJIAN HARIAN'!$B$2:$B969,"<="&$E$2,'KEG. PENGAJIAN HARIAN'!$G$2:$G969,"hadir") -> 0 | I27: =COUNTIFS('KEG. PENGAJIAN HARIAN'!$F$2:$F969,B27,'KEG. PENGAJIAN HARIAN'!$B$2:$B969,">="&$C$2,'KEG. PENGAJIAN HARIAN'!$B$2:$B969,"<="&$E$2,'KEG. PENGAJIAN HARIAN'!$G$2:$G969,"By VN") -> 0 | J27: =COUNTIFS('KEG. PENGAJIAN HARIAN'!$F$2:$F969,B27,'KEG. PENGAJIAN HARIAN'!$B$2:$B969,">="&$C$2,'KEG. PENGAJIAN HARIAN'!$B$2:$B969,"<="&$E$2,'KEG. PENGAJIAN HARIAN'!$G$2:$G969,"izin (murid)") -> 0
A28: 24 | B28: Mikail-CH | C28: Chicago | D28: PraCBR-CBR | E28: =sumifs('KEG. PENGAJIAN HARIAN'!$D$2:$D969,'KEG. PENGAJIAN HARIAN'!$B$2:$B969,">="&$C$2,'KEG. PENGAJIAN HARIAN'!$B$2:$B969,"<="&$E$2,'KEG. PENGAJIAN HARIAN'!$F$2:$F969,B28) -> 0.13333333 | F28: 0.25 | G28: =IFERROR(E28/F28,0) -> 0.53333333 | H28: =COUNTIFS('KEG. PENGAJIAN HARIAN'!$F$2:$F969,B28,'KEG. PENGAJIAN HARIAN'!$B$2:$B969,">="&$C$2,'KEG. PENGAJIAN HARIAN'!$B$2:$B969,"<="&$E$2,'KEG. PENGAJIAN HARIAN'!$G$2:$G969,"hadir") -> 6 | I28: =COUNTIFS('KEG. PENGAJIAN HARIAN'!$F$2:$F969,B28,'KEG. PENGAJIAN HARIAN'!$B$2:$B969,">="&$C$2,'KEG. PENGAJIAN HARIAN'!$B$2:$B969,"<="&$E$2,'KEG. PENGAJIAN HARIAN'!$G$2:$G969,"By VN") -> 0 | J28: =COUNTIFS('KEG. PENGAJIAN HARIAN'!$F$2:$F969,B28,'KEG. PENGAJIAN HARIAN'!$B$2:$B969,">="&$C$2,'KEG. PENGAJIAN HARIAN'!$B$2:$B969,"<="&$E$2,'KEG. PENGAJIAN HARIAN'!$G$2:$G969,"izin (murid)") -> 0
A29: 25 | B29: Nadeen-CH | C29: Chicago | D29: PraCBR-CBR | E29: =sumifs('KEG. PENGAJIAN HARIAN'!$D$2:$D969,'KEG. PENGAJIAN HARIAN'!$B$2:$B969,">="&$C$2,'KEG. PENGAJIAN HARIAN'!$B$2:$B969,"<="&$E$2,'KEG. PENGAJIAN HARIAN'!$F$2:$F969,B29) -> 0.27916667 | F29: 0.25 | G29: =IFERROR(E29/F29,0) -> 1.1166667 | H29: =COUNTIFS('KEG. PENGAJIAN HARIAN'!$F$2:$F969,B29,'KEG. PENGAJIAN HARIAN'!$B$2:$B969,">="&$C$2,'KEG. PENGAJIAN HARIAN'!$B$2:$B969,"<="&$E$2,'KEG. PENGAJIAN HARIAN'!$G$2:$G969,"hadir") -> 7 | I29: =COUNTIFS('KEG. PENGAJIAN HARIAN'!$F$2:$F969,B29,'KEG. PENGAJIAN HARIAN'!$B$2:$B969,">="&$C$2,'KEG. PENGAJIAN HARIAN'!$B$2:$B969,"<="&$E$2,'KEG. PENGAJIAN HARIAN'!$G$2:$G969,"By VN") -> 0 | J29: =COUNTIFS('KEG. PENGAJIAN HARIAN'!$F$2:$F969,B29,'KEG. PENGAJIAN HARIAN'!$B$2:$B969,">="&$C$2,'KEG. PENGAJIAN HARIAN'!$B$2:$B969,"<="&$E$2,'KEG. PENGAJIAN HARIAN'!$G$2:$G969,"izin (murid)") -> 0
A30: 26 | B30: Qalesya-ATL | C30: Chicago | D30: PraRMJ-RMJ | E30: =sumifs('KEG. PENGAJIAN HARIAN'!$D$2:$D969,'KEG. PENGAJIAN HARIAN'!$B$2:$B969,">="&$C$2,'KEG. PENGAJIAN HARIAN'!$B$2:$B969,"<="&$E$2,'KEG. PENGAJIAN HARIAN'!$F$2:$F969,B30) -> 0 | F30: 0.25 | G30: =IFERROR(E30/F30,0) -> 0 | H30: =COUNTIFS('KEG. PENGAJIAN HARIAN'!$F$2:$F969,B30,'KEG. PENGAJIAN HARIAN'!$B$2:$B969,">="&$C$2,'KEG. PENGAJIAN HARIAN'!$B$2:$B969,"<="&$E$2,'KEG. PENGAJIAN HARIAN'!$G$2:$G969,"hadir") -> 0 | I30: =COUNTIFS('KEG. PENGAJIAN HARIAN'!$F$2:$F969,B30,'KEG. PENGAJIAN HARIAN'!$B$2:$B969,">="&$C$2,'KEG. PENGAJIAN HARIAN'!$B$2:$B969,"<="&$E$2,'KEG. PENGAJIAN HARIAN'!$G$2:$G969,"By VN") -> 0 | J30: =COUNTIFS('KEG. PENGAJIAN HARIAN'!$F$2:$F969,B30,'KEG. PENGAJIAN HARIAN'!$B$2:$B969,">="&$C$2,'KEG. PENGAJIAN HARIAN'!$B$2:$B969,"<="&$E$2,'KEG. PENGAJIAN HARIAN'!$G$2:$G969,"izin (murid)") -> 0
A31: 27 | B31: Rambo-CH | C31: Chicago | D31: PraCBR-CBR | E31: =sumifs('KEG. PENGAJIAN HARIAN'!$D$2:$D969,'KEG. PENGAJIAN HARIAN'!$B$2:$B969,">="&$C$2,'KEG. PENGAJIAN HARIAN'!$B$2:$B969,"<="&$E$2,'KEG. PENGAJIAN HARIAN'!$F$2:$F969,B31) -> 0.13541667 | F31: 0.25 | G31: =IFERROR(E31/F31,0) -> 0.54166667 | H31: =COUNTIFS('KEG. PENGAJIAN HARIAN'!$F$2:$F969,B31,'KEG. PENGAJIAN HARIAN'!$B$2:$B969,">="&$C$2,'KEG. PENGAJIAN HARIAN'!$B$2:$B969,"<="&$E$2,'KEG. PENGAJIAN HARIAN'!$G$2:$G969,"hadir") -> 4 | I31: =COUNTIFS('KEG. PENGAJIAN HARIAN'!$F$2:$F969,B31,'KEG. PENGAJIAN HARIAN'!$B$2:$B969,">="&$C$2,'KEG. PENGAJIAN HARIAN'!$B$2:$B969,"<="&$E$2,'KEG. PENGAJIAN HARIAN'!$G$2:$G969,"By VN") -> 0 | J31: =COUNTIFS('KEG. PENGAJIAN HARIAN'!$F$2:$F969,B31,'KEG. PENGAJIAN HARIAN'!$B$2:$B969,">="&$C$2,'KEG. PENGAJIAN HARIAN'!$B$2:$B969,"<="&$E$2,'KEG. PENGAJIAN HARIAN'!$G$2:$G969,"izin (murid)") -> 0
A32: 28 | B32: Tami-BFL | C32: Chicago | D32: PraNikah | E32: =sumifs('KEG. PENGAJIAN HARIAN'!$D$2:$D969,'KEG. PENGAJIAN HARIAN'!$B$2:$B969,">="&$C$2,'KEG. PENGAJIAN HARIAN'!$B$2:$B969,"<="&$E$2,'KEG. PENGAJIAN HARIAN'!$F$2:$F969,B32) -> 0.20625 | F32: 0.25 | G32: =IFERROR(E32/F32,0) -> 0.825 | H32: =COUNTIFS('KEG. PENGAJIAN HARIAN'!$F$2:$F969,B32,'KEG. PENGAJIAN HARIAN'!$B$2:$B969,">="&$C$2,'KEG. PENGAJIAN HARIAN'!$B$2:$B969,"<="&$E$2,'KEG. PENGAJIAN HARIAN'!$G$2:$G969,"hadir") -> 4 | I32: =COUNTIFS('KEG. PENGAJIAN HARIAN'!$F$2:$F969,B32,'KEG. PENGAJIAN HARIAN'!$B$2:$B969,">="&$C$2,'KEG. PENGAJIAN HARIAN'!$B$2:$B969,"<="&$E$2,'KEG. PENGAJIAN HARIAN'!$G$2:$G969,"By VN") -> 0 | J32: =COUNTIFS('KEG. PENGAJIAN HARIAN'!$F$2:$F969,B32,'KEG. PENGAJIAN HARIAN'!$B$2:$B969,">="&$C$2,'KEG. PENGAJIAN HARIAN'!$B$2:$B969,"<="&$E$2,'KEG. PENGAJIAN HARIAN'!$G$2:$G969,"izin (murid)") -> 0
A33: 29 | B33: Zahra-RLG | C33: New Hampshire | D33: PraNikah | E33: =sumifs('KEG. PENGAJIAN HARIAN'!$D$2:$D969,'KEG. PENGAJIAN HARIAN'!$B$2:$B969,">="&$C$2,'KEG. PENGAJIAN HARIAN'!$B$2:$B969,"<="&$E$2,'KEG. PENGAJIAN HARIAN'!$F$2:$F969,B33) -> 0.11527778 | F33: 0.25 | G33: =IFERROR(E33/F33,0) -> 0.46111111 | H33: =COUNTIFS('KEG. PENGAJIAN HARIAN'!$F$2:$F969,B33,'KEG. PENGAJIAN HARIAN'!$B$2:$B969,">="&$C$2,'KEG. PENGAJIAN HARIAN'!$B$2:$B969,"<="&$E$2,'KEG. PENGAJIAN HARIAN'!$G$2:$G969,"hadir") -> 3 | I33: =COUNTIFS('KEG. PENGAJIAN HARIAN'!$F$2:$F969,B33,'KEG. PENGAJIAN HARIAN'!$B$2:$B969,">="&$C$2,'KEG. PENGAJIAN HARIAN'!$B$2:$B969,"<="&$E$2,'KEG. PENGAJIAN HARIAN'!$G$2:$G969,"By VN") -> 0 | J33: =COUNTIFS('KEG. PENGAJIAN HARIAN'!$F$2:$F969,B33,'KEG. PENGAJIAN HARIAN'!$B$2:$B969,">="&$C$2,'KEG. PENGAJIAN HARIAN'!$B$2:$B969,"<="&$E$2,'KEG. PENGAJIAN HARIAN'!$G$2:$G969,"izin (murid)") -> 0
E34: =SUM(E5:E33) -> 4.7736111 | F34: =SUM(F5:F33) -> 7.25
E35: =E34/F34 -> 0.65842912
C37: Chicago | D37: =COUNTIF($C$5:$C$33,C37) -> 14 | I37: %per Kelompok
C38: New Hampshire | D38: =COUNTIF($C$5:$C$33,C38) -> 10 | E38: Chicago | F38: =SUMIF($C$5:$C$33,E38,$F$5:$F$33) -> 3.5 | G38: Chicago | H38: =SUMIF($C$5:$C$33,G38,$E$5:$E$33) -> 2.5736111 | I38: =H38/F38 -> 0.73531746
C39: California | D39: =COUNTIF($C$5:$C$33,C39) -> 3 | E39: New Hampshire | F39: =SUMIF($C$5:$C$33,E39,$F$5:$F$33) -> 2.5 | G39: New Hampshire | H39: =SUMIF(C8:C35,G39,E8:E35) -> 1.1125 | I39: =H39/F39 -> 0.445
C40: Canada | D40: =COUNTIF($C$5:$C$33,C40) -> 2 | E40: California | F40: =SUMIF($C$5:$C$33,E40,$F$5:$F$33) -> 0.75 | G40: California | H40: =SUMIF(C9:C36,G40,E9:E36) -> 0.23611111 | I40: =H40/F40 -> 0.31481481
C41: Total | D41: =sum(D37:D40) -> 29 | E41: Canada | F41: =SUMIF($C$5:$C$33,E41,$F$5:$F$33) -> 0.5 | G41: Canada | H41: =SUMIF(C10:C37,G41,E10:E37) -> 0.48819444 | I41: =H41/F41 -> 0.97638889
F45: =sum(F38:F41) -> 7.25

Sheet Mei
A1: REKAPITULASI KEHADIRAN MURID PENGAJIAN PPG AMERICA
B2: Mulai : | C2: 45778 | D2: Hingga : | E2: 45808
A4: NO. | B4: NAMA MURID | C4: KELOMPOK | D4: Jenjang Usia | E4: DURASI MENGAJI | F4: TARGET DURASI | G4: % DURASI | H4: HADIR | I4: BY VN | J4: IZIN (MURID)
A5: 1 | B5: Abell-NH | C5: New Hampshire | D5: PraCBR-CBR | E5: =sumifs('KEG. PENGAJIAN HARIAN'!$D$2:$D969,'KEG. PENGAJIAN HARIAN'!$B$2:$B969,">="&$C$2,'KEG. PENGAJIAN HARIAN'!$B$2:$B969,"<="&$E$2,'KEG. PENGAJIAN HARIAN'!$F$2:$F969,B5) -> 0.17777778 | F5: 0.5 | G5: =IFERROR(E5/F5,0) -> 0.35555556 | H5: =COUNTIFS('KEG. PENGAJIAN HARIAN'!$F$2:$F969,B5,'KEG. PENGAJIAN HARIAN'!$B$2:$B969,">="&$C$2,'KEG. PENGAJIAN HARIAN'!$B$2:$B969,"<="&$E$2,'KEG. PENGAJIAN HARIAN'!$G$2:$G969,"hadir") -> 3 | I5: =COUNTIFS('KEG. PENGAJIAN HARIAN'!$F$2:$F969,B5,'KEG. PENGAJIAN HARIAN'!$B$2:$B969,">="&$C$2,'KEG. PENGAJIAN HARIAN'!$B$2:$B969,"<="&$E$2,'KEG. PENGAJIAN HARIAN'!$G$2:$G969,"By VN") -> 0 | J5: =COUNTIFS('KEG. PENGAJIAN HARIAN'!$F$2:$F969,B5,'KEG. PENGAJIAN HARIAN'!$B$2:$B969,">="&$C$2,'KEG. PENGAJIAN HARIAN'!$B$2:$B969,"<="&$E$2,'KEG. PENGAJIAN HARIAN'!$G$2:$G969,"izin (murid)") -> 2
A6: 2 | B6: Abi-BFL | C6: Chicago | D6: PraNikah | E6: =sumifs('KEG. PENGAJIAN HARIAN'!$D$2:$D969,'KEG. PENGAJIAN HARIAN'!$B$2:$B969,">="&$C$2,'KEG. PENGAJIAN HARIAN'!$B$2:$B969,"<="&$E$2,'KEG. PENGAJIAN HARIAN'!$F$2:$F969,B6) -> 0.17291667 | F6: 0.5 | G6: =IFERROR(E6/F6,0) -> 0.34583333 | H6: =COUNTIFS('KEG. PENGAJIAN HARIAN'!$F$2:$F969,B6,'KEG. PENGAJIAN HARIAN'!$B$2:$B969,">="&$C$2,'KEG. PENGAJIAN HARIAN'!$B$2:$B969,"<="&$E$2,'KEG. PENGAJIAN HARIAN'!$G$2:$G969,"hadir") -> 5 | I6: =COUNTIFS('KEG. PENGAJIAN HARIAN'!$F$2:$F969,B6,'KEG. PENGAJIAN HARIAN'!$B$2:$B969,">="&$C$2,'KEG. PENGAJIAN HARIAN'!$B$2:$B969,"<="&$E$2,'KEG. PENGAJIAN HARIAN'!$G$2:$G969,"By VN") -> 0 | J6: =COUNTIFS('KEG. PENGAJIAN HARIAN'!$F$2:$F969,B6,'KEG. PENGAJIAN HARIAN'!$B$2:$B969,">="&$C$2,'KEG. PENGAJIAN HARIAN'!$B$2:$B969,"<="&$E$2,'KEG. PENGAJIAN HARIAN'!$G$2:$G969,"izin (murid)") -> 0
A7: 3 | B7: Afiqa-DC | C7: New Hampshire | D7: PraCBR-CBR | E7: =sumifs('KEG. PENGAJIAN HARIAN'!$D$2:$D969,'KEG. PENGAJIAN HARIAN'!$B$2:$B969,">="&$C$2,'KEG. PENGAJIAN HARIAN'!$B$2:$B969,"<="&$E$2,'KEG. PENGAJIAN HARIAN'!$F$2:$F969,B7) -> 0.50555556 | F7: 0.5 | G7: =IFERROR(E7/F7,0) -> 1.0111111 | H7: =COUNTIFS('KEG. PENGAJIAN HARIAN'!$F$2:$F969,B7,'KEG. PENGAJIAN HARIAN'!$B$2:$B969,">="&$C$2,'KEG. PENGAJIAN HARIAN'!$B$2:$B969,"<="&$E$2,'KEG. PENGAJIAN HARIAN'!$G$2:$G969,"hadir") -> 14 | I7: =COUNTIFS('KEG. PENGAJIAN HARIAN'!$F$2:$F969,B7,'KEG. PENGAJIAN HARIAN'!$B$2:$B969,">="&$C$2,'KEG. PENGAJIAN HARIAN'!$B$2:$B969,"<="&$E$2,'KEG. PENGAJIAN HARIAN'!$G$2:$G969,"By VN") -> 0 | J7: =COUNTIFS('KEG. PENGAJIAN HARIAN'!$F$2:$F969,B7,'KEG. PENGAJIAN HARIAN'!$B$2:$B969,">="&$C$2,'KEG. PENGAJIAN HARIAN'!$B$2:$B969,"<="&$E$2,'KEG. PENGAJIAN HARIAN'!$G$2:$G969,"izin (murid)") -> 1
A8: 4 | B8: Cheryl-NH | C8: New Hampshire | D8: PraCBR-CBR | E8: =sumifs('KEG. PENGAJIAN HARIAN'!$D$2:$D969,'KEG. PENGAJIAN HARIAN'!$B$2:$B969,">="&$C$2,'KEG. PENGAJIAN HARIAN'!$B$2:$B969,"<="&$E$2,'KEG. PENGAJIAN HARIAN'!$F$2:$F969,B8) -> 0.34861111 | F8: 0.5 | G8: =IFERROR(E8/F8,0) -> 0.69722222 | H8: =COUNTIFS('KEG. PENGAJIAN HARIAN'!$F$2:$F969,B8,'KEG. PENGAJIAN HARIAN'!$B$2:$B969,">="&$C$2,'KEG. PENGAJIAN HARIAN'!$B$2:$B969,"<="&$E$2,'KEG. PENGAJIAN HARIAN'!$G$2:$G969,"hadir") -> 10 | I8: =COUNTIFS('KEG. PENGAJIAN HARIAN'!$F$2:$F969,B8,'KEG. PENGAJIAN HARIAN'!$B$2:$B969,">="&$C$2,'KEG. PENGAJIAN HARIAN'!$B$2:$B969,"<="&$E$2,'KEG. PENGAJIAN HARIAN'!$G$2:$G969,"By VN") -> 0 | J8: =COUNTIFS('KEG. PENGAJIAN HARIAN'!$F$2:$F969,B8,'KEG. PENGAJIAN HARIAN'!$B$2:$B969,">="&$C$2,'KEG. PENGAJIAN HARIAN'!$B$2:$B969,"<="&$E$2,'KEG. PENGAJIAN HARIAN'!$G$2:$G969,"izin (murid)") -> 0 | L8: PraCBR-CBR | M8: =countif($D$5:$D$33,"PraCBR-CBR") -> 18
A9: 5 | B9: Chester-PD | C9: New Hampshire | D9: PraCBR-CBR | E9: =sumifs('KEG. PENGAJIAN HARIAN'!$D$2:$D969,'KEG. PENGAJIAN HARIAN'!$B$2:$B969,">="&$C$2,'KEG. PENGAJIAN HARIAN'!$B$2:$B969,"<="&$E$2,'KEG. PENGAJIAN HARIAN'!$F$2:$F969,B9) -> 0.33958333 | F9: 0.5 | G9: =IFERROR(E9/F9,0) -> 0.67916667 | H9: =COUNTIFS('KEG. PENGAJIAN HARIAN'!$F$2:$F969,B9,'KEG. PENGAJIAN HARIAN'!$B$2:$B969,">="&$C$2,'KEG. PENGAJIAN HARIAN'!$B$2:$B969,"<="&$E$2,'KEG. PENGAJIAN HARIAN'!$G$2:$G969,"hadir") -> 10 | I9: =COUNTIFS('KEG. PENGAJIAN HARIAN'!$F$2:$F969,B9,'KEG. PENGAJIAN HARIAN'!$B$2:$B969,">="&$C$2,'KEG. PENGAJIAN HARIAN'!$B$2:$B969,"<="&$E$2,'KEG. PENGAJIAN HARIAN'!$G$2:$G969,"By VN") -> 0 | J9: =COUNTIFS('KEG. PENGAJIAN HARIAN'!$F$2:$F969,B9,'KEG. PENGAJIAN HARIAN'!$B$2:$B969,">="&$C$2,'KEG. PENGAJIAN HARIAN'!$B$2:$B969,"<="&$E$2,'KEG. PENGAJIAN HARIAN'!$G$2:$G969,"izin (murid)") -> 0 | L9: PraRMJ-RMJ | M9: =countif($D$5:$D$33,"PraRMJ-RMJ") -> 7
A10: 6 | B10: Dawud-RLG | C10: New Hampshire | D10: PraCBR-CBR | E10: =sumifs('KEG. PENGAJIAN HARIAN'!$D$2:$D969,'KEG. PENGAJIAN HARIAN'!$B$2:$B969,">="&$C$2,'KEG. PENGAJIAN HARIAN'!$B$2:$B969,"<="&$E$2,'KEG. PENGAJIAN HARIAN'!$F$2:$F969,B10) -> 0.29722222 | F10: 0.5 | G10: =IFERROR(E10/F10,0) -> 0.59444444 | H10: =COUNTIFS('KEG. PENGAJIAN HARIAN'!$F$2:$F969,B10,'KEG. PENGAJIAN HARIAN'!$B$2:$B969,">="&$C$2,'KEG. PENGAJIAN HARIAN'!$B$2:$B969,"<="&$E$2,'KEG. PENGAJIAN HARIAN'!$G$2:$G969,"hadir") -> 7 | I10: =COUNTIFS('KEG. PENGAJIAN HARIAN'!$F$2:$F969,B10,'KEG. PENGAJIAN HARIAN'!$B$2:$B969,">="&$C$2,'KEG. PENGAJIAN HARIAN'!$B$2:$B969,"<="&$E$2,'KEG. PENGAJIAN HARIAN'!$G$2:$G969,"By VN") -> 1 | J10: =COUNTIFS('KEG. PENGAJIAN HARIAN'!$F$2:$F969,B10,'KEG. PENGAJIAN HARIAN'!$B$2:$B969,">="&$C$2,'KEG. PENGAJIAN HARIAN'!$B$2:$B969,"<="&$E$2,'KEG. PENGAJIAN HARIAN'!$G$2:$G969,"izin (murid)") -> 1 | L10: PraNikah | M10: =countif($D$5:$D$33,"PraNikah") -> 4
A11: 7 | B11: Dehan-CND | C11: Canada | D11: PraRMJ-RMJ | E11: =sumifs('KEG. PENGAJIAN HARIAN'!$D$2:$D969,'KEG. PENGAJIAN HARIAN'!$B$2:$B969,">="&$C$2,'KEG. PENGAJIAN HARIAN'!$B$2:$B969,"<="&$E$2,'KEG. PENGAJIAN HARIAN'!$F$2:$F969,B11) -> 0.26944444 | F11: 0.5 | G11: =IFERROR(E11/F11,0) -> 0.53888889 | H11: =COUNTIFS('KEG. PENGAJIAN HARIAN'!$F$2:$F969,B11,'KEG. PENGAJIAN HARIAN'!$B$2:$B969,">="&$C$2,'KEG. PENGAJIAN HARIAN'!$B$2:$B969,"<="&$E$2,'KEG. PENGAJIAN HARIAN'!$G$2:$G969,"hadir") -> 7 | I11: =COUNTIFS('KEG. PENGAJIAN HARIAN'!$F$2:$F969,B11,'KEG. PENGAJIAN HARIAN'!$B$2:$B969,">="&$C$2,'KEG. PENGAJIAN HARIAN'!$B$2:$B969,"<="&$E$2,'KEG. PENGAJIAN HARIAN'!$G$2:$G969,"By VN") -> 0 | J11: =COUNTIFS('KEG. PENGAJIAN HARIAN'!$F$2:$F969,B11,'KEG. PENGAJIAN HARIAN'!$B$2:$B969,">="&$C$2,'KEG. PENGAJIAN HARIAN'!$B$2:$B969,"<="&$E$2,'KEG. PENGAJIAN HARIAN'!$G$2:$G969,"izin (murid)") -> 0 | M11: =sum(M8:M10) -> 29
A12: 8 | B12: Denissa-RLG | C12: New Hampshire | D12: PraRMJ-RMJ | E12: =sumifs('KEG. PENGAJIAN HARIAN'!$D$2:$D969,'KEG. PENGAJIAN HARIAN'!$B$2:$B969,">="&$C$2,'KEG. PENGAJIAN HARIAN'!$B$2:$B969,"<="&$E$2,'KEG. PENGAJIAN HARIAN'!$F$2:$F969,B12) -> 0.067361111 | F12: 0.5 | G12: =IFERROR(E12/F12,0) -> 0.13472222 | H12: =COUNTIFS('KEG. PENGAJIAN HARIAN'!$F$2:$F969,B12,'KEG. PENGAJIAN HARIAN'!$B$2:$B969,">="&$C$2,'KEG. PENGAJIAN HARIAN'!$B$2:$B969,"<="&$E$2,'KEG. PENGAJIAN HARIAN'!$G$2:$G969,"hadir") -> 2 | I12: =COUNTIFS('KEG. PENGAJIAN HARIAN'!$F$2:$F969,B12,'KEG. PENGAJIAN HARIAN'!$B$2:$B969,">="&$C$2,'KEG. PENGAJIAN HARIAN'!$B$2:$B969,"<="&$E$2,'KEG. PENGAJIAN HARIAN'!$G$2:$G969,"By VN") -> 0 | J12: =COUNTIFS('KEG. PENGAJIAN HARIAN'!$F$2:$F969,B12,'KEG. PENGAJIAN HARIAN'!$B$2:$B969,">="&$C$2,'KEG. PENGAJIAN HARIAN'!$B$2:$B969,"<="&$E$2,'KEG. PENGAJIAN HARIAN'!$G$2:$G969,"izin (murid)") -> 0
A13: 9 | B13: Dinda-RLG | C13: New Hampshire | D13: PraCBR-CBR | E13: =sumifs('KEG. PENGAJIAN HARIAN'!$D$2:$D969,'KEG. PENGAJIAN HARIAN'!$B$2:$B969,">="&$C$2,'KEG. PENGAJIAN HARIAN'!$B$2:$B969,"<="&$E$2,'KEG. PENGAJIAN HARIAN'!$F$2:$F969,B13) -> 0.065972222 | F13: 0.5 | G13: =IFERROR(E13/F13,0) -> 0.13194444 | H13: =COUNTIFS('KEG. PENGAJIAN HARIAN'!$F$2:$F969,B13,'KEG. PENGAJIAN HARIAN'!$B$2:$B969,">="&$C$2,'KEG. PENGAJIAN HARIAN'!$B$2:$B969,"<="&$E$2,'KEG. PENGAJIAN HARIAN'!$G$2:$G969,"hadir") -> 2 | I13: =COUNTIFS('KEG. PENGAJIAN HARIAN'!$F$2:$F969,B13,'KEG. PENGAJIAN HARIAN'!$B$2:$B969,">="&$C$2,'KEG. PENGAJIAN HARIAN'!$B$2:$B969,"<="&$E$2,'KEG. PENGAJIAN HARIAN'!$G$2:$G969,"By VN") -> 0 | J13: =COUNTIFS('KEG. PENGAJIAN HARIAN'!$F$2:$F969,B13,'KEG. PENGAJIAN HARIAN'!$B$2:$B969,">="&$C$2,'KEG. PENGAJIAN HARIAN'!$B$2:$B969,"<="&$E$2,'KEG. PENGAJIAN HARIAN'!$G$2:$G969,"izin (murid)") -> 0 | L13: Durasi Tertinggi
A14: 10 | B14: Dwiki-RLG | C14: New Hampshire | D14: PraRMJ-RMJ | E14: =sumifs('KEG. PENGAJIAN HARIAN'!$D$2:$D969,'KEG. PENGAJIAN HARIAN'!$B$2:$B969,">="&$C$2,'KEG. PENGAJIAN HARIAN'!$B$2:$B969,"<="&$E$2,'KEG. PENGAJIAN HARIAN'!$F$2:$F969,B14) -> 0 | F14: 0.5 | G14: =IFERROR(E14/F14,0) -> 0 | H14: =COUNTIFS('KEG. PENGAJIAN HARIAN'!$F$2:$F969,B14,'KEG. PENGAJIAN HARIAN'!$B$2:$B969,">="&$C$2,'KEG. PENGAJIAN HARIAN'!$B$2:$B969,"<="&$E$2,'KEG. PENGAJIAN HARIAN'!$G$2:$G969,"hadir") -> 0 | I14: =COUNTIFS('KEG. PENGAJIAN HARIAN'!$F$2:$F969,B14,'KEG. PENGAJIAN HARIAN'!$B$2:$B969,">="&$C$2,'KEG. PENGAJIAN HARIAN'!$B$2:$B969,"<="&$E$2,'KEG. PENGAJIAN HARIAN'!$G$2:$G969,"By VN") -> 0 | J14: =COUNTIFS('KEG. PENGAJIAN HARIAN'!$F$2:$F969,B14,'KEG. PENGAJIAN HARIAN'!$B$2:$B969,">="&$C$2,'KEG. PENGAJIAN HARIAN'!$B$2:$B969,"<="&$E$2,'KEG. PENGAJIAN HARIAN'!$G$2:$G969,"izin (murid)") -> 0 | L14: Pra CBR-CBR | M14: =IFERROR(__xludf.DUMMYFUNCTION("INDEX(FILTER($B$5:$B$33, $D$5:$D$33=""PraCBR-CBR""), MATCH(MAX(FILTER($G$5:$G$33, $D$5:$D$33=""PraCBR-CBR"")), FILTER($G$5:$G$33, $D$5:$D$33=""PraCBR-CBR""), 0)) "),"Kirana-CH") -> Kirana-CH | N14: =G26 -> 1.4430556
A15: 11 | B15: Dylan-CA | C15: California | D15: PraRMJ-RMJ | E15: =sumifs('KEG. PENGAJIAN HARIAN'!$D$2:$D969,'KEG. PENGAJIAN HARIAN'!$B$2:$B969,">="&$C$2,'KEG. PENGAJIAN HARIAN'!$B$2:$B969,"<="&$E$2,'KEG. PENGAJIAN HARIAN'!$F$2:$F969,B15) -> 0.23333333 | F15: 0.5 | G15: =IFERROR(E15/F15,0) -> 0.46666667 | H15: =COUNTIFS('KEG. PENGAJIAN HARIAN'!$F$2:$F969,B15,'KEG. PENGAJIAN HARIAN'!$B$2:$B969,">="&$C$2,'KEG. PENGAJIAN HARIAN'!$B$2:$B969,"<="&$E$2,'KEG. PENGAJIAN HARIAN'!$G$2:$G969,"hadir") -> 8 | I15: =COUNTIFS('KEG. PENGAJIAN HARIAN'!$F$2:$F969,B15,'KEG. PENGAJIAN HARIAN'!$B$2:$B969,">="&$C$2,'KEG. PENGAJIAN HARIAN'!$B$2:$B969,"<="&$E$2,'KEG. PENGAJIAN HARIAN'!$G$2:$G969,"By VN") -> 0 | J15: =COUNTIFS('KEG. PENGAJIAN HARIAN'!$F$2:$F969,B15,'KEG. PENGAJIAN HARIAN'!$B$2:$B969,">="&$C$2,'KEG. PENGAJIAN HARIAN'!$B$2:$B969,"<="&$E$2,'KEG. PENGAJIAN HARIAN'!$G$2:$G969,"izin (murid)") -> 0 | L15: Pra RMJ-RMJ | M15: =IFERROR(__xludf.DUMMYFUNCTION("INDEX(FILTER($B$5:$B$33, $D$5:$D$33=""PraRMJ-RMJ""), MATCH(MAX(FILTER($G$5:$G$33, $D$5:$D$33=""PraRMJ-RMJ"")), FILTER($G$5:$G$33, $D$5:$D$33=""PraRMJ-RMJ""), 0)) "),"Fitri-CND") -> Fitri-CND | N15: =G16 -> 1.3736111
A16: 12 | B16: Fitri-CND | C16: Canada | D16: PraRMJ-RMJ | E16: =sumifs('KEG. PENGAJIAN HARIAN'!$D$2:$D969,'KEG. PENGAJIAN HARIAN'!$B$2:$B969,">="&$C$2,'KEG. PENGAJIAN HARIAN'!$B$2:$B969,"<="&$E$2,'KEG. PENGAJIAN HARIAN'!$F$2:$F969,B16) -> 0.68680556 | F16: 0.5 | G16: =IFERROR(E16/F16,0) -> 1.3736111 | H16: =COUNTIFS('KEG. PENGAJIAN HARIAN'!$F$2:$F969,B16,'KEG. PENGAJIAN HARIAN'!$B$2:$B969,">="&$C$2,'KEG. PENGAJIAN HARIAN'!$B$2:$B969,"<="&$E$2,'KEG. PENGAJIAN HARIAN'!$G$2:$G969,"hadir") -> 16 | I16: =COUNTIFS('KEG. PENGAJIAN HARIAN'!$F$2:$F969,B16,'KEG. PENGAJIAN HARIAN'!$B$2:$B969,">="&$C$2,'KEG. PENGAJIAN HARIAN'!$B$2:$B969,"<="&$E$2,'KEG. PENGAJIAN HARIAN'!$G$2:$G969,"By VN") -> 0 | J16: =COUNTIFS('KEG. PENGAJIAN HARIAN'!$F$2:$F969,B16,'KEG. PENGAJIAN HARIAN'!$B$2:$B969,">="&$C$2,'KEG. PENGAJIAN HARIAN'!$B$2:$B969,"<="&$E$2,'KEG. PENGAJIAN HARIAN'!$G$2:$G969,"izin (murid)") -> 0 | L16: Pra Nikah 1-4 | M16: =IFERROR(__xludf.DUMMYFUNCTION("INDEX(FILTER($B$5:$B$33, $D$5:$D$33=""PraNikah""), MATCH(MAX(FILTER($G$5:$G$33, $D$5:$D$33=""PraNikah"")), FILTER($G$5:$G$33, $D$5:$D$33=""PraNikah""), 0)) "),"Kayla-CA") -> Kayla-CA | N16: =G23 -> 0.61805556
A17: 13 | B17: Gabriel-CH | C17: Chicago | D17: PraCBR-CBR | E17: =sumifs('KEG. PENGAJIAN HARIAN'!$D$2:$D969,'KEG. PENGAJIAN HARIAN'!$B$2:$B969,">="&$C$2,'KEG. PENGAJIAN HARIAN'!$B$2:$B969,"<="&$E$2,'KEG. PENGAJIAN HARIAN'!$F$2:$F969,B17) -> 0.35416667 | F17: 0.5 | G17: =IFERROR(E17/F17,0) -> 0.70833333 | H17: =COUNTIFS('KEG. PENGAJIAN HARIAN'!$F$2:$F969,B17,'KEG. PENGAJIAN HARIAN'!$B$2:$B969,">="&$C$2,'KEG. PENGAJIAN HARIAN'!$B$2:$B969,"<="&$E$2,'KEG. PENGAJIAN HARIAN'!$G$2:$G969,"hadir") -> 17 | I17: =COUNTIFS('KEG. PENGAJIAN HARIAN'!$F$2:$F969,B17,'KEG. PENGAJIAN HARIAN'!$B$2:$B969,">="&$C$2,'KEG. PENGAJIAN HARIAN'!$B$2:$B969,"<="&$E$2,'KEG. PENGAJIAN HARIAN'!$G$2:$G969,"By VN") -> 0 | J17: =COUNTIFS('KEG. PENGAJIAN HARIAN'!$F$2:$F969,B17,'KEG. PENGAJIAN HARIAN'!$B$2:$B969,">="&$C$2,'KEG. PENGAJIAN HARIAN'!$B$2:$B969,"<="&$E$2,'KEG. PENGAJIAN HARIAN'!$G$2:$G969,"izin (murid)") -> 0
A18: 14 | B18: Grazia-IN | C18: Chicago | D18: PraCBR-CBR | E18: =sumifs('KEG. PENGAJIAN HARIAN'!$D$2:$D969,'KEG. PENGAJIAN HARIAN'!$B$2:$B969,">="&$C$2,'KEG. PENGAJIAN HARIAN'!$B$2:$B969,"<="&$E$2,'KEG. PENGAJIAN HARIAN'!$F$2:$F969,B18) -> 0.36805556 | F18: 0.5 | G18: =IFERROR(E18/F18,0) -> 0.73611111 | H18: =COUNTIFS('KEG. PENGAJIAN HARIAN'!$F$2:$F969,B18,'KEG. PENGAJIAN HARIAN'!$B$2:$B969,">="&$C$2,'KEG. PENGAJIAN HARIAN'!$B$2:$B969,"<="&$E$2,'KEG. PENGAJIAN HARIAN'!$G$2:$G969,"hadir") -> 10 | I18: =COUNTIFS('KEG. PENGAJIAN HARIAN'!$F$2:$F969,B18,'KEG. PENGAJIAN HARIAN'!$B$2:$B969,">="&$C$2,'KEG. PENGAJIAN HARIAN'!$B$2:$B969,"<="&$E$2,'KEG. PENGAJIAN HARIAN'!$G$2:$G969,"By VN") -> 0 | J18: =COUNTIFS('KEG. PENGAJIAN HARIAN'!$F$2:$F969,B18,'KEG. PENGAJIAN HARIAN'!$B$2:$B969,">="&$C$2,'KEG. PENGAJIAN HARIAN'!$B$2:$B969,"<="&$E$2,'KEG. PENGAJIAN HARIAN'!$G$2:$G969,"izin (murid)") -> 0
A19: 15 | B19: Hafiz-PTM | C19: New Hampshire | D19: PraCBR-CBR | E19: =sumifs('KEG. PENGAJIAN HARIAN'!$D$2:$D969,'KEG. PENGAJIAN HARIAN'!$B$2:$B969,">="&$C$2,'KEG. PENGAJIAN HARIAN'!$B$2:$B969,"<="&$E$2,'KEG. PENGAJIAN HARIAN'!$F$2:$F969,B19) -> 0.52708333 | F19: 0.5 | G19: =IFERROR(E19/F19,0) -> 1.0541667 | H19: =COUNTIFS('KEG. PENGAJIAN HARIAN'!$F$2:$F969,B19,'KEG. PENGAJIAN HARIAN'!$B$2:$B969,">="&$C$2,'KEG. PENGAJIAN HARIAN'!$B$2:$B969,"<="&$E$2,'KEG. PENGAJIAN HARIAN'!$G$2:$G969,"hadir") -> 13 | I19: =COUNTIFS('KEG. PENGAJIAN HARIAN'!$F$2:$F969,B19,'KEG. PENGAJIAN HARIAN'!$B$2:$B969,">="&$C$2,'KEG. PENGAJIAN HARIAN'!$B$2:$B969,"<="&$E$2,'KEG. PENGAJIAN HARIAN'!$G$2:$G969,"By VN") -> 0 | J19: =COUNTIFS('KEG. PENGAJIAN HARIAN'!$F$2:$F969,B19,'KEG. PENGAJIAN HARIAN'!$B$2:$B969,">="&$C$2,'KEG. PENGAJIAN HARIAN'!$B$2:$B969,"<="&$E$2,'KEG. PENGAJIAN HARIAN'!$G$2:$G969,"izin (murid)") -> 0
A20: 16 | B20: Irsan-CH | C20: Chicago | D20: PraRMJ-RMJ | E20: =sumifs('KEG. PENGAJIAN HARIAN'!$D$2:$D969,'KEG. PENGAJIAN HARIAN'!$B$2:$B969,">="&$C$2,'KEG. PENGAJIAN HARIAN'!$B$2:$B969,"<="&$E$2,'KEG. PENGAJIAN HARIAN'!$F$2:$F969,B20) -> 0.31111111 | F20: 0.5 | G20: =IFERROR(E20/F20,0) -> 0.62222222 | H20: =COUNTIFS('KEG. PENGAJIAN HARIAN'!$F$2:$F969,B20,'KEG. PENGAJIAN HARIAN'!$B$2:$B969,">="&$C$2,'KEG. PENGAJIAN HARIAN'!$B$2:$B969,"<="&$E$2,'KEG. PENGAJIAN HARIAN'!$G$2:$G969,"hadir") -> 9 | I20: =COUNTIFS('KEG. PENGAJIAN HARIAN'!$F$2:$F969,B20,'KEG. PENGAJIAN HARIAN'!$B$2:$B969,">="&$C$2,'KEG. PENGAJIAN HARIAN'!$B$2:$B969,"<="&$E$2,'KEG. PENGAJIAN HARIAN'!$G$2:$G969,"By VN") -> 0 | J20: =COUNTIFS('KEG. PENGAJIAN HARIAN'!$F$2:$F969,B20,'KEG. PENGAJIAN HARIAN'!$B$2:$B969,">="&$C$2,'KEG. PENGAJIAN HARIAN'!$B$2:$B969,"<="&$E$2,'KEG. PENGAJIAN HARIAN'!$G$2:$G969,"izin (murid)") -> 0
A21: 17 | B21: Jourdan-CA | C21: California | D21: PraNikah | E21: =sumifs('KEG. PENGAJIAN HARIAN'!$D$2:$D969,'KEG. PENGAJIAN HARIAN'!$B$2:$B969,">="&$C$2,'KEG. PENGAJIAN HARIAN'!$B$2:$B969,"<="&$E$2,'KEG. PENGAJIAN HARIAN'!$F$2:$F969,B21) -> 0.042361111 | F21: 0.5 | G21: =IFERROR(E21/F21,0) -> 0.084722222 | H21: =COUNTIFS('KEG. PENGAJIAN HARIAN'!$F$2:$F969,B21,'KEG. PENGAJIAN HARIAN'!$B$2:$B969,">="&$C$2,'KEG. PENGAJIAN HARIAN'!$B$2:$B969,"<="&$E$2,'KEG. PENGAJIAN HARIAN'!$G$2:$G969,"hadir") -> 1 | I21: =COUNTIFS('KEG. PENGAJIAN HARIAN'!$F$2:$F969,B21,'KEG. PENGAJIAN HARIAN'!$B$2:$B969,">="&$C$2,'KEG. PENGAJIAN HARIAN'!$B$2:$B969,"<="&$E$2,'KEG. PENGAJIAN HARIAN'!$G$2:$G969,"By VN") -> 0 | J21: =COUNTIFS('KEG. PENGAJIAN HARIAN'!$F$2:$F969,B21,'KEG. PENGAJIAN HARIAN'!$B$2:$B969,">="&$C$2,'KEG. PENGAJIAN HARIAN'!$B$2:$B969,"<="&$E$2,'KEG. PENGAJIAN HARIAN'!$G$2:$G969,"izin (murid)") -> 0
A22: 18 | B22: Jubilee-CH | C22: Chicago | D22: PraCBR-CBR | E22: =sumifs('KEG. PENGAJIAN HARIAN'!$D$2:$D969,'KEG. PENGAJIAN HARIAN'!$B$2:$B969,">="&$C$2,'KEG. PENGAJIAN HARIAN'!$B$2:$B969,"<="&$E$2,'KEG. PENGAJIAN HARIAN'!$F$2:$F969,B22) -> 0.30555556 | F22: 0.5 | G22: =IFERROR(E22/F22,0) -> 0.61111111 | H22: =COUNTIFS('KEG. PENGAJIAN HARIAN'!$F$2:$F969,B22,'KEG. PENGAJIAN HARIAN'!$B$2:$B969,">="&$C$2,'KEG. PENGAJIAN HARIAN'!$B$2:$B969,"<="&$E$2,'KEG. PENGAJIAN HARIAN'!$G$2:$G969,"hadir") -> 14 | I22: =COUNTIFS('KEG. PENGAJIAN HARIAN'!$F$2:$F969,B22,'KEG. PENGAJIAN HARIAN'!$B$2:$B969,">="&$C$2,'KEG. PENGAJIAN HARIAN'!$B$2:$B969,"<="&$E$2,'KEG. PENGAJIAN HARIAN'!$G$2:$G969,"By VN") -> 0 | J22: =COUNTIFS('KEG. PENGAJIAN HARIAN'!$F$2:$F969,B22,'KEG. PENGAJIAN HARIAN'!$B$2:$B969,">="&$C$2,'KEG. PENGAJIAN HARIAN'!$B$2:$B969,"<="&$E$2,'KEG. PENGAJIAN HARIAN'!$G$2:$G969,"izin (murid)") -> 0
A23: 19 | B23: Kayla-CA | C23: California | D23: PraNikah | E23: =sumifs('KEG. PENGAJIAN HARIAN'!$D$2:$D969,'KEG. PENGAJIAN HARIAN'!$B$2:$B969,">="&$C$2,'KEG. PENGAJIAN HARIAN'!$B$2:$B969,"<="&$E$2,'KEG. PENGAJIAN HARIAN'!$F$2:$F969,B23) -> 0.30902778 | F23: 0.5 | G23: =IFERROR(E23/F23,0) -> 0.61805556 | H23: =COUNTIFS('KEG. PENGAJIAN HARIAN'!$F$2:$F969,B23,'KEG. PENGAJIAN HARIAN'!$B$2:$B969,">="&$C$2,'KEG. PENGAJIAN HARIAN'!$B$2:$B969,"<="&$E$2,'KEG. PENGAJIAN HARIAN'!$G$2:$G969,"hadir") -> 2 | I23: =COUNTIFS('KEG. PENGAJIAN HARIAN'!$F$2:$F969,B23,'KEG. PENGAJIAN HARIAN'!$B$2:$B969,">="&$C$2,'KEG. PENGAJIAN HARIAN'!$B$2:$B969,"<="&$E$2,'KEG. PENGAJIAN HARIAN'!$G$2:$G969,"By VN") -> 0 | J23: =COUNTIFS('KEG. PENGAJIAN HARIAN'!$F$2:$F969,B23,'KEG. PENGAJIAN HARIAN'!$B$2:$B969,">="&$C$2,'KEG. PENGAJIAN HARIAN'!$B$2:$B969,"<="&$E$2,'KEG. PENGAJIAN HARIAN'!$G$2:$G969,"izin (murid)") -> 2
A24: 20 | B24: Khayri-CH | C24: Chicago | D24: PraCBR-CBR | E24: =sumifs('KEG. PENGAJIAN HARIAN'!$D$2:$D969,'KEG. PENGAJIAN HARIAN'!$B$2:$B969,">="&$C$2,'KEG. PENGAJIAN HARIAN'!$B$2:$B969,"<="&$E$2,'KEG. PENGAJIAN HARIAN'!$F$2:$F969,B24) -> 0.59097222 | F24: 0.5 | G24: =IFERROR(E24/F24,0) -> 1.1819444 | H24: =COUNTIFS('KEG. PENGAJIAN HARIAN'!$F$2:$F969,B24,'KEG. PENGAJIAN HARIAN'!$B$2:$B969,">="&$C$2,'KEG. PENGAJIAN HARIAN'!$B$2:$B969,"<="&$E$2,'KEG. PENGAJIAN HARIAN'!$G$2:$G969,"hadir") -> 24 | I24: =COUNTIFS('KEG. PENGAJIAN HARIAN'!$F$2:$F969,B24,'KEG. PENGAJIAN HARIAN'!$B$2:$B969,">="&$C$2,'KEG. PENGAJIAN HARIAN'!$B$2:$B969,"<="&$E$2,'KEG. PENGAJIAN HARIAN'!$G$2:$G969,"By VN") -> 0 | J24: =COUNTIFS('KEG. PENGAJIAN HARIAN'!$F$2:$F969,B24,'KEG. PENGAJIAN HARIAN'!$B$2:$B969,">="&$C$2,'KEG. PENGAJIAN HARIAN'!$B$2:$B969,"<="&$E$2,'KEG. PENGAJIAN HARIAN'!$G$2:$G969,"izin (murid)") -> 0
A25: 21 | B25: Khadijah-RLG | C25: Chicago | D25: PraCBR-CBR | E25: =sumifs('KEG. PENGAJIAN HARIAN'!$D$2:$D969,'KEG. PENGAJIAN HARIAN'!$B$2:$B969,">="&$C$2,'KEG. PENGAJIAN HARIAN'!$B$2:$B969,"<="&$E$2,'KEG. PENGAJIAN HARIAN'!$F$2:$F969,B25) -> 0.44236111 | F25: 0.5 | G25: =IFERROR(E25/F25,0) -> 0.88472222 | H25: =COUNTIFS('KEG. PENGAJIAN HARIAN'!$F$2:$F969,B25,'KEG. PENGAJIAN HARIAN'!$B$2:$B969,">="&$C$2,'KEG. PENGAJIAN HARIAN'!$B$2:$B969,"<="&$E$2,'KEG. PENGAJIAN HARIAN'!$G$2:$G969,"hadir") -> 14 | I25: =COUNTIFS('KEG. PENGAJIAN HARIAN'!$F$2:$F969,B25,'KEG. PENGAJIAN HARIAN'!$B$2:$B969,">="&$C$2,'KEG. PENGAJIAN HARIAN'!$B$2:$B969,"<="&$E$2,'KEG. PENGAJIAN HARIAN'!$G$2:$G969,"By VN") -> 0 | J25: =COUNTIFS('KEG. PENGAJIAN HARIAN'!$F$2:$F969,B25,'KEG. PENGAJIAN HARIAN'!$B$2:$B969,">="&$C$2,'KEG. PENGAJIAN HARIAN'!$B$2:$B969,"<="&$E$2,'KEG. PENGAJIAN HARIAN'!$G$2:$G969,"izin (murid)") -> 2
A26: 22 | B26: Kirana-CH | C26: Chicago | D26: PraCBR-CBR | E26: =sumifs('KEG. PENGAJIAN HARIAN'!$D$2:$D969,'KEG. PENGAJIAN HARIAN'!$B$2:$B969,">="&$C$2,'KEG. PENGAJIAN HARIAN'!$B$2:$B969,"<="&$E$2,'KEG. PENGAJIAN HARIAN'!$F$2:$F969,B26) -> 0.72152778 | F26: 0.5 | G26: =IFERROR(E26/F26,0) -> 1.4430556 | H26: =COUNTIFS('KEG. PENGAJIAN HARIAN'!$F$2:$F969,B26,'KEG. PENGAJIAN HARIAN'!$B$2:$B969,">="&$C$2,'KEG. PENGAJIAN HARIAN'!$B$2:$B969,"<="&$E$2,'KEG. PENGAJIAN HARIAN'!$G$2:$G969,"hadir") -> 11 | I26: =COUNTIFS('KEG. PENGAJIAN HARIAN'!$F$2:$F969,B26,'KEG. PENGAJIAN HARIAN'!$B$2:$B969,">="&$C$2,'KEG. PENGAJIAN HARIAN'!$B$2:$B969,"<="&$E$2,'KEG. PENGAJIAN HARIAN'!$G$2:$G969,"By VN") -> 0 | J26: =COUNTIFS('KEG. PENGAJIAN HARIAN'!$F$2:$F969,B26,'KEG. PENGAJIAN HARIAN'!$B$2:$B969,">="&$C$2,'KEG. PENGAJIAN HARIAN'!$B$2:$B969,"<="&$E$2,'KEG. PENGAJIAN HARIAN'!$G$2:$G969,"izin (murid)") -> 1
A27: 23 | B27: Liv-CH | C27: Chicago | D27: PraCBR-CBR | E27: =sumifs('KEG. PENGAJIAN HARIAN'!$D$2:$D969,'KEG. PENGAJIAN HARIAN'!$B$2:$B969,">="&$C$2,'KEG. PENGAJIAN HARIAN'!$B$2:$B969,"<="&$E$2,'KEG. PENGAJIAN HARIAN'!$F$2:$F969,B27) -> 0 | F27: 0.5 | G27: =IFERROR(E27/F27,0) -> 0 | H27: =COUNTIFS('KEG. PENGAJIAN HARIAN'!$F$2:$F969,B27,'KEG. PENGAJIAN HARIAN'!$B$2:$B969,">="&$C$2,'KEG. PENGAJIAN HARIAN'!$B$2:$B969,"<="&$E$2,'KEG. PENGAJIAN HARIAN'!$G$2:$G969,"hadir") -> 0 | I27: =COUNTIFS('KEG. PENGAJIAN HARIAN'!$F$2:$F969,B27,'KEG. PENGAJIAN HARIAN'!$B$2:$B969,">="&$C$2,'KEG. PENGAJIAN HARIAN'!$B$2:$B969,"<="&$E$2,'KEG. PENGAJIAN HARIAN'!$G$2:$G969,"By VN") -> 0 | J27: =COUNTIFS('KEG. PENGAJIAN HARIAN'!$F$2:$F969,B27,'KEG. PENGAJIAN HARIAN'!$B$2:$B969,">="&$C$2,'KEG. PENGAJIAN HARIAN'!$B$2:$B969,"<="&$E$2,'KEG. PENGAJIAN HARIAN'!$G$2:$G969,"izin (murid)") -> 0
A28: 24 | B28: Mikail-CH | C28: Chicago | D28: PraCBR-CBR | E28: =sumifs('KEG. PENGAJIAN HARIAN'!$D$2:$D969,'KEG. PENGAJIAN HARIAN'!$B$2:$B969,">="&$C$2,'KEG. PENGAJIAN HARIAN'!$B$2:$B969,"<="&$E$2,'KEG. PENGAJIAN HARIAN'!$F$2:$F969,B28) -> 0.12569444 | F28: 0.5 | G28: =IFERROR(E28/F28,0) -> 0.25138889 | H28: =COUNTIFS('KEG. PENGAJIAN HARIAN'!$F$2:$F969,B28,'KEG. PENGAJIAN HARIAN'!$B$2:$B969,">="&$C$2,'KEG. PENGAJIAN HARIAN'!$B$2:$B969,"<="&$E$2,'KEG. PENGAJIAN HARIAN'!$G$2:$G969,"hadir") -> 8 | I28: =COUNTIFS('KEG. PENGAJIAN HARIAN'!$F$2:$F969,B28,'KEG. PENGAJIAN HARIAN'!$B$2:$B969,">="&$C$2,'KEG. PENGAJIAN HARIAN'!$B$2:$B969,"<="&$E$2,'KEG. PENGAJIAN HARIAN'!$G$2:$G969,"By VN") -> 0 | J28: =COUNTIFS('KEG. PENGAJIAN HARIAN'!$F$2:$F969,B28,'KEG. PENGAJIAN HARIAN'!$B$2:$B969,">="&$C$2,'KEG. PENGAJIAN HARIAN'!$B$2:$B969,"<="&$E$2,'KEG. PENGAJIAN HARIAN'!$G$2:$G969,"izin (murid)") -> 0
A29: 25 | B29: Nadeen-CH | C29: Chicago | D29: PraCBR-CBR | E29: =sumifs('KEG. PENGAJIAN HARIAN'!$D$2:$D969,'KEG. PENGAJIAN HARIAN'!$B$2:$B969,">="&$C$2,'KEG. PENGAJIAN HARIAN'!$B$2:$B969,"<="&$E$2,'KEG. PENGAJIAN HARIAN'!$F$2:$F969,B29) -> 0.59305556 | F29: 0.5 | G29: =IFERROR(E29/F29,0) -> 1.1861111 | H29: =COUNTIFS('KEG. PENGAJIAN HARIAN'!$F$2:$F969,B29,'KEG. PENGAJIAN HARIAN'!$B$2:$B969,">="&$C$2,'KEG. PENGAJIAN HARIAN'!$B$2:$B969,"<="&$E$2,'KEG. PENGAJIAN HARIAN'!$G$2:$G969,"hadir") -> 14 | I29: =COUNTIFS('KEG. PENGAJIAN HARIAN'!$F$2:$F969,B29,'KEG. PENGAJIAN HARIAN'!$B$2:$B969,">="&$C$2,'KEG. PENGAJIAN HARIAN'!$B$2:$B969,"<="&$E$2,'KEG. PENGAJIAN HARIAN'!$G$2:$G969,"By VN") -> 0 | J29: =COUNTIFS('KEG. PENGAJIAN HARIAN'!$F$2:$F969,B29,'KEG. PENGAJIAN HARIAN'!$B$2:$B969,">="&$C$2,'KEG. PENGAJIAN HARIAN'!$B$2:$B969,"<="&$E$2,'KEG. PENGAJIAN HARIAN'!$G$2:$G969,"izin (murid)") -> 0
A30: 26 | B30: Qalesya-ATL | C30: Chicago | D30: PraCBR-CBR | E30: =sumifs('KEG. PENGAJIAN HARIAN'!$D$2:$D969,'KEG. PENGAJIAN HARIAN'!$B$2:$B969,">="&$C$2,'KEG. PENGAJIAN HARIAN'!$B$2:$B969,"<="&$E$2,'KEG. PENGAJIAN HARIAN'!$F$2:$F969,B30) -> 0.12152778 | F30: 0.5 | G30: =IFERROR(E30/F30,0) -> 0.24305556 | H30: =COUNTIFS('KEG. PENGAJIAN HARIAN'!$F$2:$F969,B30,'KEG. PENGAJIAN HARIAN'!$B$2:$B969,">="&$C$2,'KEG. PENGAJIAN HARIAN'!$B$2:$B969,"<="&$E$2,'KEG. PENGAJIAN HARIAN'!$G$2:$G969,"hadir") -> 2 | I30: =COUNTIFS('KEG. PENGAJIAN HARIAN'!$F$2:$F969,B30,'KEG. PENGAJIAN HARIAN'!$B$2:$B969,">="&$C$2,'KEG. PENGAJIAN HARIAN'!$B$2:$B969,"<="&$E$2,'KEG. PENGAJIAN HARIAN'!$G$2:$G969,"By VN") -> 0 | J30: =COUNTIFS('KEG. PENGAJIAN HARIAN'!$F$2:$F969,B30,'KEG. PENGAJIAN HARIAN'!$B$2:$B969,">="&$C$2,'KEG. PENGAJIAN HARIAN'!$B$2:$B969,"<="&$E$2,'KEG. PENGAJIAN HARIAN'!$G$2:$G969,"izin (murid)") -> 0
A31: 27 | B31: Rambo-CH | C31: Chicago | D31: PraCBR-CBR | E31: =sumifs('KEG. PENGAJIAN HARIAN'!$D$2:$D969,'KEG. PENGAJIAN HARIAN'!$B$2:$B969,">="&$C$2,'KEG. PENGAJIAN HARIAN'!$B$2:$B969,"<="&$E$2,'KEG. PENGAJIAN HARIAN'!$F$2:$F969,B31) -> 0.31875 | F31: 0.5 | G31: =IFERROR(E31/F31,0) -> 0.6375 | H31: =COUNTIFS('KEG. PENGAJIAN HARIAN'!$F$2:$F969,B31,'KEG. PENGAJIAN HARIAN'!$B$2:$B969,">="&$C$2,'KEG. PENGAJIAN HARIAN'!$B$2:$B969,"<="&$E$2,'KEG. PENGAJIAN HARIAN'!$G$2:$G969,"hadir") -> 11 | I31: =COUNTIFS('KEG. PENGAJIAN HARIAN'!$F$2:$F969,B31,'KEG. PENGAJIAN HARIAN'!$B$2:$B969,">="&$C$2,'KEG. PENGAJIAN HARIAN'!$B$2:$B969,"<="&$E$2,'KEG. PENGAJIAN HARIAN'!$G$2:$G969,"By VN") -> 0 | J31: =COUNTIFS('KEG. PENGAJIAN HARIAN'!$F$2:$F969,B31,'KEG. PENGAJIAN HARIAN'!$B$2:$B969,">="&$C$2,'KEG. PENGAJIAN HARIAN'!$B$2:$B969,"<="&$E$2,'KEG. PENGAJIAN HARIAN'!$G$2:$G969,"izin (murid)") -> 0
A32: 28 | B32: Tami-BFL | C32: Chicago | D32: PraRMJ-RMJ | E32: =sumifs('KEG. PENGAJIAN HARIAN'!$D$2:$D969,'KEG. PENGAJIAN HARIAN'!$B$2:$B969,">="&$C$2,'KEG. PENGAJIAN HARIAN'!$B$2:$B969,"<="&$E$2,'KEG. PENGAJIAN HARIAN'!$F$2:$F969,B32) -> 0.26805556 | F32: 0.5 | G32: =IFERROR(E32/F32,0) -> 0.53611111 | H32: =COUNTIFS('KEG. PENGAJIAN HARIAN'!$F$2:$F969,B32,'KEG. PENGAJIAN HARIAN'!$B$2:$B969,">="&$C$2,'KEG. PENGAJIAN HARIAN'!$B$2:$B969,"<="&$E$2,'KEG. PENGAJIAN HARIAN'!$G$2:$G969,"hadir") -> 5 | I32: =COUNTIFS('KEG. PENGAJIAN HARIAN'!$F$2:$F969,B32,'KEG. PENGAJIAN HARIAN'!$B$2:$B969,">="&$C$2,'KEG. PENGAJIAN HARIAN'!$B$2:$B969,"<="&$E$2,'KEG. PENGAJIAN HARIAN'!$G$2:$G969,"By VN") -> 0 | J32: =COUNTIFS('KEG. PENGAJIAN HARIAN'!$F$2:$F969,B32,'KEG. PENGAJIAN HARIAN'!$B$2:$B969,">="&$C$2,'KEG. PENGAJIAN HARIAN'!$B$2:$B969,"<="&$E$2,'KEG. PENGAJIAN HARIAN'!$G$2:$G969,"izin (murid)") -> 0
A33: 29 | B33: Zahra-RLG | C33: New Hampshire | D33: PraNikah | E33: =sumifs('KEG. PENGAJIAN HARIAN'!$D$2:$D969,'KEG. PENGAJIAN HARIAN'!$B$2:$B969,">="&$C$2,'KEG. PENGAJIAN HARIAN'!$B$2:$B969,"<="&$E$2,'KEG. PENGAJIAN HARIAN'!$F$2:$F969,B33) -> 0.28958333 | F33: 0.5 | G33: =IFERROR(E33/F33,0) -> 0.57916667 | H33: =COUNTIFS('KEG. PENGAJIAN HARIAN'!$F$2:$F969,B33,'KEG. PENGAJIAN HARIAN'!$B$2:$B969,">="&$C$2,'KEG. PENGAJIAN HARIAN'!$B$2:$B969,"<="&$E$2,'KEG. PENGAJIAN HARIAN'!$G$2:$G969,"hadir") -> 7 | I33: =COUNTIFS('KEG. PENGAJIAN HARIAN'!$F$2:$F969,B33,'KEG. PENGAJIAN HARIAN'!$B$2:$B969,">="&$C$2,'KEG. PENGAJIAN HARIAN'!$B$2:$B969,"<="&$E$2,'KEG. PENGAJIAN HARIAN'!$G$2:$G969,"By VN") -> 0 | J33: =COUNTIFS('KEG. PENGAJIAN HARIAN'!$F$2:$F969,B33,'KEG. PENGAJIAN HARIAN'!$B$2:$B969,">="&$C$2,'KEG. PENGAJIAN HARIAN'!$B$2:$B969,"<="&$E$2,'KEG. PENGAJIAN HARIAN'!$G$2:$G969,"izin (murid)") -> 3
E34: =SUM(E5:E33) -> 8.8534722 | F34: =SUM(F5:F33) -> 14.5
E35: =E34/F34 -> 0.61058429
C37: Chicago | D37: =COUNTIF($C$5:$C$33,C37) -> 14 | I37: %per Kelompok
C38: New Hampshire | D38: =COUNTIF($C$5:$C$33,C38) -> 10 | E38: Chicago | F38: =SUMIF($C$5:$C$33,E38,$F$5:$F$33) -> 7 | G38: Chicago | H38: =SUMIF($C$5:$C$33,G38,$E$5:$E$33) -> 4.69375 | I38: =H38/F38 -> 0.67053571
C39: California | D39: =COUNTIF($C$5:$C$33,C39) -> 3 | E39: New Hampshire | F39: =SUMIF($C$5:$C$33,E39,$F$5:$F$33) -> 5 | G39: New Hampshire | H39: =SUMIF(C8:C35,G39,E8:E35) -> 1.9354167 | I39: =H39/F39 -> 0.38708333
C40: Canada | D40: =COUNTIF($C$5:$C$33,C40) -> 2 | E40: California | F40: =SUMIF($C$5:$C$33,E40,$F$5:$F$33) -> 1.5 | G40: California | H40: =SUMIF(C9:C36,G40,E9:E36) -> 0.58472222 | I40: =H40/F40 -> 0.38981481
C41: Total | D41: =sum(D37:D40) -> 29 | E41: Canada | F41: =SUMIF($C$5:$C$33,E41,$F$5:$F$33) -> 1 | G41: Canada | H41: =SUMIF(C10:C37,G41,E10:E37) -> 0.95625 | I41: =H41/F41 -> 0.95625
F42: =SUM(F38:F41) -> 14.5

Sheet Juni
A1: REKAPITULASI KEHADIRAN MURID PENGAJIAN PPG AMERICA
B2: Mulai : | C2: 45809 | D2: Hingga : | E2: 45838
A4: NO. | B4: NAMA MURID | C4: KELOMPOK | D4: Jenjang Usia | E4: DURASI MENGAJI | F4: TARGET DURASI | G4: % DURASI | H4: HADIR | I4: BY VN | J4: IZIN (MURID)
A5: 1 | B5: Abell-NH | C5: New Hampshire | D5: PraRMJ-RMJ | E5: =sumifs('KEG. PENGAJIAN HARIAN'!$D$2:$D969,'KEG. PENGAJIAN HARIAN'!$B$2:$B969,">="&$C$2,'KEG. PENGAJIAN HARIAN'!$B$2:$B969,"<="&$E$2,'KEG. PENGAJIAN HARIAN'!$F$2:$F969,B5) -> 0.15 | F5: 0.5 | G5: =IFERROR(E5/F5,0) -> 0.3 | H5: =COUNTIFS('KEG. PENGAJIAN HARIAN'!$F$2:$F969,B5,'KEG. PENGAJIAN HARIAN'!$B$2:$B969,">="&$C$2,'KEG. PENGAJIAN HARIAN'!$B$2:$B969,"<="&$E$2,'KEG. PENGAJIAN HARIAN'!$G$2:$G969,"hadir") -> 4 | I5: =COUNTIFS('KEG. PENGAJIAN HARIAN'!$F$2:$F969,B5,'KEG. PENGAJIAN HARIAN'!$B$2:$B969,">="&$C$2,'KEG. PENGAJIAN HARIAN'!$B$2:$B969,"<="&$E$2,'KEG. PENGAJIAN HARIAN'!$G$2:$G969,"By VN") -> 0 | J5: =COUNTIFS('KEG. PENGAJIAN HARIAN'!$F$2:$F969,B5,'KEG. PENGAJIAN HARIAN'!$B$2:$B969,">="&$C$2,'KEG. PENGAJIAN HARIAN'!$B$2:$B969,"<="&$E$2,'KEG. PENGAJIAN HARIAN'!$G$2:$G969,"izin (murid)") -> 1
A6: 2 | B6: Abi-BFL | C6: Chicago | D6: PraNikah | E6: =sumifs('KEG. PENGAJIAN HARIAN'!$D$2:$D969,'KEG. PENGAJIAN HARIAN'!$B$2:$B969,">="&$C$2,'KEG. PENGAJIAN HARIAN'!$B$2:$B969,"<="&$E$2,'KEG. PENGAJIAN HARIAN'!$F$2:$F969,B6) -> 0.097222222 | F6: 0.5 | G6: =IFERROR(E6/F6,0) -> 0.19444444 | H6: =COUNTIFS('KEG. PENGAJIAN HARIAN'!$F$2:$F969,B6,'KEG. PENGAJIAN HARIAN'!$B$2:$B969,">="&$C$2,'KEG. PENGAJIAN HARIAN'!$B$2:$B969,"<="&$E$2,'KEG. PENGAJIAN HARIAN'!$G$2:$G969,"hadir") -> 2 | I6: =COUNTIFS('KEG. PENGAJIAN HARIAN'!$F$2:$F969,B6,'KEG. PENGAJIAN HARIAN'!$B$2:$B969,">="&$C$2,'KEG. PENGAJIAN HARIAN'!$B$2:$B969,"<="&$E$2,'KEG. PENGAJIAN HARIAN'!$G$2:$G969,"By VN") -> 0 | J6: =COUNTIFS('KEG. PENGAJIAN HARIAN'!$F$2:$F969,B6,'KEG. PENGAJIAN HARIAN'!$B$2:$B969,">="&$C$2,'KEG. PENGAJIAN HARIAN'!$B$2:$B969,"<="&$E$2,'KEG. PENGAJIAN HARIAN'!$G$2:$G969,"izin (murid)") -> 0
A7: 3 | B7: Afiqa-DC | C7: New Hampshire | D7: PraCBR-CBR | E7: =sumifs('KEG. PENGAJIAN HARIAN'!$D$2:$D969,'KEG. PENGAJIAN HARIAN'!$B$2:$B969,">="&$C$2,'KEG. PENGAJIAN HARIAN'!$B$2:$B969,"<="&$E$2,'KEG. PENGAJIAN HARIAN'!$F$2:$F969,B7) -> 0.57847222 | F7: 0.5 | G7: =IFERROR(E7/F7,0) -> 1.1569444 | H7: =COUNTIFS('KEG. PENGAJIAN HARIAN'!$F$2:$F969,B7,'KEG. PENGAJIAN HARIAN'!$B$2:$B969,">="&$C$2,'KEG. PENGAJIAN HARIAN'!$B$2:$B969,"<="&$E$2,'KEG. PENGAJIAN HARIAN'!$G$2:$G969,"hadir") -> 13 | I7: =COUNTIFS('KEG. PENGAJIAN HARIAN'!$F$2:$F969,B7,'KEG. PENGAJIAN HARIAN'!$B$2:$B969,">="&$C$2,'KEG. PENGAJIAN HARIAN'!$B$2:$B969,"<="&$E$2,'KEG. PENGAJIAN HARIAN'!$G$2:$G969,"By VN") -> 0 | J7: =COUNTIFS('KEG. PENGAJIAN HARIAN'!$F$2:$F969,B7,'KEG. PENGAJIAN HARIAN'!$B$2:$B969,">="&$C$2,'KEG. PENGAJIAN HARIAN'!$B$2:$B969,"<="&$E$2,'KEG. PENGAJIAN HARIAN'!$G$2:$G969,"izin (murid)") -> 0
A8: 4 | B8: Cheryl-NH | C8: New Hampshire | D8: PraCBR-CBR | E8: =sumifs('KEG. PENGAJIAN HARIAN'!$D$2:$D969,'KEG. PENGAJIAN HARIAN'!$B$2:$B969,">="&$C$2,'KEG. PENGAJIAN HARIAN'!$B$2:$B969,"<="&$E$2,'KEG. PENGAJIAN HARIAN'!$F$2:$F969,B8) -> 0.25277778 | F8: 0.5 | G8: =IFERROR(E8/F8,0) -> 0.50555556 | H8: =COUNTIFS('KEG. PENGAJIAN HARIAN'!$F$2:$F969,B8,'KEG. PENGAJIAN HARIAN'!$B$2:$B969,">="&$C$2,'KEG. PENGAJIAN HARIAN'!$B$2:$B969,"<="&$E$2,'KEG. PENGAJIAN HARIAN'!$G$2:$G969,"hadir") -> 7 | I8: =COUNTIFS('KEG. PENGAJIAN HARIAN'!$F$2:$F969,B8,'KEG. PENGAJIAN HARIAN'!$B$2:$B969,">="&$C$2,'KEG. PENGAJIAN HARIAN'!$B$2:$B969,"<="&$E$2,'KEG. PENGAJIAN HARIAN'!$G$2:$G969,"By VN") -> 0 | J8: =COUNTIFS('KEG. PENGAJIAN HARIAN'!$F$2:$F969,B8,'KEG. PENGAJIAN HARIAN'!$B$2:$B969,">="&$C$2,'KEG. PENGAJIAN HARIAN'!$B$2:$B969,"<="&$E$2,'KEG. PENGAJIAN HARIAN'!$G$2:$G969,"izin (murid)") -> 0 | L8: PraCBR-CBR | M8: =countif($D$5:$D$33,"PraCBR-CBR") -> 16
A9: 5 | B9: Chester-PD | C9: New Hampshire | D9: PraCBR-CBR | E9: =sumifs('KEG. PENGAJIAN HARIAN'!$D$2:$D969,'KEG. PENGAJIAN HARIAN'!$B$2:$B969,">="&$C$2,'KEG. PENGAJIAN HARIAN'!$B$2:$B969,"<="&$E$2,'KEG. PENGAJIAN HARIAN'!$F$2:$F969,B9) -> 0.25972222 | F9: 0.5 | G9: =IFERROR(E9/F9,0) -> 0.51944444 | H9: =COUNTIFS('KEG. PENGAJIAN HARIAN'!$F$2:$F969,B9,'KEG. PENGAJIAN HARIAN'!$B$2:$B969,">="&$C$2,'KEG. PENGAJIAN HARIAN'!$B$2:$B969,"<="&$E$2,'KEG. PENGAJIAN HARIAN'!$G$2:$G969,"hadir") -> 7 | I9: =COUNTIFS('KEG. PENGAJIAN HARIAN'!$F$2:$F969,B9,'KEG. PENGAJIAN HARIAN'!$B$2:$B969,">="&$C$2,'KEG. PENGAJIAN HARIAN'!$B$2:$B969,"<="&$E$2,'KEG. PENGAJIAN HARIAN'!$G$2:$G969,"By VN") -> 0 | J9: =COUNTIFS('KEG. PENGAJIAN HARIAN'!$F$2:$F969,B9,'KEG. PENGAJIAN HARIAN'!$B$2:$B969,">="&$C$2,'KEG. PENGAJIAN HARIAN'!$B$2:$B969,"<="&$E$2,'KEG. PENGAJIAN HARIAN'!$G$2:$G969,"izin (murid)") -> 0 | L9: PraRMJ-RMJ | M9: =countif($D$5:$D$33,"PraRMJ-RMJ") -> 7
