Workbook

Sheet KEG. PENGAJIAN HARIAN
A1: Tanggal Isi Form | B1: TANGGAL | C1: BULAN | D1: DURASI | E1: NAMA GURU | F1: NAMA MURID | G1: KEHADIRAN | H1: MATERI: | I1: NO. WHATSAPP | J1: Field_bc728b1
A2: January 3, 2024 2:29 pm | B2: 45294 | C2: {=TEXT((B2:B3480), "mmmm")} -> Januari | D2: 0.0375 | E2: Artha-JG | F2: Nadeen-CH | G2: HADIR | H2: Pembukaan Tepuk2, menyanyi, berdoa Bacaan Tilawaty 4 hal. 31&32 Menulis 4 maqodirulloh PR Menderes tilawaty 4 hal 32 Report Alhamdulillah Nadeen bisa mengikuti pengajian dg sangat baik, bacaan juga meningkat tinggal banyakin nderes dan berlatih mengatur nafas. Semoga Alloh paring Nadeen menjadi anak yg sholihah, alim fakih sukses dunia akhirat. Aamiiin🤲🤲🤲 | I2: 6285606274880
A3: January 8, 2024 2:44 pm | B3: 45299 | C3: Januari | D3: 0.020138889 | E3: Artha-JG | F3: Nadeen-CH | G3: HADIR | H3: Pembukaan Ice breaking Bacaan Tilawaty 4 hal. 32-33 Alhamdulillah bacaan cukup lancar Doa2 Doa berlindung dari syirik Doa masuk pasar Doa menjenguk orang sakit Doa turun hujan Doa ada angin kencang Doa entering toilet Doa tertimpa musibah Doa melihat orang lain tertimpa musibah Menulis angka arab nomer 1-10 Alhamdulillah Nadeen sdh bisa tanpa mencontek, sudah di luar kepala☺ PR Menderes tilawaty 4 hal 33 Menderes doa2 yg pernah di hafal dan me. Praktekannya Report Alhamdulillah Nadeen bisa mengikuti pengajian dg sangat baik dan penuh semangat. Semoga Alloh paring barokah aamiiin🤲 | I3: 6285606274880
A4: January 8, 2024 2:54 pm | B4: 45299 | C4: Januari | D4: 0.044444444 | E4: Artha-JG | F4: Jubilee-CH | G4: HADIR | H4: Pembukaan Tepuk2 Bacaan tilawaty 2 hal. 17 Alhamdulillah bacaannya cukup lancar, boleh melanjutkan ke halaman 18 Doa2 Doa sebelum Dan sesudah makan Doa sebelum Dan sesudah tidur Doa masuk dan keluar kamar mandi Doa untuk kedua orang Tua Doa kebaikan dunia Dan akhirot Doa mencari ilmu Yang bermanfaat Doa minta Ilham Yang baik Doa berpakaian Doa minum susu Doa minta ketetapan iman Doa Mohon kesabaran Doa ketika bersin Bacaan Takbiratul Ikhrom Bacaan ruku' Asmaulhusna 1-20 PR menderes tilawaty 2 hal. 18 Report Alhamdulillah jubilee bisa mengikuti pengajian dg sangat baik 👍 tetap semangat ya Jubilee, sampai ketemu lagi di pertemuan berikutnya👌😘 | I4: 6285606274880
A5: January 10, 2024 3:11 am | B5: 45301 | C5: Januari | D5: 0.05 | E5: Artha-JG | F5: Abi-BFL | G5: HADIR | H5: Bacaan Surat addzariyat ayat 47-60 Murojaah doa2 harian Doa for parent Doa before eating and after eating Doa seeking knowledge 1 & 2 Doa before sleeping and wake up Doa hearing thunder Doa get an accident Doa entering house and leaving house Doa entering toilet and leaving toilet Doa after dreesing Doa iftar Doa seeing another get an accident Doa entering masjid and leaving masjid Doa after adzan Doa before wudhu and after wudhu Asmaulhusna 1-99 Doa ketetapan iman Doa minta ilham yang benar Doa kesabaran versi 1 & 2 Makna surat al an'am ayat 128-130 PR Banyakin nderes bacaan dan doa2 nya Report Alhamdulillah Abi bisa mengikuti pengajian dengan baik😊👍 semoga Alloh paring manfaat dan barokah. Aamiiin 🤲 | I5: 6285606274880
A6: January 10, 2024 1:48 pm | B6: 45301 | C6: Januari | D6: 0.020138889 | E6: Artha-JG | F6: Nadeen-CH | G6: HADIR | H6: Pembukaan Tepuk2 dan doa Bacaan : Tilawaty 4 hal. 33-34 Alhamdulillah bacaan sdh bagus, tetap nderes ya Nadeen Hafalan surat pendek Al alaq Assharh Al qodr Azzalzalah Hafalan surat Nadeen Alhamdulillah lancar sekali👏👍 PR Menderes tilawaty 4 hal 34 Report Alhamdulillah Nadeen bisa mengikuti pengajian dg baik, tidak ada kendala dan anaknya selalu ceria dan semangat. Semoga Alloh paring barokah. Aamiiin🤲 | I6: 6285606274880
A7: January 11, 2024 4:55 am | B7: 45302 | C7: Januari | D7: 0.047916667 | E7: Artha-JG | F7: Abi-BFL | G7: HADIR | H7: Bacaan Surat Atthur ayat 1-28 Tebak2an tajwid Makna surat al an'am ayat 131-133 PR Banyak2 menderes bacaan dan hafalan doanya Report Alhamdulillah bacaan Abi meningkat, tajwidnya juga sdh sesuai dg kaidah baca. Untuk makna dia juga bisa mengikuti dg baik. alhamdulillah tidak ada kendala dlm pengajian. Semoga Alloh paring manfaat dan barokah. Aamiiin🤲 | I7: 6285606274880
A8: January 16, 2024 12:40 pm | B8: 45307 | C8: Januari | D8: 0.030555556 | E8: Artha-JG | F8: Dwiki-RLG | G8: HADIR | H8: Bacaan Surat Al haqqoh ayat 1-19 Makna adilah hal. 68-70 Alhamdulillah Dwiki bisa mengikuti pengajian dg baik. Alhamdulillah sdh mulai pulih shg sdh bisa baca qur'an .semoga lekas sembuh dan tetap semangat ngaji💪 | I8: 6285606274880
A9: January 16, 2024 12:43 pm | B9: 45306 | C9: Januari | D9: 0.020833333 | E9: Artha-JG | F9: Nadeen-CH | G9: HADIR | H9: Bacaan Tilawaty 4 hal. 34-35 Menulis 5 syarat kerukunan Alhamdulillah bacaan Nadeen sdh bagus, tinggal memperbaiki panjang pendeknya, Alhamdulillah jaza killahu hoiro spesial buat bu Gumilar yg selalu dampingi dan support Nadeen. Alhamdulillah jaza kumullohu hoiro buat yanda, bunda dan pak Gumilar juga yg selalu support dan membantu kami untuk kelancaran pengajian 🙏 | I9: 6285606274880
A10: January 17, 2024 2:31 am | B10: 45308 | C10: Januari | D10: 0.052083333 | E10: Artha-JG | F10: Abi-BFL | G10: HADIR | H10: Bacaan Surat atthur ayat 29-49 Murojaah doa2 dan surat pendek: Doa for parent✅ Doa before eating and after eating✅ Doa seeking knowledge 1 & 2❎ Doa before sleeping and wake up✅ Doa hearing thunder❎ Doa get an accident❎ Doa entering house❎ and leaving house✅ Doa entering toilet and leaving toilet✅ Doa after dreesing❎ Doa iftar✅ Doa seeing another get an accident❎ Doa entering masjid and leaving masjid❎ Doa after adzan❎ Doa before wudhu and after wudhu✅ Asmaulhusna 1-99 ❎ Surat2 pendek Annas✅ Al falaq✅ Al ikhlas✅ Al lahab✅ Annashr✅ Al-kafirun (ada mbulet di ayat 4😅) Al kautsar✅ Ala'un✅ Attakatsur✅ Al fiil✅ Al humazah✅ Annashr✅ Makna surat al an'am ayat 134-136 Report: Alhamdulillah bacaan Abi semakin meningkat tapi untuk doa2 banyak yg lupa/belum hafal jadi saya kasih PR nge print doa2 yg sdh saya kirim, setiap sebelum tidur nderes asmaulhusna dan setiap habis subuh nderes bacaan minimal 3 ayat dan murojaah semua doa2 Mohon amal sholih pak Syahrul untuk mengingatkan Abi PR nya. Mudah2an alloh paring barokah. Tetap semangat ya Bi 💪 | I10: 6285606274880
A11: January 17, 2024 2:00 pm | B11: 45308 | C11: Januari | D11: 0.022916667 | E11: Artha-JG | F11: Dwiki-RLG | G11: HADIR | H11: Bacaan Surat al haqqoh ayat 20-52 Makna Surat al an'am ayat 130-133 Alhamdulillah Dwiki bisa mengikuti pengajian dengan baik. Alhamdulillah jaza kallohu hoiro Dwiki sdh melonggarkan waktunya. Jgn lupa banyak nderes. | I11: 6285606274880
A12: January 18, 2024 1:45 pm | B12: 45309 | C12: Januari | D12: 0.023611111 | E12: Artha-JG | F12: Jubilee-CH | G12: HADIR | H12: Bacaan Tilawaty 4 hal 37 Menceritakan ttg nabi adam dan hawa Menceritakan 10 nama malaikat PR. Nderes tilawaty 4 hal. 37 Mempraktikkan doa2 yg sdh di hafal dlm kehidupan sehari-hari Mencatat doa minta kesehatan(saya kirim menyusul) Report Alhamdulillah pengajian bisa berjalan dg lancar tanpa kendala. Nadeen nya juga selalu punya aura positif ketika mengaji, selalu ceria dan semangat👍semoga Alloh paring manfaat dan barokah. Aamiiin🤲 | I12: 6285606274880
A13: January 22, 2024 1:38 pm | B13: 45313 | C13: Januari | D13: 0.022222222 | E13: Artha-JG | F13: Nadeen-CH | G13: HADIR | H13: 𝘉𝘢𝘤𝘢𝘢𝘯 𝘛𝘪𝘭𝘢𝘸𝘢𝘵𝘺 4 𝘩𝘢𝘭. 37-38 𝘏𝘢𝘧𝘢𝘭𝘢𝘯 𝘴𝘶𝘳𝘢𝘵 𝘱𝘦𝘯𝘥𝘦𝘬 -𝘈𝘥𝘥𝘻𝘶𝘩𝘢 -𝘢𝘭 𝘢𝘭𝘢𝘲 -𝘢𝘭 𝘮𝘢𝘶𝘯 -𝘢𝘭 𝘲𝘶𝘳𝘢𝘪𝘴𝘺 -𝘢𝘭 𝘧𝘪𝘭𝘭 -𝘢𝘭 𝘩𝘶𝘮𝘢𝘻𝘢𝘩 -𝘢𝘭 𝘢𝘴𝘩𝘳 -𝘢𝘵𝘵𝘢𝘬𝘢𝘵𝘴𝘶𝘳 -𝘢𝘭 𝘲𝘰𝘳𝘪'𝘢𝘩 𝘗𝘙 𝘔𝘦𝘯𝘥𝘦𝘳𝘦𝘴 𝘵𝘪𝘭𝘢𝘸𝘢𝘵𝘺 4 𝘩𝘢𝘭. 38 𝘙𝘦𝘱𝘰𝘳𝘵 𝘈𝘭𝘩𝘢𝘮𝘥𝘶𝘭𝘪𝘭𝘭𝘢𝘩 𝘣𝘢𝘤𝘢𝘢𝘯 𝘕𝘢𝘥𝘦𝘦𝘯 𝘣𝘢𝘨𝘶𝘴, 𝘴𝘦𝘮𝘢𝘬𝘪𝘯 𝘮𝘦𝘯𝘪𝘯𝘨𝘬𝘢𝘵, 𝘩𝘢𝘧𝘢𝘭𝘢𝘯𝘯𝘺𝘢 𝘫𝘶𝘨𝘢 𝘣𝘢𝘨𝘶𝘴. 𝘚𝘦𝘮𝘰𝘨𝘢 𝘈𝘭𝘭𝘰𝘩 𝘱𝘢𝘳𝘪𝘯𝘨 𝘮𝘢𝘯𝘧𝘢𝘢𝘵 𝘥𝘢𝘯 𝘣𝘢𝘳𝘰𝘬𝘢𝘩. 𝘈𝘢𝘮𝘪𝘪𝘪𝘯🤲 | I13: 6285606274880
A14: January 23, 2024 2:34 pm | B14: 45314 | C14: Januari | D14: 0.015277778 | E14: Artha-JG | F14: Jubilee-CH | G14: HADIR | H14: 𝘉𝘢𝘤𝘢𝘢𝘯 𝘛𝘪𝘭𝘢𝘸𝘢𝘵𝘺 4 𝘩𝘢𝘭. 26 𝘉𝘢𝘤𝘢𝘢𝘯𝘯𝘺𝘢 𝘮𝘢𝘴𝘪𝘩 𝘬𝘶𝘳𝘢𝘯𝘨 𝘵𝘦𝘭𝘪𝘵𝘪 𝘩𝘢𝘳𝘰𝘬𝘢𝘵𝘯𝘺𝘢 𝘴𝘶𝘬𝘢 𝘬𝘦𝘵𝘶𝘬𝘦𝘳 𝘩𝘢𝘳𝘰𝘬𝘢𝘵𝘯𝘺𝘢. 𝘔𝘪𝘴𝘢𝘭𝘯𝘺𝘢 𝘵𝘶𝘯 𝘥𝘪 𝘣𝘢𝘤𝘢 𝘵𝘪𝘯 𝘗𝘙 𝘯𝘥𝘦𝘳𝘦𝘴 𝘭𝘢𝘨𝘪 𝘵𝘪𝘭𝘢𝘸𝘢𝘵𝘺 4 𝘩𝘢𝘭 26 𝘔𝘰𝘩𝘰𝘯 𝘮𝘢𝘢𝘧 𝘬𝘢𝘳𝘯𝘢 𝘸𝘢𝘬𝘵𝘶𝘯𝘺𝘢 𝘤𝘶𝘮𝘢 𝘴𝘦𝘣𝘦𝘯𝘵𝘢𝘳 𝘯𝘨𝘢𝘫𝘪𝘯𝘺𝘢 𝘤𝘶𝘮𝘢 𝘣𝘪𝘴𝘢 𝘵𝘪𝘭𝘢𝘸𝘢𝘵𝘺 𝘴𝘢𝘫𝘢. 𝘛𝘪𝘥𝘢𝘬 𝘢𝘱𝘢2 𝘺𝘢 𝘫𝘶𝘣𝘪𝘭𝘦𝘦 ,𝘮𝘢𝘴𝘪𝘩 𝘮𝘢𝘴𝘢 𝘱𝘦𝘯𝘺𝘦𝘴𝘶𝘢𝘪𝘢𝘯 .𝘪𝘯𝘴𝘺𝘢𝘢𝘭𝘭𝘢𝘩 𝘴𝘢𝘺𝘢 𝘥𝘢𝘯 𝘮𝘣𝘬 𝘦𝘳𝘮𝘢 𝘢𝘬𝘢𝘯 𝘮𝘶𝘴𝘺𝘢𝘸𝘢𝘳𝘢𝘩 𝘭𝘢𝘨𝘪 𝘵𝘵𝘨 𝘱𝘦𝘮𝘣𝘢𝘨𝘪𝘢𝘯 𝘩𝘢𝘳𝘪 𝘮𝘦𝘯𝘨𝘢𝘫𝘢𝘳 𝘣𝘶𝘢𝘵 𝘫𝘶𝘣𝘪𝘭𝘦𝘦. 𝘛𝘦𝘵𝘢𝘱 𝘴𝘦𝘮𝘢𝘯𝘨𝘢𝘵 𝘺𝘢 𝘴𝘢𝘺𝘢𝘯𝘨💕 💪𝘮𝘶𝘥𝘢𝘩2𝘢𝘯 𝘈𝘭𝘭𝘰𝘩 𝘱𝘢𝘳𝘪𝘯𝘨 𝘮𝘢𝘯𝘧𝘢𝘢𝘵 𝘥𝘢𝘯 𝘣𝘢𝘳𝘰𝘬𝘢𝘩 | I14: 6285606274880
... A72: March 14, 2024 1:40 am | B72: 45365 | C72: Maret | D72: 0.022916667 | E72: Artha-JG | F72: Abi-BFL | G72: HADIR | H72: Bacaan Surat Alhadid ayat 28-29 Makna surat Al Baqarah ayat 36-39 Report Alhamdulillah Abi bisa mengikuti pengajian dg baik. Semoga Alloh paring manfaat dan barokah. Aamiiin aamiiin aamiiin 🤲🙏 | I72: 6285606274880
C73: Desember
A74: March 16, 2024 12:20 pm | B74: 45367 | C74: Maret | D74: 0.022916667 | E74: Artha-JG | F74: Jubilee-CH | G74: HADIR | H74: Bacaan Tilawaty 2 page 42&43 Tepuk 5 bab Tepuk 4 tali keimanan Doa hearing thunder ⚡ Doa get an accident (she follows after me) Home work Menderes tilawaty 2 page 44 Menderes and memorize doa get an accident Report Alhamdulillah Jubilee can follow the ngaji well. Cheerfully, She also can recites the tilawaty fluently. She can go to the next page. Yey 👏 it's the last part of tilawaty 2.may Alloh give benefits and barokah. See you on the next ngaji Jubilee 🤏 الحمدلله جزاكم الله خيرا | I74: 6285606274880
A75: March 18, 2024 1:08 am | B75: 45369 | C75: Maret | D75: 0.025 | E75: Artha-JG | F75: Jubilee-CH | G75: HADIR | H75: Bacaan Tilawaty 2 hal. 44 Tepuk 5 bab Tepuk 4 tali keimanan Doa seeking knowledge 1 Doa minta kemudahan Doa get an accident Doa hearing thunder Doa rukuk Doa i'tidal Asmaulhusna 1-40 Murojaah surat Al lahab PR Menderes tilawaty 3 hal 1 Report Alhamdulillah Jubilee semangat mengaji, she can follows the ngaji well. But she said she sleepy. so, we finished the ngaji . Ok. Good job jubilee. May Alloh give benefits and barokah. Aamiiin 🤲🤲🤲 | I75: 6285606274880
A76: March 20, 2024 2:06 am | B76: 45371 | C76: Maret | D76: 0.029861111 | E76: Artha-JG | F76: Abi-BFL | G76: HADIR | H76: Bacaan surat al mujadalah ayat 1-3 Makna surat al baqoroh ayat 40-41 Report Alhamdulillah Abi bisa mengikuti pengajian dg baik , amal sholih banyak nderes supaya bacaannya semakin tambah Lancar. Semoga Alloh paring manfaat dan barokah. Aamiiin | I76: 6285606274880
A77: March 21, 2024 1:48 am | B77: 45372 | C77: Maret | D77: 0.029861111 | E77: Artha-JG | F77: Abi-BFL | G77: HADIR | H77: Bacaan Surat Al mujadalah ayat 4-6 Makna surat al baqoroh ayat 42-48 Alhamdulillah Abi bisa mengikuti pengajian dg baik👍. Semoga Alloh paring manfaat dan barokah. Aamiiin🤲 | I77: 6285606274880
A78: March 23, 2024 12:46 am | B78: 45374 | C78: Maret | D78: 0.022916667 | E78: Artha-JG | F78: Jubilee-CH | G78: HADIR | H78: Bacaan Tilawaty 3 page 1 Doa2 Doa get an accident Doa hearing thunder⚡ Doa minta ilham yg benar Doa for parent Doa drinking milk Doa before and after eating Doa before sleeping and wake up Doa after dressing Asmaulhusna 1-40 Report Alhamdulillah Jubilee can follows the ngaji well, although she was not at her home but she can focus and semangat during ngaji. Good job jubilee 😙👍👏🤏🙏 Her bacaan is good enough, she can go to the next page. Don't forget to nderes ya jubilee. May Alloh give benefits and barokah. Aamiiin🤲 She can go to the next page | I78: 6285606274880
A79: March 27, 2024 2:41 am | B79: 45378 | C79: Maret | D79: 0.029861111 | E79: Artha-JG | F79: Abi-BFL | G79: HADIR | H79: Bacaan Surat Al mujadalah ayat 7-8 Makna surat Al baqoroh ayat 49-54 Report Alhamdulillah pengajian bisa berjalan dg lancar, Abi juga bisa mengikuti dg baik👍 Semoga Alloh paring manfaat dan barokah. Aamiiin🤲 🙏 | I79: 6285606274880
A80: March 28, 2024 1:55 am | B80: 45379 | C80: Maret | D80: 0.00069444444 | E80: Artha-JG | F80: Abi-BFL | G80: HADIR | H80: Bacaan Surat al mujadalah ayat 9-11 Makna surat Al-Baqarah ayat 55-57 Report Alhamdulillah Abi bisa mengikuti pengajisn dg baik, amal sholih di tingkatkan nderesnya spy bacaannya semakin lancar. Semoga Alloh paring manfaat dan barokah. Aamiiin🤲 | I80: 6285606274880
A81: January 10, 2024 6:37 am | B81: 45300 | C81: Januari | D81: 0.0625 | E81: Ayu-CKP | F81: Kayla-CA | G81: HADIR | H81: � Bacaan : Al-Qur'an Surat Ar-Rdu ayat 41-45 & Al-Mulk ayat 1-selesai � Mencari Tajwid yg sudah diajarkan di surat yang dibaca � Doa2 Pembuka & Murojaah Target Hafalan - Doa Pagi dan Sore yang panjang - Raja Istighfar - Mencari Ilmu 1 & 2 - Doa Minta Ilham Yang Baik - Doa ketetapan Iman - Asmaul Husnah - PR 13 - Doa Asad - Ayat Kursi - Surat Al-kahfi - Surat Al-Mulk - Doa Kedua orang tua - Doa Kebaikan Dunia dan Akhirat - Doa Bangun Dari Duduk - Doa Minta Kesabaran 1&2 - Doa Berlindung dari 4 Hal � Review Dalil 5 BAB & 4 Tali Keimanan � PR: - Menderes Al-Qur'an Surat Ar-Rdu Ayat 31-35 - Menghafal Tajwid Idhar Halqi & Idghom Bigunnah - Mempraktekan pelajaran atau materi yang sudah diajarkan di kehidupan sehari-hari � Report Alhamdulillah Teh Kayla bisa mengikuti pengajian dg baik, Mudah - mudahan Alloh paring manfaat barokah. Aamiiin... ����������� | I81: 62895632016027
A82: January 25, 2024 6:18 am | B82: 45307 | C82: Januari | D82: 0.084027778 | E82: Ayu-CKP | F82: Kayla-CA | G82: HADIR | H82: � Bacaan : Al-Qur'an Surat Ar-Rdu ayat 31-35 & Al-Mulk ayat 1-selesai � Mencari Tajwid yg sudah diajarkan di surat yang dibaca � Doa2 Pembuka & Murojaah Target Hafalan - Doa Pagi dan Sore yang panjang - Raja Istighfar - Mencari Ilmu 1 & 2 - Doa Minta Ilham Yang Baik - Doa ketetapan Iman - Asmaul Husnah - PR 13 - Doa Asad - Ayat Kursi - Surat Al-kahfi - Surat Al-Mulk - Doa Kedua orang tua - Doa Kebaikan Dunia dan Akhirat - Doa Bangun Dari Duduk - Doa Minta Kesabaran 1&2 - Doa Berlindung dari 4 Hal � Review Dalil 5 BAB & 4 Tali Keimanan � PR: - Menderes Al-Qur'an Surat Ar-Rdu Ayat 31-35 - Menghafal Tajwid Idhar Halqi & Idghom Bigunnah - Mempraktekan pelajaran atau materi yang sudah diajarkan di kehidupan sehari-hari � Report Alhamdulillah Teh Kayla bisa mengikuti pengajian dg baik, Mudah - mudahan Alloh paring manfaat barokah. Aamiiin... ����������� | I82: 62895632016027
A83: January 25, 2024 6:21 am | B83: 45314 | C83: Januari | D83: 0.076388889 | E83: Ayu-CKP | F83: Kayla-CA | G83: HADIR | H83: � Bacaan : Al-Qur'an Surat Ar-Rdu ayat 36-38 & Al-Mulk ayat 1-selesai � Mencari Tajwid yg sudah diajarkan di surat yang dibaca � Doa2 Pembuka & Murojaah Target Hafalan - Doa Pagi dan Sore yang panjang - Raja Istighfar - Mencari Ilmu 1 & 2 - Doa Minta Ilham Yang Baik - Doa ketetapan Iman - Asmaul Husnah - PR 13 - Doa Asad - Ayat Kursi - Surat Al-kahfi - Surat Al-Mulk - Doa Kedua orang tua - Doa Kebaikan Dunia dan Akhirat - Doa Bangun Dari Duduk - Doa Minta Kesabaran 1&2 - Doa Berlindung dari 4 Hal � Review Dalil 5 BAB & 4 Tali Keimanan � PR: - Menderes Al-Qur'an Surat Ar-Rdu Ayat 31-35 - Menghafal Tajwid Idhar Halqi & Idghom Bigunnah - Mempraktekan pelajaran atau materi yang sudah diajarkan di kehidupan sehari-hari � Report Alhamdulillah Teh Kayla bisa mengikuti pengajian dg baik, Mudah - mudahan Alloh paring manfaat barokah. Aamiiin... ����������� | I83: 62895632016027
A84: January 31, 2024 11:17 am | B84: 45321 | C84: Januari | D84: 0.078472222 | E84: Ayu-CKP | F84: Kayla-CA | G84: HADIR | H84: � Bacaan : Al-Qur'an Surat Ibrahim ayat 1-5 & Al-Mulk ayat 1-selesai � Mencari Tajwid yg sudah diajarkan di surat yang dibaca � Doa2 Pembuka & Murojaah Target Hafalan - Doa Pagi dan Sore yang panjang - Raja Istighfar - Mencari Ilmu 1 & 2 - Doa Minta Ilham Yang Baik - Doa ketetapan Iman - Asmaul Husnah - PR 13 - Doa Asad - Ayat Kursi - Surat Al-kahfi - Surat Al-Mulk - Doa Kedua orang tua - Doa Kebaikan Dunia dan Akhirat - Doa Bangun Dari Duduk - Doa Minta Kesabaran 1&2 - Doa Berlindung dari 4 Hal � Review Dalil 5 BAB & 4 Tali Keimanan 5️⃣ Nasehat pemahaman 5 Alam kehidupan manusia � PR: - Menderes Al-Qur'an Surat Ar-Rdu Ayat 31-35 - Menghafal Tajwid Idhar Halqi & Idghom Bigunnah - Mempraktekan pelajaran atau materi yang sudah diajarkan di kehidupan sehari-hari � Report Alhamdulillah Teh Kayla bisa mengikuti pengajian dg baik, Mudah - mudahan Alloh paring manfaat barokah. Aamiiin... ����������� | I84: 62895632016027
A85: February 6, 2024 2:31 pm | B85: 45328 | C85: Februari | D85: 0.00069444444 | E85: Ayu-CKP | F85: Kayla-CA | G85: IZIN (MURID) | H85: Ada ujian | I85: 62895632016027
... A90: March 8, 2024 2:22 pm | B90: 45359 | C90: Maret | D90: 0.00069444444 | E90: Ayu-CKP | F90: Khayri-CH | G90: HADIR | H90: 1. Bacaan Tilawaty hal 1-3 85% Alkhamdulillah Khay bisa mengikuti dan memperhatikan dengan baik, lancar bacaanya dan semangat banget MasayaAllah, tinggal menghafal lagi huruf hijayah ث 2. Hafalan Surat Alfatihah 70% tinggal ayat terakhir saja belum hafal dan lancar 3. Doa mau tidur dan wake up 97% lancar hanya saja masih tergesa2 membacanya 🌼🫶🏻🤗 *Tugas dirumah, yeeeeeee* 🥳 1. Menderes Tilawaty Hal 3 2. Mengamalkan doa2 sehari2 Semoga Khay menjadi anak yg sholih, Berakhlaqul Karimah, Alim Faqih dan Mandiri barokah, serta semoga Alloh paring kelancaran kebarokahan dan kemudahan serta dipermudah dalam belajarnya📚 dan mempraktekan nya, Aamiin Sampai berjumpa lagi Mass Khay 👋🏻🫶🏻😊🌸💞 | I90: 62895632016027
A91: March 9, 2024 4:31 am | B91: 45360 | C91: Maret | D91: 0.065972222 | E91: Ayu-CKP | F91: Kayla-CA | G91: HADIR | H91: ===================== *LAPORAN PENGAJIAN PPG* ===================== ● *Murid:* Kayla-CA ● *Tanggal:* 2024-02-29 ● *Guru:* Ayu-CKP ● *Durasi:* 01:45 ● *Materi:* 1. Bacaan Al-Quran surat Ibrohim Ayat 6-10 (mencari tajwid) 2. Murojaah surat Al-Mulk 1-selesai 3. Murojaah / Membaca - Doa pagi sore versi lengkap - Doa Asad - Asmaul Khusna - PR 13 - Ayat Kursi - Doa Mencari Imu 1&2 - Doa Minta Ilham yang baik - Surat Alkahfi 1-10 - Surat Al-Baqoroh 1-5 Alhamdulillah kayla dapat mengikuti pengajian dengan sangat baik dan semangat Moga2 Allah Paring Ilmu Manfaat dan Barokah الحمدلله جزاكم الله خيرا ===================== *LAPORAN PENGAJIAN PPG* ===================== ● *Murid:* Kayla-CA ● *Tanggal:* 2024-02-22 ● *Guru:* Ayu-CKP ● *Durasi:* 01:05 ● *Materi:* 1. Bacaan Al-Quran surat Ibrohim Ayat 11-15 (mencari tajwid) 2. Murojaah surat Al-Mulk 1-selesai 3. Murojaah / Membaca - Doa pagi sore versi lengkap - Doa Asad - Asmaul Khusna - PR 13 - Ayat Kursi - Doa Mencari Imu 1&2 - Doa Minta Ilham yang baik - Surat Alkahfi 1-10 - Surat Al-Baqoroh 1-5 Alhamdulillah kayla dapat mengikuti pengajian dengan sangat baik dan semangat Moga2 Allah Paring Ilmu Manfaat dan Barokah -> #ERROR! | I91: 62895632016027
A92: March 14, 2024 2:42 am | B92: 45365 | C92: Maret | D92: 0.00069444444 | E92: Ayu-CKP | F92: Kayla-CA | G92: IZIN (MURID) | H92: Izin 2 minggu sedang ujian | I92: 62895632016027
A93: January 4, 2024 2:44 am | B93: 45295 | C93: Januari | D93: 0.0625 | E93: Azki-MDN | F93: Tami-BFL | G93: HADIR | H93: 1. Bacaan quran surat al qosos 29-35 2. Makna k.nawafil 78-79 3. Rukun Islam = alhamdulillah tami bisa mengikuti pengajian dengan sangat baik Moga2 Allah paring ilmu manfaat dan barokah...amin | I93: 6285313543592
A94: January 5, 2024 4:41 pm | B94: 45295 | C94: Januari | D94: 0.058333333 | E94: Azki-MDN | F94: Kayla-CA | G94: HADIR | H94: 1. Murojaah surat al mulk 2. Makna hadits jannah wannar hal. 3-5 Alhamdulillah kayla mengikuti pengajian dengan sangat baik Moga2 Allah paring ilmu manfaat dan barokah | I94: 6285313543592
A95: January 8, 2024 2:12 am | B95: 45299 | C95: Januari | D95: 0.069444444 | E95: Azki-MDN | F95: Denissa-RLG | G95: HADIR | H95: 1. Menulis doa kumpulan nabi 2. Murojaah doa pengayoman, doa masuk pasar, doa ketika ada angin kencang, doa minta kesehatan dan tebak2an doa 3. Makna bahasa indonesia k.jannah wannar hal. 21-22 Alhamdulillah nissa masih bisa mengikuti pengajian dengan sangat baik meskipun sakit batuk2... Moga2 Allah paring nissa segera sembuh sehat barokah...amin | I95: 6285313543592
A96: January 10, 2024 6:21 am | B96: 45301 | C96: Januari | D96: 0.040277778 | E96: Azki-MDN | F96: Kayla-CA | G96: HADIR | H96: K. Jannah Wannar hal. 6-7 Alhamdulillah kayla bisa mengikuti pengajian dengan baik | I96: 6285313543592
A97: January 11, 2024 2:33 am | B97: 45302 | C97: Januari | D97: 0.063888889 | E97: Azki-MDN | F97: Tami-BFL | G97: HADIR | H97: 1. Doa sujud al quran = alhamdulillah sudah ditulis dan dibaca berulang kali, tinggal dihapalin 2. Membaca Al quran surat Al-Qosos 44-46 =alhamdulillah bacanya pelan2 bagus, tinggal banyak latihan atur nafas dan membaca ulang di kata yang tepat 3. Makna hadits k.nawafil hal. 80-81 = alhamdulillah dapat mengikuti makna dgn sangat baik dan dapat menjelaskan ulang beberapa hadits | I97: 6285313543592
A98: January 12, 2024 3:22 am | B98: 45303 | C98: Januari | D98: 0.047222222 | E98: Azki-MDN | F98: Chester-PD | G98: HADIR | H98: 1. Membaca tilawati 4 hal. 17 = alhamdulillah sudah cukup baik bacaannya tinggal di perhatikan lagi bacaan2 yg panjang di akhir ayat (mad aridh lisskunnya) Tapi boleh naik ke hal. Berikutnya 2. Menulis doa pagi sore = amsol dihafalkan 3. Hafalan surat an nasr = alhamdulillah sudah hafal semua 4. Hafalan asmaul husna 1-40 = 31-40 masih perlu diulang2 lagi hafalnnya Moga2 Allah paring ilmu manfaat dan barokah..amin | I98: 6285313543592
A99: January 16, 2024 1:50 pm | B99: 45306 | C99: Januari | D99: 0.048611111 | E99: Azki-MDN | F99: Chester-PD | G99: HADIR | H99: 1. Tilawati 4 hal. 18 = amal solih di ulang lagi yaa, supaya lebih lancar 2. Menulis "The etiquette of respect to the elder and love to the younger" = Alhamdulillah sudah di tulis chester, insyaallah akan di jelaskan di pertemuan berikutnya 3. Hafalan doa pagi dan sore Moga2 Allah paring ilmu manfaat dan barokah.. Aaamiin | I99: 6285313543592
A100: January 19, 2024 7:12 am | B100: 45308 | C100: Januari | D100: 0.0625 | E100: Azki-MDN | F100: Kayla-CA | G100: HADIR | H100: 1. Makn dan Keterangan K. Jannah Wannar hal. -9 2. Murajaah surat Al-Mulk Alhamdulillah kayla dapat mengikuti pengajian dengan sangat baik Moga2 Allah paring ilmu manfaat dan barokah,, Amin | I100: 6285313543592
A101: January 24, 2024 8:07 am | B101: 45315 | C101: Januari | D101: 0.061111111 | E101: Azki-MDN | F101: Kayla-CA | G101: HADIR | H101: 1. Makna dan keterangan k. Jannah wannar hal. 9-12 2. Tes doa2 Alhamdulillah kayla dapat mengikuti pengajian dengan sangat baik. Moga2 Allah paring ilmu manfaat dan barokah... aamiin | I101: 6285313543592
A102: January 25, 2024 4:56 am | B102: 45316 | C102: Januari | D102: 0.056944444 | E102: Azki-MDN | F102: Tami-BFL | G102: HADIR | H102: 1. Tes hafalan PR doa menjenguk orang sakit dan doa sujud alquran = alhamdulillah sudah hafal semua 2. Membaca Al Quran Surat Al Qosos ayat 78-84 = Alhamdulillah sudah baik bacaannya, mulai terdengar bisa mengatur nafas saat membaca, hanya saja untuk bacaan2 gorib dan musykilat masih perlu di pelajari dan di fahami lagi 3. Keterangan h. nawafil hal.80-81, dan makna 81-82 = alhamdulillah dapat mengikuti makna dengan sangat baik, sangat komunikatif, dan responsif saat pengajian. 4. Murojaah surat al-muthoffifin Moga2 Allah paring manfaat dan barokah untuk semua | I102: 6285313543592
A103: January 30, 2024 3:28 pm | B103: 45313 | C103: Januari | D103: 0.00069444444 | E103: Azki-MDN | F103: Chester-PD | G103: IZIN (MURID) | H103: Chester masuk Rumah sakit | I103: 6285313543592
... A114: March 1, 2024 12:31 am | B114: 45352 | C114: Maret | D114: 0.045138889 | E114: Azki-MDN | F114: Chester-PD | G114: HADIR | H114: 1. Hafalan surat al-kafirun =hari ini masih membaca, moga2 Allah paring akhir bulan bisa hafal amin 2. Murojaah surat an nasr, al lahab, asmaul husna 1-60 3. Tilawati 4 hal. 26 =Masih banyak bacaan dengung yang kurang jadi mohon amsol diulang lagi supaya lebih lancar insyaallah 4. Membaca bacaan2 sholat Moga2 Allah paring chester bisa jadi mubaligh yang sukses dunia akhirotnya... amin :)) | I114: 6285313543592
B115: 45346 | C115: Februari | D115: 0.0125 | E115: Azki-MDN | F115: Denissa-RLG | G115: By VN | H115: Makna dan keterangan k. jannah wannar hal. 24 Mohon amsol semangat terus ya ngaji nyaa karena bulan februari hanya bisa 2x ngaji live nya Moga2 Allah paring lancar barokah
A116: March 7, 2024 2:35 am | B116: 45358 | C116: Maret | D116: 0.064583333 | E116: Azki-MDN | F116: Tami-BFL | G116: HADIR | H116: 1. Murojaah doa2 usia 6-7th = alhamdulillah sangat baik 2. Penyampaian kefadholan puasa dan hal-hal yang membatalkan puasa = alhamdulillah tami menyimak dgn baik, bahkan bisa mengatakan ulang yg telah disampaikan 3. Membaca Al quran sura Ar Rum 16-24 = alhamdulillah bagus 4. Makna k. nawafil 92-94atas = alhamdulillah mengikuti dgn sangat baik Moga 2 Allah paring manfaat dan barokah | I116: 6285313543592
A117: March 8, 2024 3:59 pm | B117: 45359 | C117: Maret | D117: 0.055555556 | E117: Azki-MDN | F117: Kayla-CA | G117: HADIR | H117: 1. Pengetahuan tentang RUKUN ISLAM = alhamdulillah kayla sudah tau dan hafal 2. Makna dan Keterangan K. Jannah Wannar hal. 22-23 = alhamdulillah kayla dapat mengikuti pemangkulan dengan sangat baik | I117: 6285313543592
A118: March 8, 2024 4:01 pm | B118: 45359 | C118: Maret | D118: 0.065972222 | E118: Azki-MDN | F118: Chester-PD | G118: HADIR | H118: 1. Membaca surat al kafirun = amal solih di hafalkan yaaa 2. Membaca tilawati4 hal. 27 = alhamdulillah cukup baik, tinggal fokus di bagian bacaan2 yang mendengung (ikhfa haqiqi), silahkan.. boleh naik ke hal. berikutnya 3. Menulis tentang puasa romadhon Moga2 Allah paring ilmu manfaat dan barokah | I118: 6285313543592
A119: March 14, 2024 12:58 am | B119: 45364 | C119: Maret | D119: 0.00069444444 | E119: Azki-MDN | F119: Kayla-CA | G119: IZIN (MURID) | H119: Kayla minta izin 2 minggu ini untuk fokus ujian, after next week insyaallah extra durasi untuk menambal materi | I119: 6285313543592
A120: March 14, 2024 2:38 am | B120: 45365 | C120: Maret | D120: 0.067361111 | E120: Azki-MDN | F120: Tami-BFL | G120: HADIR | H120: 1. Bacaan Al Quran Surat Ar-Rum ayat 33-41 = Alhamdulillah bacaannya sangat baik, tinggal nanti coba cari lagu yang nyaman untuk bacaannya sendiri ya ☺ 2. Makna k. Shoum hal. 1-3 = alhamdulillah tami dapat mengikuti makna dengan sangat baik 3. Penyampaian tentang pahala puasa dan keistimewaan ramadhan serta hal2 yg dapat membatalkan puasa = alhamdulillah tami bisa mengerti yg telah disampaikan bahkan bisa menyampaikan ulang materi nya | I120: 6285313543592
A121: March 17, 2024 11:07 pm | B121: 45369 | C121: Maret | D121: 0.00069444444 | E121: Azki-MDN | F121: Chester-PD | G121: IZIN (MURID) | H121: Chester mohon izin sedang pergi acara buka bersama keluarga di luar | I121: 6285313543592
A122: March 17, 2024 11:13 pm | B122: 45369 | C122: Maret | D122: 0.013888889 | E122: Azki-MDN | F122: Denissa-RLG | G122: By VN | H122: Tadarus Quran Surat Al-Baqoroh ayat 77-83 by Voice Note Alhamdulillah nissa mau netepi tadarus dan setoran bacaannya akan tetapi bacaannya masih banyak yang perlu di koreksi, tetap semangat membaca qurannya ya :)) Moga2 Allah paring denissa dan kita semua juga bisa sukses tadarus quranya, khatam min. 1x di romadhon ini,,, amin | I122: 6285313543592
A123: March 20, 2024 3:50 pm | B123: 45371 | C123: Maret | D123: 0.00069444444 | E123: Azki-MDN | F123: Kayla-CA | G123: IZIN (MURID) | H123: masih ijin untuk fokus ujian | I123: 6285313543592
A124: March 21, 2024 9:25 am | B124: 45372 | C124: Maret | D124: 0.063888889 | E124: Azki-MDN | F124: Tami-BFL | G124: HADIR | H124: 1. Murojaah doa-doa: - Asmaul Husna 1-99 - doa ketika berbuka puasa - doa ketika melihat orang yg tertimpa musibah - doa minta ilham yang baik - doa berlidung dari siksa kubur = alhamdulillah masih hafal semua dengan baik 2. Doa berlindung dari jeleknya pendengaran, peglihatan,lisan... = ini PR amal solih di hafal 3. Membaca surat Ar-Rum 51-60 = alhamdulillah bacaannya sangat baik, hati-hati dalam tajwidnya 4. Makna dan ket. K.shoum hal. 4-6 = alhamdulillah tami mengikuti makna dengan sangat baik, memperhatikan dan dapat menjelaskan ulang | I124: 6285313543592
A125: March 26, 2024 4:11 pm | B125: 45377 | C125: Maret | D125: 0.013888889 | E125: Azki-MDN | F125: Denissa-RLG | G125: By VN | H125: Tadarus Al-Quran ayat 253-256 =semangat terus ya bacanya :)) Moga2 Allah paring nissa pahala banyak berlipat menjadi AHli Quran..amin | I125: 85313543592
A126: March 28, 2024 3:07 am | B126: 45379 | C126: Maret | D126: 0.059722222 | E126: Azki-MDN | F126: Tami-BFL | G126: HADIR | H126: 1. Test doa berlindung dari jeleknya pendengaran.... = alhamdulillah tami sudah hafal 2. Bacaan Quran surat Luqman ayat 12-19 = Alhamdulillah tadi bacaannya hanya sedikit yang salah (di hukum mad layin) dan bisa mengulangi bacaan dgn lebih baik, selebihnya bagus. 3. Makna k. Nawarin hal. 94-96 Moga2 Allah paring manfaat dan barokah | I126: 6285313543592
A127: March 28, 2024 6:00 am | B127: 45379 | C127: Maret | D127: 0.052083333 | E127: Azki-MDN | F127: Kayla-CA | G127: HADIR | H127: 1. Bacaan Quran (melanjutkan tadarus quran kayla sendiri) surat at taubah 49-55 = Alhamdulillah cukup baik bacaannya... Semangat terus bacanya ya! 2. Makna keterangan k. Jannah wannar hal. 23-25 = alhamdulillah kayla dapat mengikuti pengajian dengan sangat baik | I127: 6285313543592
... A385: February 29, 2024 3:31 am | B385: 45348 | C385: Februari | D385: 0.055555556 | E385: Mora-MLL | F385: Chester-PD | G385: HADIR | H385: A. Bacaan Tilawati 4 hal. 24 B. Murajaah Doa sebelum dan sesudah makan Doa sebelum dan sesudah tidur Doa masuk dan keluar WC Doa untuk kedua orang tua Doa kebaikan dunia dan akhirat Doa Minta kesehatan Doa pagi dan sore Surat an naas Surat Al Falaq Surat Al Ikhlas Surat Lahab Surat An Nashr Surat Al Kafiirun Asmaul Husna 1-60 C. Penjelasan tentang 3 sukses Generus Point berakhlakul Karimah •NOTE• Amalsholeh untuk sering Menderes dan murajaah serta praktek doa2. | I385: 6285173431354
B386: 45348 | C386: Februari | D386: 0.048611111 | E386: Mora-MLL | F386: Denissa-RLG | G386: HADIR | H386: A. Bacaan Al Baqarah ayat 58-61 Dibanyakin Menderes biar tambah lancar B. Murajaah Doa mohon Kesabaran Doa minta kesehatan Doa setelah membaca Alquran Doa pengayoman Kumpulan doa nabi Muhammad Doa sujud Al-Qur'an C. Makna K. Sholah 68-69 D. Belajar tentang Tajwid Ikhfa Haqiqi
A387: March 4, 2024 2:06 pm | B387: 45354 | C387: Maret | D387: 0.010416667 | E387: Mora-MLL | F387: Denissa-RLG | G387: HADIR | H387: Murajaah Surat Al Fatihah Surat an naas Surat Al Falaq Surat Al ikhlas Surat Al lahab Surat an nashr Surat Al Kafiirun Surat Al Ma'un Asmaul Husna 1-40 We ngaji only a while cause I lost my connection 🙏🏻🙏🏻 | I387: 6285173431354
A388: March 4, 2024 2:12 pm | B388: 45355 | C388: Maret | D388: 0.031944444 | E388: Mora-MLL | F388: Dawud-RLG | G388: HADIR | H388: A. Bacaan Tilawati 6 hal. 4 (Al-Quraisy) "Daud ulang baca 2x biar tambah lancar. Dan daud juga bilang kalau it's harder makanya agak malas buat baca" B. Murajaah Doa sebelum dan setelah tidur Doa sebelum dan sesudah makan Doa masuk dan keluar WC Doa minta ilham yg baik Doa mencari ilmu yang bermanfaat Doa minta kesehatan Doa pagi dan sore Doa masuk dan keluar rumah Doa masuk dan keluar masjid Doa berpakaian Doa minta ketetapan iman Doa untuk kedua orang tua Doa kebaikan dunia dan akhirat Doa setelah mendengar adzan (belum lancar) Al Fatihah Surat An Naas Surat Al Falaq Surat Al ikhlas Surat Al lahab Surat An Nashr Surat Al Kafiirun Surat Al Kautsar Surat Al Maun Surat Al Quraisy (belum hafal) Asmaul Husna 1-50 (fokus on 41-50) •NOTE• Amalsholeh untuk selalu diarahkan dan disimak didalam Menderes. Karena it's going to be harder the tilawati 6. | I388: 6285173431354
A389: March 4, 2024 2:18 pm | B389: 45355 | C389: Maret | D389: 0.040972222 | E389: Mora-MLL | F389: Denissa-RLG | G389: HADIR | H389: A. Mengulang materi tajwid Ikhfa' Haqiqi "Masih mencoba untuk memahami hukum tajwid dan mempraktekan" B. Membaca Tilawati 4 hal. 21-22 "Karena lagi period Dan sekalian memperdalam / praktek tentang Ikhfa' Haqiqi. Alkhamdulillah it's better for the mendengung" C. Makna k.sholah hal. 69-71 Alkhamdulillah Nissa bisa mengikuti dan memahami isi hadist dg baik dan bisa menjawab pertanyaan tentang hadistnya. •NOTE• Amalsholeh untuk diingatkan dan dipantau dalam kehadiran didalam Amrin Jami'. Semoga Nissa tambah semangat lagi when mengaji. | I389: 6285173431354
A390: March 4, 2024 2:25 pm | B390: 45354 | C390: Maret | D390: 0.024305556 | E390: Mora-MLL | F390: Dehan-CND | G390: HADIR | H390: Makna k.sholah hal. 99-101 Alkhamdulillah Dehan bisa mengikuti pengajian dengan baik dan lancar. Dan bisa mereview kembali isi hadist. Semoga bisa lebih mudah dalam memahami materi | I390: 6285173431354
A391: March 6, 2024 11:07 pm | B391: 45356 | C391: Maret | D391: 0.029861111 | E391: Mora-MLL | F391: Dawud-RLG | G391: HADIR | H391: A. Bacaan Tilawati 6 hal. 4 (Al-Fill) Amalsholeh untuk mengulang lagi biar tambah lancar. B. Murajaah Doa sebelum dan setelah tidur Doa sebelum dan sesudah makan Doa masuk dan keluar WC Doa minta ilham yg baik Doa mencari ilmu yang bermanfaat Doa minta kesehatan Doa pagi dan sore Doa masuk dan keluar rumah Doa masuk dan keluar masjid Doa berpakaian Doa minta ketetapan iman Doa untuk kedua orang tua Doa kebaikan dunia dan akhirat Doa setelah mendengar adzan Surat Al Fatihah Surat An Naas Surat Al Falaq Surat Al ikhlas Surat Al lahab Surat An Nashr Surat Al Kafiirun Surat Al Kautsar Surat Al Maun Surat Al Quraisy Asmaul Husna 1-50 •NOTE• Amalsholeh untuk selalu diarahkan dan disimak didalam Menderes. | I391: 6285173431354
A392: March 6, 2024 11:33 pm | B392: 45356 | C392: Maret | D392: 0.038194444 | E392: Mora-MLL | F392: Jubilee-CH | G392: HADIR | H392: A. Bacaan Tilawati 2 hal. 40-41 Jubilee suddenly ask for baca page 40😅 Alkhamdulillah lancar. Amalsholeh ulang hal. 41 biar tambah lancar panjang pendek nya. B. Menulis huruf Hijaiyah س،ش،ص،ض،ط،ظ،د،ج C. Mengetahui 5 bab dan 4 Tali keimanan Alkhamdulillah jubilee sudah hafal. | I392: 6285173431354
A393: March 6, 2024 11:41 pm | B393: 45357 | C393: Maret | D393: 0.027083333 | E393: Mora-MLL | F393: Jubilee-CH | G393: HADIR | H393: A. Bacaan Tilawati 2 hal 38 & 41 Amalsholeh mengulang lagi hal. 41 agar lebih lancar panjang pendek nya. B. Murajaah Surat Al Fatihah Surat An Naas Surat Al Falaq Surat Al Ikhlas Surat Al Lahab ayat 1 & 2 C. Mengetahui 5 Bab 4 Tali keimanan 6 Thobiat Luhur Alkhamdulillah Jubilee nya lancar dan minta baca 2x. It's really good bisa untuk Menderes juga. Amalsholeh untuk banyak menderes dan menghafal. | I393: 6285173431354
A394: March 7, 2024 1:52 pm | B394: 45358 | C394: Maret | D394: 0.01875 | E394: Mora-MLL | F394: Jubilee-CH | G394: HADIR | H394: A. Bacaan Tilawati 2 hal 41 & 37 Alkhamdulillah it's better. Jubilee minta baca hal. 37 buat nderes. B. Murajaah Asmaul Husna 1-40 (Points 35-40 masih sedikit lupa2) C. Mengetahui 5 bab dan 4 Tali keimanan | I394: 6285173431354
A395: March 9, 2024 1:33 pm | B395: 45358 | C395: Maret | D395: 0.042361111 | E395: Mora-MLL | F395: Chester-PD | G395: HADIR | H395: A. Bacaan Tilawati 4 hal. 26 Banyak menderes dan belajar untuk panjang pendek serta mendengungnya. B. Murajaah Doa sebelum dan sesudah makan Doa sebelum dan sesudah tidur Doa masuk dan keluar WC Doa untuk kedua orang tua Doa kebaikan dunia dan akhirat Doa Minta kesehatan Doa pagi dan sore Surat An Naas Surat Al Falaq Surat Al Ikhlas Asmaul Husna 1-60 C. Menulis Kitabaty 2 hal. 2 Amalsholeh untuk sering Menderes dan murajaah serta praktek doa2. | I395: 6285173431354
A396: March 10, 2024 12:09 pm | B396: 45361 | C396: Maret | D396: 0.031944444 | E396: Mora-MLL | F396: Dehan-CND | G396: HADIR | H396: A. Bacaan surat Thoha ayat 88-98 Alkhamdulillah sudah lancar sekalian dengan doa sesudah membaca Al Qur'an B. Makna K.sholah hal. 102-104 Alkhamdulillah bisa memahami materi dengan baik. C. Sedikit menambahkan materi pemahaman tentang puasa. | I396: 6285173431354
A397: March 10, 2024 12:15 pm | B397: 45361 | C397: Maret | D397: 0.036805556 | E397: Mora-MLL | F397: Denissa-RLG | G397: HADIR | H397: A. Bacaan Al Baqarah ayat 62-69 Alkhamdulillah bacaan Nissa udah lumayan lancar. Banyak menderes. B. Murajaah Doa setelah membaca Al Qur'an Doa sujud Al-Qur'an Kumpulan doa nabi Muhammad C. Makna K. Jannah Wannar hal. 25 D. Pemahaman tentang surga dan amalan2 yang baik. | I397: 6285173431354
A398: March 10, 2024 1:42 pm | B398: 45359 | C398: Maret | D398: 0.025694444 | E398: Mora-MLL | F398: Dawud-RLG | G398: HADIR | H398: A. Bacaan Tilawati 6 hal. 4 (Al-Fill) Alkhamdulillah sudah lancar. Bisa lanjut ke next page B. Murajaah Doa sebelum dan setelah tidur Doa sebelum dan sesudah makan Doa masuk dan keluar WC Doa minta ilham yg baik Doa mencari ilmu yang bermanfaat Doa minta kesehatan Doa pagi dan sore Doa masuk dan keluar rumah Doa masuk dan keluar masjid Doa berpakaian Doa minta ketetapan iman Doa untuk kedua orang tua Doa kebaikan dunia dan akhirat Doa setelah mendengar adzan Surat Al Fatihah Surat An Naas Surat Al Falaq Surat Al ikhlas Surat Al lahab Surat An Nashr Surat Al Kafiirun Surat Al Kautsar Surat Al Maun Surat Al Quraisy Asmaul Husna 1-50 •NOTE• Daud kurang mood mengaji karena pengen lanjut main Games online. Amalsholeh untuk disemangati lagi ngajinya | I398: 6285173431354
... A496: February 28, 2024 12:48 am | B496: 45350 | C496: Februari | D496: 0.01875 | E496: Zul-Mll | F496: Abi-BFL | G496: HADIR | H496: Bacaan Surat al waqi'ah 39-74 Makna kitabu jannah wannar hal 13-14 Report Baru setengah perjalanan pengajian tiba2 putus telponnya.insyaallah mangkulan lanjutan di kirim lewat voicenote🙏 Semoga Alloh paring manfaat dan barokah aamiiin🤲 | I496: 6285606274880
A497: 45383.639 | B497: 45377 | C497: Maret | D497: 0.041666667 | E497: Naely-BGR | F497: Grazia-IN | G497: HADIR | H497: 1. baca surat ali imron ayat 104-106 2. review semua materi 3. review etiquette of dressing and grooming for women 4. tanya jawab about hijab | I497: 6281269229406
A498: 45383.643 | B498: 45378 | C498: Maret | D498: 0.020833333 | E498: Naely-BGR | F498: Grazia-IN | G498: HADIR | H498: 1. baca ali imron ayat 119-111 2. review doa2 sholat 3. asma'ulhusna 1-50 | I498: 6281269229406
A499: 45383.817 | B499: 45382 | C499: Maret | D499: 0.026388889 | E499: Mora-MLL | F499: Dawud-RLG | G499: HADIR | H499: A. Bacaan Tilawati 6 Hal. 8 (Al Bayyinah ayat 1-4) Amalsholeh lebih banyak menderes nya untuk melatih bacaan nya. B. Murajaah Surat Al Fatihah Surat An Naas Surat Al Falaq Surat Al Ikhlas Surat Al Lahab Surat An Nashr Surat Al Kaafirun Surat Al Kautsar Surat Al Maun Surat Al Quraisy (belum hafal) Asmaul Husna 1-55 Daily Doa Doa masuk keluar rumah Doa masuk keluar masjid Doa pagi dan sore Doa setelah mendengar adzan Doa berbuka puasa | I499: 6285173431354
A500: 45383.821 | B500: 45382 | C500: Maret | D500: 0.029861111 | E500: Mora-MLL | F500: Dehan-CND | G500: HADIR | H500: A. Bacaan surat Ibrahim ayat 1-10 B. Makna k.sholah hal. 106-107 Alkhamdulillah bisa menjawab pertanyaan dan menjelaskan tentang hadits yg dimanqulkan. | I500: 6285173431354
A501: 45384.06 | B501: 45384 | C501: April | D501: 0.022916667 | E501: Bella-PWD | F501: Khayri-CH | G501: HADIR | H501: 1. Membaca Tilawati jilid 1 halaman 1 dan 10 2. Membaca doa" sehari hari dan doa mau tidur dan bangun tidur 3. Mengetahui dan mengenal wudhu REPORT 1. Untuk bacaan mas khay sudah sangat baik dan lancar dalam membaca mampu menyebutkan huruf Hijaiyah dengan benar dan jelas 2. Untuk hafalan mas Khay sudah bisa menirukan dan mengikuti arahan guru dgn baik dan benar walaupun masih belum jelas pelafalannya 3. Untuk pengenalan bab wudhu mas Khay bisa mendengarkan penjelasan guru dgn baik dan juga bisa menjawab pertanyaan sederhana dengan baik dan benar Untuk pengajian pada season ini Alhamdulillah berjalan dengan baik dan lancar Tetap semangat mas Khay.... See you next season... | I501: 6285725069997
A502: 45384.062 | B502: 45384 | C502: April | D502: 0.022222222 | E502: Bella-PWD | F502: Rambo-CH | G502: HADIR | H502: 1. Membaca surat Al Qolam ayat 10-15 Membaca Tilawati jilid 4 halaman 18 2. Belajar tajwid iqlab idgom bigunnah dan idgom bilagunnah 3. Penjelasan dan praktek wudhu REPORT 1. Untuk bacaan mas Rambo sudah ada peningkatan dan perkembangan dari sebelumnya mungkin bisa lebih di perhatikan panjang pendeknya serta dengungnya 2. Untuk tajwid mas Rambo sudah mulai hafal dan mengenal serta menyebutkan beberapa hukum bacaan tajwid 3. Untuk praktek sholat mas Rambo sudah bisa mempraktekkan cara wudhu dengan benar hanya perlu sedikit di benahi di bagian membasuh tangan sampe siku selebihnya bagus Untuk pengajian pada season ini Alhamdulillah berjalan dengan baik dan lancar See you next season mas Rambo GOOD LUCK YAA.... | I502: 6285725069997
A503: 45384.117 | B503: 45408 | C503: April | D503: 0.021527778 | E503: Dilla-MLL | F503: Dylan-CA | G503: HADIR | H503: Bacaan Al Anfal 41- 45 , banyak menderes ny dylan, lebih fokus ke memdengungnya sama oanjang pendek nya Murojaah Al lail - Al ghosyiah 98% good job dylan Homework Memorize doa terjaga dari siksa kubur Good job deh Dylan,semangat lagi ngajinya dan always smile See u after Ied Mubarok yaaa | I503: 6281392827981
A504: 45385.067 | B504: 45385 | C504: April | D504: 0.021527778 | E504: Bella-PWD | F504: Khayri-CH | G504: HADIR | H504: 1. Membaca Tilawati jilid 1 halaman 1 dan 10 2. Membaca doa pagi dan sore doa kebaikan dunia dan akhirat doa untuk kedua orang tua doa mencari ilmu 1 3. Menulis huruf Hijaiyah 4. Pengenalan sholat REPORT 1. Untuk bacaan mas khay sudah sangat bagus bisa menyebutkan dan membaca huruf Hijaiyah dengan lancar dan benar 2. Untuk hafalan mas Khay sudah bisa menirukan dan mengikuti arahan guru dgn baik dan benar walaupun masih belum jelas pelafalannya 3. Untuk menulis mas Khay sangat semangat dan bisa menuliskan beberapa huruf Hijaiyah tanpa contoh dan tulisannya pun sudah rapi bagus dan jelas 4. Untuk pengenalan sholat mas Khay sudah bisa menyebutkan 5 waktu sholat dan mampu menjawab pertanyaan sederhana dengan baik dan benar Untuk pengajian pada season ini Alhamdulillah berjalan dengan baik dan lancar See you next season mas khay.... Tetap semangat yaaa | I504: 6285725069997
A505: 45385.07 | B505: 45385 | C505: April | D505: 0.022222222 | E505: Bella-PWD | F505: Rambo-CH | G505: HADIR | H505: 1. Membaca surat Al Qolam ayat 16-21 Membaca Tilawati jilid 4 halaman 20 2. Menulis Pegon sambung REPORT 1. Untuk bacaan mas Rambo Alhamdulillah sudah ada peningkatan dr sebelumnya namun tetap di perhatikan di panjang pendek dan dengung 2. Untuk Pegon mas Rambo sangat cepat dalam belajar menulis Pegon bisa menulis Pegon dengan kata" sederhana dan juga sudah bisa menyambung beberapa soal Pegon Untuk pengajian pada season ini Alhamdulillah berjalan dengan baik dan lancar See you next season mas Rambo Semangat selalu.... | I505: 6285725069997
A506: 45385.086 | B506: 45385 | C506: April | D506: 0.029861111 | E506: Artha-JG | F506: Abi-BFL | G506: HADIR | H506: Bacaan Al mujadalah ayat 12-14 Makna albaqoroh ayat 58-60 Alhamdulillah pengajian bisa berjalan lancar.Ada sedikit kendala dlm komunikasi tapi alhamdulillah Abi banyak membantu sehingga bisa berjalan lancar. Alhamdulillah jaza kallohu hoiro Abi, jangan lupa banyak banyak nderes. Semoga Alloh paring manfaat dan barokah. | I506: 6285606274880
A507: 45386.052 | B507: 45386 | C507: April | D507: 0.021527778 | E507: Bella-PWD | F507: Khayri-CH | G507: HADIR | H507: 1. Membaca Tilawati jilid 1 halaman 1 dan 11 2. Membaca surat Al-fatihah dan an-nass serta Al-Falaq 3. Membaca doa pagi dan sore doa kebaikan dunia dan akhirat doa untuk kedua orang tua doa sebelum dan sesudah makan doa sebelum dan bangun tidur 4. Pengenalan rukun iman REPORT 1. Untuk bacaan mas khay sudah sangat baik dan lancar bisa menyebutkan huruf Hijaiyah dengan jelas 2. Untuk hafalan mas Khay sudah bisa menirukan dan mengikuti arahan guru dgn baik walaupun masih belum jelas pelafalannya 3. Untuk penjelasan tentang rukun iman mas Khay bisa menerima materi dengan baik dan bisa memperhatikan guru serta dapat menjawab pertanyaan sederhana dengan baik dan benar Untuk pengajian pada season ini Alhamdulillah berjalan dengan baik dan lancar See you next season mas Khay.... Tetap semangat yaa | I507: 6285725069997
A508: 45386.056 | B508: 45386 | C508: April | D508: 0.020833333 | E508: Bella-PWD | F508: Rambo-CH | G508: HADIR | H508: 1. Membaca surat Al Qolam ayat 22-27 Membaca Tilawati jilid 4 halaman 21 2. Membaca doa" sehari hari dan doa ketetapan iman 3. Penjelasan ttg sholat( takbiratul ikhram dan rukuk) REPORT 1. Untuk bacaan mas Rambo Sudah ada peningkatan mungkin bisa lebih di perhatikan lagi panjang pendek dan dengung nya 2. Untuk hafalan mas Rambo sudah banyak yg hafal namun di beberapa doa agak lupa awalannya 3. Untuk penjelasan bab Sholat mas Rambo bisa mengikuti arahan guru bisa mendengarkan penjelasan guru dgn baik dan bisa mempraktekkan takbir serta rukun yang benar Untuk pengajian pada season ini Alhamdulillah berjalan dengan baik dan lancar See you next season mas Rambo Semoga Allah Paring manfaat lancar dan barokah... | I508: 6285725069997
... A591: 45412.582 | B591: 45412 | C591: April | D591: 0.014583333 | E591: Dilla-MLL | F591: Nadeen-CH | G591: HADIR | H591: 1. Bacaan Tilawati 5 pg. 26-27 Alkhamdulillah good sekali mba Nadeen, she has known about panjang pendek, jelas dengung nya, etc 97% 2. Write Idghom bighunnah Explain and looking for tajwid in Tilawati 5 about Idghom bighunnah dan Alkhamdulilllah nya mba Nadeen has known that, good job Nadeen Alkhamdulillah kemudahan dan kelancaran dari Alloh, semoga Nadeen diberi kefahaman kelancaran dan kebarokah serta kemandirian yang baik, Aamiin Keep on fire calon mubalighot See u on Thursday | I591: 6281392827981
A592: May 1, 2024 2:16 am | B592: 45413 | C592: Mei | D592: 0.05 | E592: Artha-JG | F592: Abi-BFL | G592: HADIR | H592: Bacaan Surat hasyr ayat 11-17 Muojaah doa2: 𝘋𝘰𝘢 𝘴𝘶𝘫𝘶𝘥 𝘲𝘶𝘳'𝘢𝘯 𝘈𝘴𝘮𝘢𝘶𝘭𝘩𝘶𝘴𝘯𝘢 1-99 𝘋𝘰𝘢 𝘬𝘦𝘵𝘦𝘵𝘢𝘱𝘢𝘯 𝘪𝘮𝘢𝘯✅ 𝘋𝘰𝘢 𝘬𝘦𝘴𝘢𝘣𝘢𝘳𝘢𝘯✅ 𝘋𝘰𝘢 𝘮𝘪𝘯𝘵𝘢 𝘪𝘭𝘩𝘢𝘮 𝘺𝘨 𝘣𝘦𝘯𝘢𝘳✅ 𝘋𝘰𝘢 𝘱𝘢𝘬𝘦 𝘣𝘢𝘫𝘶 𝘋𝘰𝘢 𝘮𝘦𝘯𝘥𝘦𝘯𝘨𝘢𝘳 𝘱𝘦𝘵𝘪𝘳 𝘋𝘰𝘢 𝘮𝘢𝘴𝘶𝘬 𝘳𝘶𝘮𝘢𝘩 𝘋𝘰𝘢 𝘮𝘢𝘴𝘶𝘬 𝘥𝘢𝘯 𝘬𝘦𝘭𝘶𝘢𝘳 𝘮𝘢𝘴𝘫𝘪𝘥✅ 𝘋𝘰𝘢 𝘵𝘦𝘳𝘵𝘪𝘮𝘱𝘢 𝘮𝘶𝘴𝘪𝘣𝘢𝘩 𝘋𝘰𝘢 𝘮𝘦𝘭𝘪𝘩𝘢𝘵 𝘰𝘳𝘨 𝘭𝘢𝘪𝘯 𝘵𝘦𝘳𝘵𝘪𝘮𝘱𝘢 𝘮𝘶𝘴𝘪𝘣𝘢𝘩 𝘋𝘰𝘢 𝘴𝘦𝘴𝘶𝘥𝘢𝘩 𝘢𝘥𝘻𝘢𝘯 𝘋𝘰𝘢 𝘮𝘦𝘯𝘤𝘢𝘳𝘪 𝘪𝘭𝘮𝘶 1&2✅ *Doa2 di atas adalah list doa2 yg Abi belum hafal.dan alhamdulillah sebagian sdh hafal(yg sdh hafal saya tandai ✅) Makna surat al baqoroh ayat 75-79 Alhamdulillah pengajian hari ini berjalan dg lancar, bacaan Abi sudah cukup bagus, hafalan doa juga ada peningkatan dan untuk makna alhamdulillah juga tidak ada kendala. Semoga Alloh paring manfaat dan barokah Aamiiin🤲 | I592: 6285606274880
A593: May 1, 2024 12:00 pm | B593: 45413 | C593: Mei | D593: 0.025694444 | E593: Artha-JG | F593: Irsan-CH | G593: HADIR | H593: Bacaan surat al fatihah dan surat al baqoroh ayat 1-7 Makna kitabusshola hal. 41-42 Alhamdulillah bacaan irshan lancar, tapi perlu belajar sedikit ngerem, karna kalo kecepetan baca qur'annya panjang pendek dan dengungnya kurang. Untuk makna insyaallah tidak ada kendala, irshan juga juga cepat menangkap apa yangvsayacsampaikan. Good job irshan. Semoga Alloh paring manfaat dan barokah. Aamiiin🤲 | I593: 6285606274880
A594: May 1, 2024 1:27 pm | B594: 45413 | C594: Mei | D594: 0.01875 | E594: Dilla-MLL | F594: Dylan-CA | G594: HADIR | H594: 1. Bacaan at Taubah 41-61 alkhamdulillah now Dylan has lancar when baca, ga terburu² juga pas baca dan alkhamdulillah nya lagi Dylan sudah mulai Tartil tajwidnya, lebih banyak nderes lagi biar tambah Tartil tajwidnya 2. Mencari hukum bacaan Masih belum hafal nama hukum bacaanya but in Syaa Alloh Dylan actually he knows it but he can't explain it Alkhamdulilllah Dylan time by time lancar bacaannya dan semoga kelak bisa menjadi mubaligh yang alim faqih faham dan barokaj,Aamiin Semangatnya yaaa Dylan Ganbatte | I594: 6281392827981
A595: May 1, 2024 12:51 pm | B595: 45413 | C595: Mei | D595: 0.015972222 | E595: Naely-BGR | F595: Mikail-CH | G595: HADIR | H595: 1. baca tilawati 4 hal.38 alhamdulillah bagus lancar sudah bisa baca sendiri tanpa didampingi, untuk kekurangannya hanya di panjang pendek saja, insya alloh yg lainnya sudah benar 2. baca surat al humazah\ alhamdulillah lancar hanya saja ada kesulitan di ayat 4, insya alloh besok kita coba lagi yaa... 3. baca asma'ulhusna 1-65 4. baca doa minta surga selamat dari neraka 5. menulis tilawati 2 hal.1 baris 1-2 6. membaca ETIQUETTE WHEN VISITING OTHERS 7. doa2 rutin | I595: 6281269229406
A596: May 1, 2024 12:51 pm | B596: 45413 | C596: Mei | D596: 0 | E596: Naely-BGR | F596: Grazia-IN | G596: IZIN (MURID) | H596: insya alloh ganti hari rabu atau kamis | I596: 6281269229406
A597: May 2, 2024 1:06 am | B597: 45413 | C597: Mei | D597: 0.063194444 | E597: Ilham-Solo | F597: Tami-BFL | G597: HADIR | H597: 1. Bacaan Al Qur'an surat Al Ahzab ayat 7-15 Alhamdulillah Bacaan tami bagus dan lancar, tajwid juga sudah pas,dan tami bisa menyebutkan dan menjelaskan tajwid di ayat yg dibaca 2. Makna Al Qur'an surat Al Baqarah ayat 142-145 Alhamdulillah tami menulis makna dan keterangan dg tertib dan baik, tami bisa memahami dan menjelaskan kembali apa yg telah kami sampaikan 3. Do'a ketika ada angin kencang Hafalan do'a tami berjalan dg baik, tapi masih ada sedikit kesalahan InshaAllah akan kami tes lagi minggu depan | I597: 6282328046193
A598: May 2, 2024 1:13 am | B598: 45414 | C598: Mei | D598: 0.01875 | E598: Ilham-Solo | F598: Dylan-CA | G598: HADIR | H598: 1. Bacaan Al Qur'an surat At Taubah ayat 62-68 Alhamdulillah Bacaan dylan bagus dan lancar, tajwid juga sudah baik, tapi masih salah dalam membaca lafadz "الله" 2. Makna Al Qur'an surat Al Baqarah ayat 124-125 Alhamdulillah dylan mengikuti makna dg baik, dan kami minta mengirim hasil makna hari ini. | I598: 6282328046193
A599: May 2, 2024 1:30 am | B599: 45411 | C599: April | D599: 0.024305556 | E599: Fauzan-SL3 | F599: Kirana-CH | G599: HADIR | H599: Bacaan - Tilawati jilid 4 hal 36 -Alhamdulilah sudah bisa membaca dengan baik tapi masih perlu diulang. -Menulis tulisan arab PR - Membaca tilawati 4 hal 36 - Menghafal Asmaul Khusna 1-75 Semoga Allah Paring lancar dan barokah الحمدلله جزاكم الله خيرا اميــــــــــــن | I599: 85291035544
A600: May 2, 2024 1:28 am | B600: 45413 | C600: Mei | D600: 0.024305556 | E600: Bella-PWD | F600: Khayri-CH | G600: HADIR | H600: 1. Membaca tilawati jilid 1 halaman 17 2. Membaca doa" Sehari hari 3. Menulis huruf hijaiyah Report Untuk bacaan mas khay sangat pandai sekali bisa menyebutkan huruf hijaiyah dengan benar dan lancar dan untuk surat" Mas khay bisa mengikuti guru dengan baik dan benar untuk menulis mas khay antusias di dalam menulis huruf " Hijaiyah dan tulisannya pun rapi serta bagus Untuk pengajian pada season kali ini berjalan baik dan lancar. Good job mas khay See you next season | I600: 6282335821442
A601: May 2, 2024 1:34 am | B601: 45413 | C601: Mei | D601: 0.022222222 | E601: Bella-PWD | F601: Rambo-CH | G601: HADIR | H601: 1. Membaca surat alhaqqoh ayat 9-12 2. Menulis pegon 3. Praktik wudhu Report Untuk bacaan mas rambo sudah banyak perkembangan tinggal meningkatkan kepercayaan diri nya agar tidak ragu ketika membaca untuk menulis pegon mas rambo sudah bisa menyambung huruf dengan benar dan bagus good job sekali mas rambo cepat dalam belajar pegon dan untuk praktek wudhu mas rambo bisa mempraktikkan wudhu dengan baik dan benar serta bisa menjawab pertanyaan sederhana dgn baik dan benar Untuk pengajian pada season ini berjalan dgn baik dan lancar See you next season mas rambo Semangat yaa setiap proses tidak akan menghianati hasil | I601: 6282335821442
A602: May 2, 2024 1:40 am | B602: 45414 | C602: Mei | D602: 0.032638889 | E602: Bella-PWD | F602: Khayri-CH | G602: HADIR | H602: 1. Membaca Tilawati jilid 1 halaman 2 & 18 2. Menulis menulis huruf hijaiyah Report Untuk bacaan mas khay sangat bagus bisa membaca huruf hijaiyah dengan Baik dan lancar dan untuk menulis huruf hijaiyah mas khay sangat antusias dan semangat sekali bahwa tadi bella kaget pas mas khay minta nulis huruf sambung tapi mas khay hebat dan pintar meskipun baru pertama kali di contohkan sudah langsung bisa Alhamdulillah sekali ya allah hati ini senang banget Karena mas khay full fokus dan semangat Good job mas khay Untuk pengajian pada season ini alhamdulillah berjalan dengan baik dan lancar See you next season mas khay Semangattt yaa | I602: 6282335821442
A603: May 2, 2024 1:47 am | B603: 45414 | C603: Mei | D603: 0.020833333 | E603: Bella-PWD | F603: Rambo-CH | G603: HADIR | H603: 1. Membaca surat alhaqqoh ayat 13-16 2. Membaca surat" Pendek 3. Mengulas 6 thobiat luhur Report Untuk bacaan bella seneng bgt bacaan mas rambo alhamdulillah hari ini bagus bgt cuma salah dikit di panjang pendek semangat ya mas ambo deresnya untuk hafalan surat mas rambo juga bagus sudah hafal banyak surat" Namun ada beberapa surat yg lupa awalnya dan untuk review 6 thobiat luhur nya mas rambo bisa mengambil poin" Penting yg ada pada materi yg di jelaskan guru serta bisa menjawab pertanyaan " Sederhana dengan baik dan benar Untuk pengajian pada season ini alhamdulillah berjalan dengan baik dan lancar See you next season mas rambo Good luck | I603: 6282335821442
... A939: June 14, 2024 11:51 pm | B939: 45456 | C939: Juni | D939: 0.00069444444 | E939: Wulan-PWD | F939: Jubilee-CH | G939: HADIR | H939: A. Baca tilawati 3 halaman 16 Jubilee baca is good but we can repeat again agar lebih lancar 😊 B. Murajaah Asmaul Husna Kemarin baru murajaah Asmaul Husna 1-10 jubilee said tired and want finish the ngaji, But jubilee want murajaah Asmaul Husna with mama ☺️☺️ Homework : Jubilee please murajaah Asmaul Husna with mama okay☺️😊 | I939: 6282231661306
A940: June 15, 2024 12:02 am | B940: 45453 | C940: Juni | D940: 0.040277778 | E940: Wulan-PWD | F940: Dawud-RLG | G940: HADIR | H940: ===================== *LAPORAN PENGAJIAN PPG* ===================== ● *Murid* : Dawud-RLG ● *Tanggal* A. Bacaan Tilawati 6 hal 18 B. Murajaah Asmaul Husna 1-50 Surat Al fatihah - Al Quraisy Doa minta ilham yg baik Doa untuk kedua orang tua Doa kebaikan dunia dan akhirot Doa masuk dan keluar masjid Doa masuk dan keluar rumah Doa ketetapan iman Doa minta kesehatan Doa berpakaian Doa setelah mendengar adzan Doa mohon kesabaran(belum lancar) Report: amlsholih daud lebih tertib lagi dalam mengaji, dan ketika membaca tilawati, jangan lupa banyak Menderes dan dipraktikan dalam kehidupan sehari-hari doa harian yang sudah dihafalkan, semoga Alloh memberi manfaat lancar dan barokah aamiin. -> #ERROR! | I940: 6282231661306
A941: June 15, 2024 11:57 pm | B941: 45459 | C941: Juni | D941: 0.036111111 | E941: Erma-BKS | F941: Qalesya-ATL | G941: HADIR | H941: 1. Opening speech, give her a lil nasehat about Allah's blessings such as healthiness, we easily forget about this blessing sometimes. Ketika sakit barulah ingat, sehat itu berharga. 2. Doa before ngaji 3. Read Tilawati 3 pg 3, isi nya nama2 Allah. She read it good Alhamdulillah. & We gave meaning for the first 2 lines, اَلْحَسِيْبُ = Allah is the Reckoner. 4. Give her explanation about every each Allah's names we learned. 5. Doa after ngaji. 6. Closing NB: tadi Erma tanya Q masih blm sholat/ blm mau sholat, tadi diselipkan jg Allah reckon everything even when we don't sholat, don't ever expect to go to Jannah/ heaven if we don't sholat. Semoga kedepan nya Qalesya mau sholat ya Tante. | I941: 6282142259313
A942: June 15, 2024 11:51 pm | B942: 45458 | C942: Juni | D942: 0.031944444 | E942: Wulan-PWD | F942: Dawud-RLG | G942: HADIR | H942: A. Baca tilawati 6 halaman 16-17 Amlsholih daud banyak Menderes ya, insyaallah pertemuan selanjutnya kita masih mengulang halaman tsb, fighting daud.. B. Murajaah doa Doa minta ilham yg baik Doa untuk kedua orang tua Doa kebaikan dunia dan akhirot Doa masuk dan keluar masjid (blm lancar) Doa masuk dan keluar rumah Doa ketetapan iman Doa minta kesehatan Doa berpakaian Doa setelah mendengar adzan ( blm lancar) Doa mohon kesabaran (belum lancar) * Amlsholih daud don't forget practic your daily doa doa C. Murajaah surat Al Fatihah - Al Quraisy Masih ada beberapa surat yang masih lupa, D. Murajaah Asmaul Husna 1-50 Masih ada beberapa yang salah kita harus Menderes lagi daud, okay.. E. 4 rope of Faith Daud sudah menulis 4 rope of Faith maybe for next ngaji we Will explain it.insyaalloh | I942: 6282231661306
...

Sheet Durasi ngajar guru
A1: SUM of DURASI | B1: NAMA GURU
A2: NAMA MURID | B2: Ammar-JG | C2: Artha-JG | D2: Ayu-CKP | E2: Azki-MDN | F2: Bella-PWD | G2: Dilla-MLL | H2: Erma-BKS | I2: Fadly-SMG | J2: Fauzan-SL3 | K2: Ilham-Solo | L2: Millati-PWD | M2: Mora-MLL | N2: Naely-BGR | O2: Nedha-PWD | P2: Rika-KDR | Q2: Wulan-PWD | R2: Zul-Mll | S2: Grand Total
A3: Abell-NH | D3: 0.55 | L3: 0.76805556 | N3: 0.125 | O3: 0.24166667 | S3: 1.6847222
A4: Abi-BFL | C4: 3.4861111 | O4: 0.036805556 | Q4: 0.048611111 | R4: 0.31875 | S4: 3.8902778
A5: Cheryl-NH | D5: 0.042361111 | L5: 0.15972222 | N5: 0.29861111 | O5: 0.85555556 | S5: 1.35625
A6: Chester-PD | E6: 1.61875 | G6: 0.21041667 | M6: 1.03125 | Q6: 2.0083333 | S6: 4.86875
A7: Dawud-RLG | B7: 0.98263889 | H7: 0.054861111 | M7: 0.81111111 | O7: 0.045138889 | Q7: 1.6451389 | S7: 3.5388889
A8: Dehan-CND | I8: 0.05625 | L8: 0.50069444 | M8: 2.3180556 | Q8: 0.50833333 | S8: 3.3833333
A9: Denissa-RLG | E9: 0.71180556 | M9: 0.50763889 | Q9: 0.042361111 | S9: 1.2618056
A10: Dihyah-PWD | F10: 0.00069444444 | S10: 0.00069444444
A11: Dinda-RLG | G11: 1.3680556 | H11: 0.32847222 | L11: 0.5 | S11: 2.1965278
A12: Dwiki-RLG | C12: 1.3777778 | G12: 0.036805556 | O12: 0.030555556 | R12: 0.041666667 | S12: 1.4868056
A13: Dylan-CA | G13: 0.93680556 | K13: 1.1541667 | M13: 0.049305556 | O13: 0.12361111 | Q13: 0.075 | S13: 2.3388889
A14: Fitri-CND | G14: 1.6180556 | O14: 0.13958333 | P14: 0.84027778 | S14: 2.5979167
A15: Gabriel-CH | I15: 1.1493056 | J15: 1.9298611 | K15: 0.045138889 | S15: 3.1243056
A16: Grazia-IN | G16: 2.4958333 | H16: 0.14375 | J16: 0.024305556 | L16: 1.0826389 | N16: 1.9402778 | Q16: 0.077777778 | S16: 5.7645833
A17: Hafiz-PTM | E17: 0.79027778 | O17: 0.77847222 | Q17: 0.041666667 | S17: 1.6104167
A18: Irsan-CH | C18: 2.5347222 | G18: 0.09375 | O18: 0.039583333 | P18: 0.28888889 | R18: 0.49236111 | S18: 3.4493056
A19: Jourdan-CA | K19: 0.42708333 | S19: 0.42708333
A20: Jubilee-CH | C20: 1.2069444 | G20: 0.21180556 | H20: 0.029166667 | M20: 1.1076389 | Q20: 1.3888889 | S20: 3.9444444
A21: Kayla-CA | D21: 1.7569444 | E21: 0.59791667 | G21: 0.011805556 | H21: 1.0222222 | S21: 3.3888889
A22: Khayri-CH | D22: 0.00069444444 | F22: 2.3659722 | G22: 0.29791667 | N22: 0.024305556 | P22: 0.62569444 | S22: 3.3145833
A23: Khodija-RLG | D23: 0.3875 | M23: 1.2763889 | O23: 0.67430556 | S23: 2.3381944
A24: Kirana-CH | J24: 1.0888889 | N24: 1.9097222 | Q24: 0.052083333 | S24: 3.0506944
A25: Liv-CH | G25: 0.10208333 | P25: 0.62916667 | S25: 0.73125
A26: Mikail-CH | G26: 0.017361111 | I26: 1.9555556 | N26: 1.0611111 | Q26: 0.027777778 | S26: 3.0618056
A27: Nadeen-CH | C27: 0.40416667 | E27: 0.27222222 | G27: 1.1833333 | P27: 1.5173611 | S27: 3.3770833
A28: Qalesya-ATL | H28: 1.3388889 | S28: 1.3388889
A29: Rambo-CH | C29: 0.038194444 | D29: 0.097222222 | F29: 2.4027778 | G29: 0.15208333 | P29: 1.1125 | S29: 3.8027778
A30: Tami-BFL | E30: 1.8958333 | G30: 0.58680556 | K30: 2.0076389 | L30: 0.049305556 | M30: 0.14097222 | O30: 0.095833333 | Q30: 0.085416667 | R30: 0.053472222 | S30: 4.9152778
A31: Zahra-RLG | M31: 0.71388889 | Q31: 0.72013889 | S31: 1.4340278
A32: Grand Total | B32: 0.98263889 | C32: 9.0479167 | D32: 2.8347222 | E32: 5.8868056 | F32: 4.7694444 | G32: 9.3229167 | H32: 2.9173611 | I32: 3.1611111 | J32: 3.0430556 | K32: 3.6340278 | L32: 3.0604167 | M32: 7.95625 | N32: 5.3590278 | O32: 3.0611111 | P32: 5.0138889 | Q32: 6.7215278 | R32: 0.90625 | S32: 77.678472
A34: Urutan Durasi Terbanyak
A35: Dilla-MLL | B35: 9.3229167
A36: Artha-JG | B36: 9.0479167
A37: Mora-MLL | B37: 7.95625
A38: Wulan-PWD | B38: 6.7215278
A39: Azki-MDN | B39: 5.8868056
A40: Naely-BGR | B40: 5.3590278
A41: Rika-KDR | B41: 5.0138889
A42: Bella-PWD | B42: 4.7694444
A43: Ilham-Solo | B43: 3.6340278
A44: Fadly-SMG | B44: 3.1611111
A45: Nedha-PWD | B45: 3.1097222
A46: Millati-PWD | B46: 3.0604167
... A51: Zul-Mll | B51: 0.90625

Sheet Januari
A1: REKAPITULASI KEHADIRAN GURU MENGAJAR - PENGAJIAN PPG US
B2: Mulai : | E2: 45292 | F2: Hingga : | G2: 45322
A4: NO. | B4: NAMA GURU | E4: DURASI MENGAJI | F4: TARGET DURASI | G4: % DURASI | H4: JUMLAH PERTEMUAN
A5: 1 | B5: Artha-JG | E5: =sumifs('KEG. PENGAJIAN HARIAN'!$D$2:$D979,'KEG. PENGAJIAN HARIAN'!$B$2:$B979,">="&$E$2,'KEG. PENGAJIAN HARIAN'!$B$2:$B979,"<="&$G$2,'KEG. PENGAJIAN HARIAN'!$E$2:$E979,B5) -> 0.64375 | F5: - | G5: =IFERROR(E5/F5,0) -> 0 | H5: =COUNTIFS('KEG. PENGAJIAN HARIAN'!$E$2:$E979,B5,'KEG. PENGAJIAN HARIAN'!$B$2:$B979,">="&$E$2,'KEG. PENGAJIAN HARIAN'!$B$2:$B979,"<="&$G$2,'KEG. PENGAJIAN HARIAN'!$G$2:$G979,"Hadir") -> 23
A6: 2 | B6: Ayu-CKP | E6: =sumifs('KEG. PENGAJIAN HARIAN'!$D$2:$D979,'KEG. PENGAJIAN HARIAN'!$B$2:$B979,">="&$E$2,'KEG. PENGAJIAN HARIAN'!$B$2:$B979,"<="&$G$2,'KEG. PENGAJIAN HARIAN'!$E$2:$E979,B6) -> 0.30138889 | F6: - | G6: =IFERROR(E6/F6,0) -> 0 | H6: =COUNTIFS('KEG. PENGAJIAN HARIAN'!$E$2:$E979,B6,'KEG. PENGAJIAN HARIAN'!$B$2:$B979,">="&$E$2,'KEG. PENGAJIAN HARIAN'!$B$2:$B979,"<="&$G$2,'KEG. PENGAJIAN HARIAN'!$G$2:$G979,"Hadir") -> 4
A7: 3 | B7: Azki-MDN | E7: =sumifs('KEG. PENGAJIAN HARIAN'!$D$2:$D979,'KEG. PENGAJIAN HARIAN'!$B$2:$B979,">="&$E$2,'KEG. PENGAJIAN HARIAN'!$B$2:$B979,"<="&$G$2,'KEG. PENGAJIAN HARIAN'!$E$2:$E979,B7) -> 0.63472222 | F7: - | G7: =IFERROR(E7/F7,0) -> 0 | H7: =COUNTIFS('KEG. PENGAJIAN HARIAN'!$E$2:$E979,B7,'KEG. PENGAJIAN HARIAN'!$B$2:$B979,">="&$E$2,'KEG. PENGAJIAN HARIAN'!$B$2:$B979,"<="&$G$2,'KEG. PENGAJIAN HARIAN'!$G$2:$G979,"Hadir") -> 11
A8: 4 | B8: Dilla-MLL | E8: =sumifs('KEG. PENGAJIAN HARIAN'!$D$2:$D979,'KEG. PENGAJIAN HARIAN'!$B$2:$B979,">="&$E$2,'KEG. PENGAJIAN HARIAN'!$B$2:$B979,"<="&$G$2,'KEG. PENGAJIAN HARIAN'!$E$2:$E979,B8) -> 1.2375 | F8: - | G8: =IFERROR(E8/F8,0) -> 0 | H8: =COUNTIFS('KEG. PENGAJIAN HARIAN'!$E$2:$E979,B8,'KEG. PENGAJIAN HARIAN'!$B$2:$B979,">="&$E$2,'KEG. PENGAJIAN HARIAN'!$B$2:$B979,"<="&$G$2,'KEG. PENGAJIAN HARIAN'!$G$2:$G979,"Hadir") -> 32
A9: 5 | B9: Erma-BKS | E9: =sumifs('KEG. PENGAJIAN HARIAN'!$D$2:$D979,'KEG. PENGAJIAN HARIAN'!$B$2:$B979,">="&$E$2,'KEG. PENGAJIAN HARIAN'!$B$2:$B979,"<="&$G$2,'KEG. PENGAJIAN HARIAN'!$E$2:$E979,B9) -> 0.30763889 | F9: - | G9: =IFERROR(E9/F9,0) -> 0 | H9: =COUNTIFS('KEG. PENGAJIAN HARIAN'!$E$2:$E979,B9,'KEG. PENGAJIAN HARIAN'!$B$2:$B979,">="&$E$2,'KEG. PENGAJIAN HARIAN'!$B$2:$B979,"<="&$G$2,'KEG. PENGAJIAN HARIAN'!$G$2:$G979,"Hadir") -> 7
A10: 6 | B10: Fadly-SMG | E10: =sumifs('KEG. PENGAJIAN HARIAN'!$D$2:$D979,'KEG. PENGAJIAN HARIAN'!$B$2:$B979,">="&$E$2,'KEG. PENGAJIAN HARIAN'!$B$2:$B979,"<="&$G$2,'KEG. PENGAJIAN HARIAN'!$E$2:$E979,B10) -> 0.32083333 | F10: - | G10: =IFERROR(E10/F10,0) -> 0 | H10: =COUNTIFS('KEG. PENGAJIAN HARIAN'!$E$2:$E979,B10,'KEG. PENGAJIAN HARIAN'!$B$2:$B979,">="&$E$2,'KEG. PENGAJIAN HARIAN'!$B$2:$B979,"<="&$G$2,'KEG. PENGAJIAN HARIAN'!$G$2:$G979,"Hadir") -> 14
A11: 7 | B11: Fauzan-SL3 | E11: =sumifs('KEG. PENGAJIAN HARIAN'!$D$2:$D979,'KEG. PENGAJIAN HARIAN'!$B$2:$B979,">="&$E$2,'KEG. PENGAJIAN HARIAN'!$B$2:$B979,"<="&$G$2,'KEG. PENGAJIAN HARIAN'!$E$2:$E979,B11) -> 0.29166667 | F11: - | G11: =IFERROR(E11/F11,0) -> 0 | H11: =COUNTIFS('KEG. PENGAJIAN HARIAN'!$E$2:$E979,B11,'KEG. PENGAJIAN HARIAN'!$B$2:$B979,">="&$E$2,'KEG. PENGAJIAN HARIAN'!$B$2:$B979,"<="&$G$2,'KEG. PENGAJIAN HARIAN'!$G$2:$G979,"Hadir") -> 12
A12: 8 | B12: Ilham-Solo | E12: =sumifs('KEG. PENGAJIAN HARIAN'!$D$2:$D979,'KEG. PENGAJIAN HARIAN'!$B$2:$B979,">="&$E$2,'KEG. PENGAJIAN HARIAN'!$B$2:$B979,"<="&$G$2,'KEG. PENGAJIAN HARIAN'!$E$2:$E979,B12) -> 0.42083333 | F12: - | G12: =IFERROR(E12/F12,0) -> 0 | H12: =COUNTIFS('KEG. PENGAJIAN HARIAN'!$E$2:$E979,B12,'KEG. PENGAJIAN HARIAN'!$B$2:$B979,">="&$E$2,'KEG. PENGAJIAN HARIAN'!$B$2:$B979,"<="&$G$2,'KEG. PENGAJIAN HARIAN'!$G$2:$G979,"Hadir") -> 11
A13: 9 | B13: Mora-MLL | E13: =sumifs('KEG. PENGAJIAN HARIAN'!$D$2:$D979,'KEG. PENGAJIAN HARIAN'!$B$2:$B979,">="&$E$2,'KEG. PENGAJIAN HARIAN'!$B$2:$B979,"<="&$G$2,'KEG. PENGAJIAN HARIAN'!$E$2:$E979,B13) -> 0.89166667 | F13: - | G13: =IFERROR(E13/F13,0) -> 0 | H13: =COUNTIFS('KEG. PENGAJIAN HARIAN'!$E$2:$E979,B13,'KEG. PENGAJIAN HARIAN'!$B$2:$B979,">="&$E$2,'KEG. PENGAJIAN HARIAN'!$B$2:$B979,"<="&$G$2,'KEG. PENGAJIAN HARIAN'!$G$2:$G979,"Hadir") -> 24
A14: 10 | B14: Naely-BGR | E14: =sumifs('KEG. PENGAJIAN HARIAN'!$D$2:$D979,'KEG. PENGAJIAN HARIAN'!$B$2:$B979,">="&$E$2,'KEG. PENGAJIAN HARIAN'!$B$2:$B979,"<="&$G$2,'KEG. PENGAJIAN HARIAN'!$E$2:$E979,B14) -> 0.53611111 | F14: - | G14: =IFERROR(E14/F14,0) -> 0 | H14: =COUNTIFS('KEG. PENGAJIAN HARIAN'!$E$2:$E979,B14,'KEG. PENGAJIAN HARIAN'!$B$2:$B979,">="&$E$2,'KEG. PENGAJIAN HARIAN'!$B$2:$B979,"<="&$G$2,'KEG. PENGAJIAN HARIAN'!$G$2:$G979,"Hadir") -> 19
A15: 11 | B15: Rika-KDR | E15: =sumifs('KEG. PENGAJIAN HARIAN'!$D$2:$D979,'KEG. PENGAJIAN HARIAN'!$B$2:$B979,">="&$E$2,'KEG. PENGAJIAN HARIAN'!$B$2:$B979,"<="&$G$2,'KEG. PENGAJIAN HARIAN'!$E$2:$E979,B15) -> 0.097916667 | F15: - | G15: =IFERROR(E15/F15,0) -> 0 | H15: =COUNTIFS('KEG. PENGAJIAN HARIAN'!$E$2:$E979,B15,'KEG. PENGAJIAN HARIAN'!$B$2:$B979,">="&$E$2,'KEG. PENGAJIAN HARIAN'!$B$2:$B979,"<="&$G$2,'KEG. PENGAJIAN HARIAN'!$G$2:$G979,"Hadir") -> 5
A18: REKAPITULASI KEHADIRAN MURID PENGAJIAN PPG AMERICA
A19: 45292
A21: NO. | B21: NAMA MURID | C21: KELOMPOK | D21: KELAS | E21: DURASI MENGAJI | F21: TARGET DURASI | G21: % DURASI | H21: JUMLAH PERTEMUAN | I21: KETERANGAN | J21: KET.
A22: 1 | B22: Abi-BFL | C22: Chicago | D22: PraNiKah | E22: =sumifs('KEG. PENGAJIAN HARIAN'!$D$2:$D979,'KEG. PENGAJIAN HARIAN'!$B$2:$B979,">="&$E$2,'KEG. PENGAJIAN HARIAN'!$B$2:$B979,"<="&$G$2,'KEG. PENGAJIAN HARIAN'!$F$2:$F979,B22) -> 0.3375 | F22: 0.5 | G22: =IFERROR(E22/F22,0) -> 0.675 | H22: =COUNTIFS('KEG. PENGAJIAN HARIAN'!$F$2:$F979,B22,'KEG. PENGAJIAN HARIAN'!$B$2:$B979,">="&$E$2,'KEG. PENGAJIAN HARIAN'!$B$2:$B979,"<="&$G$2,'KEG. PENGAJIAN HARIAN'!$G$2:$G979,"hadir") -> 7 | L22: PraCBR-CBR | M22: =countif(D22:D42,"PraCBR-CBR") -> 10
A23: 2 | B23: AJ-CA | C23: California | D23: PraNiKah | E23: =sumifs('KEG. PENGAJIAN HARIAN'!$D$2:$D979,'KEG. PENGAJIAN HARIAN'!$B$2:$B979,">="&$E$2,'KEG. PENGAJIAN HARIAN'!$B$2:$B979,"<="&$G$2,'KEG. PENGAJIAN HARIAN'!$F$2:$F979,B23) -> 0 | F23: 0.5 | G23: =IFERROR(E23/F23,0) -> 0 | H23: =COUNTIFS('KEG. PENGAJIAN HARIAN'!$F$2:$F979,B23,'KEG. PENGAJIAN HARIAN'!$B$2:$B979,">="&$E$2,'KEG. PENGAJIAN HARIAN'!$B$2:$B979,"<="&$G$2,'KEG. PENGAJIAN HARIAN'!$G$2:$G979,"hadir") -> 0 | L23: PraRMJ-RMJ | M23: =countif(D22:D42,"PraRMJ-RMJ") -> 7
A24: 3 | B24: Chester-PD | C24: New Hampshire | D24: PraCBR-CBR | E24: =sumifs('KEG. PENGAJIAN HARIAN'!$D$2:$D979,'KEG. PENGAJIAN HARIAN'!$B$2:$B979,">="&$E$2,'KEG. PENGAJIAN HARIAN'!$B$2:$B979,"<="&$G$2,'KEG. PENGAJIAN HARIAN'!$F$2:$F979,B24) -> 0.37013889 | F24: 0.5 | G24: =IFERROR(E24/F24,0) -> 0.74027778 | H24: =COUNTIFS('KEG. PENGAJIAN HARIAN'!$F$2:$F979,B24,'KEG. PENGAJIAN HARIAN'!$B$2:$B979,">="&$E$2,'KEG. PENGAJIAN HARIAN'!$B$2:$B979,"<="&$G$2,'KEG. PENGAJIAN HARIAN'!$G$2:$G979,"hadir") -> 8 | L24: PraNIkah | M24: =countif(D22:D43,"PraNikah") -> 4
A25: 4 | B25: Dawud-RLG | C25: New Hampshire | D25: PraCBR-CBR | E25: =sumifs('KEG. PENGAJIAN HARIAN'!$D$2:$D979,'KEG. PENGAJIAN HARIAN'!$B$2:$B979,">="&$E$2,'KEG. PENGAJIAN HARIAN'!$B$2:$B979,"<="&$G$2,'KEG. PENGAJIAN HARIAN'!$F$2:$F979,B25) -> 0.16875 | F25: 0.5 | G25: =IFERROR(E25/F25,0) -> 0.3375 | H25: =COUNTIFS('KEG. PENGAJIAN HARIAN'!$F$2:$F979,B25,'KEG. PENGAJIAN HARIAN'!$B$2:$B979,">="&$E$2,'KEG. PENGAJIAN HARIAN'!$B$2:$B979,"<="&$G$2,'KEG. PENGAJIAN HARIAN'!$G$2:$G979,"hadir") -> 5
A26: 5 | B26: Dehan-CND | C26: Canada | D26: PraRMJ-RMJ | E26: =sumifs('KEG. PENGAJIAN HARIAN'!$D$2:$D979,'KEG. PENGAJIAN HARIAN'!$B$2:$B979,">="&$E$2,'KEG. PENGAJIAN HARIAN'!$B$2:$B979,"<="&$G$2,'KEG. PENGAJIAN HARIAN'!$F$2:$F979,B26) -> 0.11944444 | F26: 0.5 | G26: =IFERROR(E26/F26,0) -> 0.23888889 | H26: =COUNTIFS('KEG. PENGAJIAN HARIAN'!$F$2:$F979,B26,'KEG. PENGAJIAN HARIAN'!$B$2:$B979,">="&$E$2,'KEG. PENGAJIAN HARIAN'!$B$2:$B979,"<="&$G$2,'KEG. PENGAJIAN HARIAN'!$G$2:$G979,"hadir") -> 4 | L26: Chicago | M26: =countif(C22:C42,"Chicago") -> 10 | N26: =sumif(C22:C42,"Chicago",F22:F42) -> 5
A27: 6 | B27: Denissa-RLG | C27: New Hampshire | D27: PraRMJ-RMJ | E27: =sumifs('KEG. PENGAJIAN HARIAN'!$D$2:$D979,'KEG. PENGAJIAN HARIAN'!$B$2:$B979,">="&$E$2,'KEG. PENGAJIAN HARIAN'!$B$2:$B979,"<="&$G$2,'KEG. PENGAJIAN HARIAN'!$F$2:$F979,B27) -> 0.16736111 | F27: 0.5 | G27: =IFERROR(E27/F27,0) -> 0.33472222 | H27: =COUNTIFS('KEG. PENGAJIAN HARIAN'!$F$2:$F979,B27,'KEG. PENGAJIAN HARIAN'!$B$2:$B979,">="&$E$2,'KEG. PENGAJIAN HARIAN'!$B$2:$B979,"<="&$G$2,'KEG. PENGAJIAN HARIAN'!$G$2:$G979,"hadir") -> 3 | L27: California | M27: =countif(C22:C42,"California") -> 4 | N27: =sumif(C22:C42,"California",F22:F42) -> 2
A28: 7 | B28: Dinda-RLG | C28: New Hampshire | D28: PraCBR-CBR | E28: =sumifs('KEG. PENGAJIAN HARIAN'!$D$2:$D979,'KEG. PENGAJIAN HARIAN'!$B$2:$B979,">="&$E$2,'KEG. PENGAJIAN HARIAN'!$B$2:$B979,"<="&$G$2,'KEG. PENGAJIAN HARIAN'!$F$2:$F979,B28) -> 0.21527778 | F28: 0.5 | G28: =IFERROR(E28/F28,0) -> 0.43055556 | H28: =COUNTIFS('KEG. PENGAJIAN HARIAN'!$F$2:$F979,B28,'KEG. PENGAJIAN HARIAN'!$B$2:$B979,">="&$E$2,'KEG. PENGAJIAN HARIAN'!$B$2:$B979,"<="&$G$2,'KEG. PENGAJIAN HARIAN'!$G$2:$G979,"hadir") -> 5 | L28: New Hampshire | M28: =countif(C22:C42,"New Hampshire") -> 5 | N28: =sumif(C22:C42,"New Hampshire",F22:F42) -> 2.5
A29: 8 | B29: Dwiki-RLG | C29: New Hampshire | D29: PraRMJ-RMJ | E29: =sumifs('KEG. PENGAJIAN HARIAN'!$D$2:$D979,'KEG. PENGAJIAN HARIAN'!$B$2:$B979,">="&$E$2,'KEG. PENGAJIAN HARIAN'!$B$2:$B979,"<="&$G$2,'KEG. PENGAJIAN HARIAN'!$F$2:$F979,B29) -> 0.081944444 | F29: 0.5 | G29: =IFERROR(E29/F29,0) -> 0.16388889 | H29: =COUNTIFS('KEG. PENGAJIAN HARIAN'!$F$2:$F979,B29,'KEG. PENGAJIAN HARIAN'!$B$2:$B979,">="&$E$2,'KEG. PENGAJIAN HARIAN'!$B$2:$B979,"<="&$G$2,'KEG. PENGAJIAN HARIAN'!$G$2:$G979,"hadir") -> 3 | L29: Canada | M29: =countif(C24:C44,"Canada") -> 2 | N29: =sumif(C22:C42,"Canada",F22:F42) -> 1
A30: 9 | B30: Dylan-CA | C30: California | D30: PraRMJ-RMJ | E30: =sumifs('KEG. PENGAJIAN HARIAN'!$D$2:$D979,'KEG. PENGAJIAN HARIAN'!$B$2:$B979,">="&$E$2,'KEG. PENGAJIAN HARIAN'!$B$2:$B979,"<="&$G$2,'KEG. PENGAJIAN HARIAN'!$F$2:$F979,B30) -> 0.21736111 | F30: 0.5 | G30: =IFERROR(E30/F30,0) -> 0.43472222 | H30: =COUNTIFS('KEG. PENGAJIAN HARIAN'!$F$2:$F979,B30,'KEG. PENGAJIAN HARIAN'!$B$2:$B979,">="&$E$2,'KEG. PENGAJIAN HARIAN'!$B$2:$B979,"<="&$G$2,'KEG. PENGAJIAN HARIAN'!$G$2:$G979,"hadir") -> 10
A31: 10 | B31: Fitri-CND | C31: Canada | D31: PraRMJ-RMJ | E31: =sumifs('KEG. PENGAJIAN HARIAN'!$D$2:$D979,'KEG. PENGAJIAN HARIAN'!$B$2:$B979,">="&$E$2,'KEG. PENGAJIAN HARIAN'!$B$2:$B979,"<="&$G$2,'KEG. PENGAJIAN HARIAN'!$F$2:$F979,B31) -> 0.42291667 | F31: 0.5 | G31: =IFERROR(E31/F31,0) -> 0.84583333 | H31: =COUNTIFS('KEG. PENGAJIAN HARIAN'!$F$2:$F979,B31,'KEG. PENGAJIAN HARIAN'!$B$2:$B979,">="&$E$2,'KEG. PENGAJIAN HARIAN'!$B$2:$B979,"<="&$G$2,'KEG. PENGAJIAN HARIAN'!$G$2:$G979,"hadir") -> 7
A32: 11 | B32: Gabriel-CH | C32: Chicago | D32: PraCBR-CBR | E32: =sumifs('KEG. PENGAJIAN HARIAN'!$D$2:$D979,'KEG. PENGAJIAN HARIAN'!$B$2:$B979,">="&$E$2,'KEG. PENGAJIAN HARIAN'!$B$2:$B979,"<="&$G$2,'KEG. PENGAJIAN HARIAN'!$F$2:$F979,B32) -> 0.32083333 | F32: 0.5 | G32: =IFERROR(E32/F32,0) -> 0.64166667 | H32: =COUNTIFS('KEG. PENGAJIAN HARIAN'!$F$2:$F979,B32,'KEG. PENGAJIAN HARIAN'!$B$2:$B979,">="&$E$2,'KEG. PENGAJIAN HARIAN'!$B$2:$B979,"<="&$G$2,'KEG. PENGAJIAN HARIAN'!$G$2:$G979,"hadir") -> 14
A33: 12 | B33: Grazia-IN | C33: Chicago | D33: PraCBR-CBR | E33: =sumifs('KEG. PENGAJIAN HARIAN'!$D$2:$D979,'KEG. PENGAJIAN HARIAN'!$B$2:$B979,">="&$E$2,'KEG. PENGAJIAN HARIAN'!$B$2:$B979,"<="&$G$2,'KEG. PENGAJIAN HARIAN'!$F$2:$F979,B33) -> 0.69583333 | F33: 0.5 | G33: =IFERROR(E33/F33,0) -> 1.3916667 | H33: =COUNTIFS('KEG. PENGAJIAN HARIAN'!$F$2:$F979,B33,'KEG. PENGAJIAN HARIAN'!$B$2:$B979,">="&$E$2,'KEG. PENGAJIAN HARIAN'!$B$2:$B979,"<="&$G$2,'KEG. PENGAJIAN HARIAN'!$G$2:$G979,"hadir") -> 16
A34: 13 | B34: Irsan-CH | C34: Chicago | D34: PraRMJ-RMJ | E34: =sumifs('KEG. PENGAJIAN HARIAN'!$D$2:$D979,'KEG. PENGAJIAN HARIAN'!$B$2:$B979,">="&$E$2,'KEG. PENGAJIAN HARIAN'!$B$2:$B979,"<="&$G$2,'KEG. PENGAJIAN HARIAN'!$F$2:$F979,B34) -> 0.175 | F34: 0.5 | G34: =IFERROR(E34/F34,0) -> 0.35 | H34: =COUNTIFS('KEG. PENGAJIAN HARIAN'!$F$2:$F979,B34,'KEG. PENGAJIAN HARIAN'!$B$2:$B979,">="&$E$2,'KEG. PENGAJIAN HARIAN'!$B$2:$B979,"<="&$G$2,'KEG. PENGAJIAN HARIAN'!$G$2:$G979,"hadir") -> 9
A35: 14 | B35: Jourdan-CA | C35: California | D35: PraNiKah | E35: =sumifs('KEG. PENGAJIAN HARIAN'!$D$2:$D979,'KEG. PENGAJIAN HARIAN'!$B$2:$B979,">="&$E$2,'KEG. PENGAJIAN HARIAN'!$B$2:$B979,"<="&$G$2,'KEG. PENGAJIAN HARIAN'!$F$2:$F979,B35) -> 0.088194444 | F35: 0.5 | G35: =IFERROR(E35/F35,0) -> 0.17638889 | H35: =COUNTIFS('KEG. PENGAJIAN HARIAN'!$F$2:$F979,B35,'KEG. PENGAJIAN HARIAN'!$B$2:$B979,">="&$E$2,'KEG. PENGAJIAN HARIAN'!$B$2:$B979,"<="&$G$2,'KEG. PENGAJIAN HARIAN'!$G$2:$G979,"hadir") -> 2
A36: 15 | B36: Jubilee-CH | C36: Chicago | D36: PraCBR-CBR | E36: =sumifs('KEG. PENGAJIAN HARIAN'!$D$2:$D979,'KEG. PENGAJIAN HARIAN'!$B$2:$B979,">="&$E$2,'KEG. PENGAJIAN HARIAN'!$B$2:$B979,"<="&$G$2,'KEG. PENGAJIAN HARIAN'!$F$2:$F979,B36) -> 0.32361111 | F36: 0.5 | G36: =IFERROR(E36/F36,0) -> 0.64722222 | H36: =COUNTIFS('KEG. PENGAJIAN HARIAN'!$F$2:$F979,B36,'KEG. PENGAJIAN HARIAN'!$B$2:$B979,">="&$E$2,'KEG. PENGAJIAN HARIAN'!$B$2:$B979,"<="&$G$2,'KEG. PENGAJIAN HARIAN'!$G$2:$G979,"hadir") -> 10
A37: 16 | B37: Kayla-CA | C37: California | D37: PraNiKah | E37: =sumifs('KEG. PENGAJIAN HARIAN'!$D$2:$D979,'KEG. PENGAJIAN HARIAN'!$B$2:$B979,">="&$E$2,'KEG. PENGAJIAN HARIAN'!$B$2:$B979,"<="&$G$2,'KEG. PENGAJIAN HARIAN'!$F$2:$F979,B37) -> 0.58611111 | F37: 0.5 | G37: =IFERROR(E37/F37,0) -> 1.1722222 | H37: =COUNTIFS('KEG. PENGAJIAN HARIAN'!$F$2:$F979,B37,'KEG. PENGAJIAN HARIAN'!$B$2:$B979,">="&$E$2,'KEG. PENGAJIAN HARIAN'!$B$2:$B979,"<="&$G$2,'KEG. PENGAJIAN HARIAN'!$G$2:$G979,"hadir") -> 9
A38: 17 | B38: Kirana-CH | C38: Chicago | D38: PraCBR-CBR | E38: =sumifs('KEG. PENGAJIAN HARIAN'!$D$2:$D979,'KEG. PENGAJIAN HARIAN'!$B$2:$B979,">="&$E$2,'KEG. PENGAJIAN HARIAN'!$B$2:$B979,"<="&$G$2,'KEG. PENGAJIAN HARIAN'!$F$2:$F979,B38) -> 0.31944444 | F38: 0.5 | G38: =IFERROR(E38/F38,0) -> 0.63888889 | H38: =COUNTIFS('KEG. PENGAJIAN HARIAN'!$F$2:$F979,B38,'KEG. PENGAJIAN HARIAN'!$B$2:$B979,">="&$E$2,'KEG. PENGAJIAN HARIAN'!$B$2:$B979,"<="&$G$2,'KEG. PENGAJIAN HARIAN'!$G$2:$G979,"hadir") -> 13
A39: 18 | B39: Mikail-CH | C39: Chicago | D39: PraCBR-CBR | E39: =sumifs('KEG. PENGAJIAN HARIAN'!$D$2:$D979,'KEG. PENGAJIAN HARIAN'!$B$2:$B979,">="&$E$2,'KEG. PENGAJIAN HARIAN'!$B$2:$B979,"<="&$G$2,'KEG. PENGAJIAN HARIAN'!$F$2:$F979,B39) -> 0.30416667 | F39: 0.5 | G39: =IFERROR(E39/F39,0) -> 0.60833333 | H39: =COUNTIFS('KEG. PENGAJIAN HARIAN'!$F$2:$F979,B39,'KEG. PENGAJIAN HARIAN'!$B$2:$B979,">="&$E$2,'KEG. PENGAJIAN HARIAN'!$B$2:$B979,"<="&$G$2,'KEG. PENGAJIAN HARIAN'!$G$2:$G979,"hadir") -> 13
A40: 19 | B40: Nadeen-CH | C40: Chicago | D40: PraCBR-CBR | E40: =sumifs('KEG. PENGAJIAN HARIAN'!$D$2:$D979,'KEG. PENGAJIAN HARIAN'!$B$2:$B979,">="&$E$2,'KEG. PENGAJIAN HARIAN'!$B$2:$B979,"<="&$G$2,'KEG. PENGAJIAN HARIAN'!$F$2:$F979,B40) -> 0.30902778 | F40: 0.5 | G40: =IFERROR(E40/F40,0) -> 0.61805556 | H40: =COUNTIFS('KEG. PENGAJIAN HARIAN'!$F$2:$F979,B40,'KEG. PENGAJIAN HARIAN'!$B$2:$B979,">="&$E$2,'KEG. PENGAJIAN HARIAN'!$B$2:$B979,"<="&$G$2,'KEG. PENGAJIAN HARIAN'!$G$2:$G979,"hadir") -> 16
A41: 20 | B41: Qalesya-ATL | C41: Chicago | D41: PraCBR-CBR | E41: =sumifs('KEG. PENGAJIAN HARIAN'!$D$2:$D979,'KEG. PENGAJIAN HARIAN'!$B$2:$B979,">="&$E$2,'KEG. PENGAJIAN HARIAN'!$B$2:$B979,"<="&$G$2,'KEG. PENGAJIAN HARIAN'!$F$2:$F979,B41) -> 0.033333333 | F41: 0.5 | G41: =IFERROR(E41/F41,0) -> 0.066666667 | H41: =COUNTIFS('KEG. PENGAJIAN HARIAN'!$F$2:$F979,B41,'KEG. PENGAJIAN HARIAN'!$B$2:$B979,">="&$E$2,'KEG. PENGAJIAN HARIAN'!$B$2:$B979,"<="&$G$2,'KEG. PENGAJIAN HARIAN'!$G$2:$G979,"hadir") -> 1
A42: 21 | B42: Tami-BFL | C42: Chicago | D42: PraRMJ-RMJ | E42: =sumifs('KEG. PENGAJIAN HARIAN'!$D$2:$D979,'KEG. PENGAJIAN HARIAN'!$B$2:$B979,">="&$E$2,'KEG. PENGAJIAN HARIAN'!$B$2:$B979,"<="&$G$2,'KEG. PENGAJIAN HARIAN'!$F$2:$F979,B42) -> 0.51805556 | F42: 0.5 | G42: =IFERROR(E42/F42,0) -> 1.0361111 | H42: =COUNTIFS('KEG. PENGAJIAN HARIAN'!$F$2:$F979,B42,'KEG. PENGAJIAN HARIAN'!$B$2:$B979,">="&$E$2,'KEG. PENGAJIAN HARIAN'!$B$2:$B979,"<="&$G$2,'KEG. PENGAJIAN HARIAN'!$G$2:$G979,"hadir") -> 9
E43: =SUM(E22:E42) -> 5.7743056 | F43: =SUM(F22:F42) -> 10.5
B44: % per bulan | E44: =E43/F43 -> 0.54993386
A45: Kehadiran meningkat 5,07% dari bulan lalu | G45: Chicago | H45: =SUMIF(C22:C42,"Chicago",E22:E42) -> 3.3368056 | I45: =H45/N26 -> 0.66736111
A46: PraCBR-CBR | D46: =SUMIF(D22:D42,"PraCBR-CBR",E22:E42) -> 3.0604167 | E46: =D46/F43 -> 0.29146825 | G46: California | H46: =SUMIF(C22:C42,"California",E22:E42) -> 0.89166667 | I46: =H46/N27 -> 0.44583333
A47: PraRMJ-RMJ | D47: =SUMIF(D22:D42,"PraRMJ-RMJ",E22:E42) -> 1.7020833 | E47: =D47/F43 -> 0.16210317 | G47: New Hampshire | H47: =SUMIF(C22:C42,"New Hampshire",E22:E42) -> 1.0034722 | I47: =H47/N28 -> 0.40138889
A48: PraNikah | D48: =SUMIF(D22:D42,"PraNikah",E22:E42) -> 1.0118056 | E48: =D48/F43 -> 0.096362434 | G48: Canada | H48: =SUMIF(C22:C42,"Canada",E22:E42) -> 0.54236111 | I48: =H48/N29 -> 0.54236111
A50: Jumlah anak diatas rata-rata kehadirannya : | F50: =COUNTIF(G22:G42, ">="&AVERAGE(G22:G42)) -> 11
A51: PraCBR-CBR | D51: =COUNTIFS(D22:D42,"PraCBR-CBR",G22:G42,">="&AVERAGE(G22:G42)) -> 7
A52: PraRMJ-RMJ | D52: =COUNTIFS(D22:D42,"PraRMJ-RMJ",G22:G42,">="&AVERAGE(G22:G42)) -> 2
A53: PraNikah | D53: =COUNTIFS(D22:D42,"PraNikah",G22:G42,">="&AVERAGE(G22:G42)) -> 2

Sheet Februari
A1: REKAPITULASI KEHADIRAN GURU MENGAJAR - PENGAJIAN PPG US
B2: Mulai : | E2: 45323 | F2: Hingga : | G2: 45351
A4: NO. | B4: NAMA GURU | E4: DURASI MENGAJI | F4: TARGET DURASI | G4: % DURASI | H4: JUMLAH PERTEMUAN | Q4: February 14, 2024 1:49 pm | R4: 45336 | S4: 0.052083333 | T4: Dilla-MLL | U4: Tami-BFL | V4: HADIR | W4: 1. Bacaan Al ankabut 24-30 Alkhamdulillah lancar bacaannya dan juga teratur lebih improve pernafasan nya aja 2. Makna Al baqoroh 89-92 Allah lancar juga and in syaa Alloh Tami faham apa yang disampaikan Dilla Semoga Tami kelak juga bisa menyampaikan ilmunya disana alias jadi sarjana yang mubaligh,Aamiin..aamiin May Alloh Bless you and see u next meeting | X4: 6281392827981 | Y4: 6281392827981
A5: 1 | B5: Artha-JG | E5: =sumifs('KEG. PENGAJIAN HARIAN'!$D$2:$D979,'KEG. PENGAJIAN HARIAN'!$B$2:$B979,">="&$E$2,'KEG. PENGAJIAN HARIAN'!$B$2:$B979,"<="&$G$2,'KEG. PENGAJIAN HARIAN'!$E$2:$E979,B5) -> 0.89513889 | F5: - | G5: =IFERROR(E5/F5,0) -> 0 | H5: =COUNTIFS('KEG. PENGAJIAN HARIAN'!$E$2:$E979,B5,'KEG. PENGAJIAN HARIAN'!$B$2:$B979,">="&$E$2,'KEG. PENGAJIAN HARIAN'!$B$2:$B979,"<="&$G$2,'KEG. PENGAJIAN HARIAN'!$G$2:$G979,"Hadir") -> 29 | Q5: February 14, 2024 1:48 pm | R5: 45336 | S5: 0.026388889 | T5: Mora-MLL | U5: Dylan-CA | V5: HADIR | W5: A. Bacaan Al-A'raf ayat 96-104 Alkhamdulillah lancar. Diperlancar untuk pernafasan dan pemenggalan kata. B. Makna k.sholah hal. 12-13 Dylan bisa memahami isi hadist dg baik. | X5: 6285173431354 | Y5: 6285173431354
A6: 2 | B6: Ayu-CKP | E6: =sumifs('KEG. PENGAJIAN HARIAN'!$D$2:$D979,'KEG. PENGAJIAN HARIAN'!$B$2:$B979,">="&$E$2,'KEG. PENGAJIAN HARIAN'!$B$2:$B979,"<="&$G$2,'KEG. PENGAJIAN HARIAN'!$E$2:$E979,B6) -> 0.19236111 | F6: - | G6: =IFERROR(E6/F6,0) -> 0 | H6: =COUNTIFS('KEG. PENGAJIAN HARIAN'!$E$2:$E979,B6,'KEG. PENGAJIAN HARIAN'!$B$2:$B979,">="&$E$2,'KEG. PENGAJIAN HARIAN'!$B$2:$B979,"<="&$G$2,'KEG. PENGAJIAN HARIAN'!$G$2:$G979,"Hadir") -> 3 | Q6: February 14, 2024 2:24 pm | R6: 45336 | S6: 0.034027778 | T6: Artha-JG | U6: Dwiki-RLG | V6: HADIR | W6: Bacaan Surat Jin ayat 21-28 & surat al muzzammil ayat 1-19 Tebak2 an tajwid beserta huruf hurufnya Makna surat al an'am 145 Report Untuk bacaan, alhamdulillah Dwiki sudah bagus tp dengungnya kurang tampak,terlihat ketika ada bacaan ikhfa' hakiki, ikhfa' safawi, gunnah musaddah . Untuk tajwidmungkin karna lama nggak ngaji jadi ada beberapa yg lupa. Kalau untuk makna Alhamdulillah bisa mengikuti dg baik. Tetap semangat ngaji ya Dwiki💪semoga Alloh paring manfaat dan barokah aamiiin🤲 | X6: 6285606274880 | Y6: 6285606274880
A7: 3 | B7: Azki-MDN | E7: =sumifs('KEG. PENGAJIAN HARIAN'!$D$2:$D979,'KEG. PENGAJIAN HARIAN'!$B$2:$B979,">="&$E$2,'KEG. PENGAJIAN HARIAN'!$B$2:$B979,"<="&$G$2,'KEG. PENGAJIAN HARIAN'!$E$2:$E979,B7) -> 0.46180556 | F7: - | G7: =IFERROR(E7/F7,0) -> 0 | H7: =COUNTIFS('KEG. PENGAJIAN HARIAN'!$E$2:$E979,B7,'KEG. PENGAJIAN HARIAN'!$B$2:$B979,">="&$E$2,'KEG. PENGAJIAN HARIAN'!$B$2:$B979,"<="&$G$2,'KEG. PENGAJIAN HARIAN'!$G$2:$G979,"Hadir") -> 8 | Q7: February 14, 2024 2:41 pm | R7: 45336 | S7: 0.021527778 | T7: Fadly-SMG | U7: Gabriel-CH | V7: HADIR | W7: - Tilawati 3 hal 41 - Murojaah surat2 pendek dan doa2 harian Semoga Allah Paring manfaat lancar dan barokah | X7: 6281332534354 | Y7: 6281332534354
A8: 4 | B8: Dilla-MLL | E8: =sumifs('KEG. PENGAJIAN HARIAN'!$D$2:$D979,'KEG. PENGAJIAN HARIAN'!$B$2:$B979,">="&$E$2,'KEG. PENGAJIAN HARIAN'!$B$2:$B979,"<="&$G$2,'KEG. PENGAJIAN HARIAN'!$E$2:$E979,B8) -> 0.90416667 | F8: - | G8: =IFERROR(E8/F8,0) -> 0 | H8: =COUNTIFS('KEG. PENGAJIAN HARIAN'!$E$2:$E979,B8,'KEG. PENGAJIAN HARIAN'!$B$2:$B979,">="&$E$2,'KEG. PENGAJIAN HARIAN'!$B$2:$B979,"<="&$G$2,'KEG. PENGAJIAN HARIAN'!$G$2:$G979,"Hadir") -> 28 | Q8: February 14, 2024 1:57 pm | R8: 45336 | S8: 0.026388889 | T8: Naely-BGR | U8: Mikail-CH | V8: HADIR | W8: 1. baca tilawati 4 hal.35 alhamdulillah lancar bisa mengikuti dengan baik 2. baca surat2 pilihan surat al hasyr beserta ta'awudz alhamdulillah bisa membaca dengan baik dan lancar 3. menjelaskan kefadholan surat al hasyr 4. menulis etiquette during meals no.18-19 | X8: 6281269229406 | Y8: 6281269229406
A9: 5 | B9: Erma-BKS | E9: =sumifs('KEG. PENGAJIAN HARIAN'!$D$2:$D979,'KEG. PENGAJIAN HARIAN'!$B$2:$B979,">="&$E$2,'KEG. PENGAJIAN HARIAN'!$B$2:$B979,"<="&$G$2,'KEG. PENGAJIAN HARIAN'!$E$2:$E979,B9) -> 0.036805556 | F9: - | G9: =IFERROR(E9/F9,0) -> 0 | H9: =COUNTIFS('KEG. PENGAJIAN HARIAN'!$E$2:$E979,B9,'KEG. PENGAJIAN HARIAN'!$B$2:$B979,">="&$E$2,'KEG. PENGAJIAN HARIAN'!$B$2:$B979,"<="&$G$2,'KEG. PENGAJIAN HARIAN'!$G$2:$G979,"Hadir") -> 1
A10: 6 | B10: Fadly-SMG | E10: =sumifs('KEG. PENGAJIAN HARIAN'!$D$2:$D979,'KEG. PENGAJIAN HARIAN'!$B$2:$B979,">="&$E$2,'KEG. PENGAJIAN HARIAN'!$B$2:$B979,"<="&$G$2,'KEG. PENGAJIAN HARIAN'!$E$2:$E979,B10) -> 0.33125 | F10: - | G10: =IFERROR(E10/F10,0) -> 0 | H10: =COUNTIFS('KEG. PENGAJIAN HARIAN'!$E$2:$E979,B10,'KEG. PENGAJIAN HARIAN'!$B$2:$B979,">="&$E$2,'KEG. PENGAJIAN HARIAN'!$B$2:$B979,"<="&$G$2,'KEG. PENGAJIAN HARIAN'!$G$2:$G979,"Hadir") -> 14
A11: 7 | B11: Fauzan-SL3 | E11: =sumifs('KEG. PENGAJIAN HARIAN'!$D$2:$D979,'KEG. PENGAJIAN HARIAN'!$B$2:$B979,">="&$E$2,'KEG. PENGAJIAN HARIAN'!$B$2:$B979,"<="&$G$2,'KEG. PENGAJIAN HARIAN'!$E$2:$E979,B11) -> 0.26736111 | F11: - | G11: =IFERROR(E11/F11,0) -> 0 | H11: =COUNTIFS('KEG. PENGAJIAN HARIAN'!$E$2:$E979,B11,'KEG. PENGAJIAN HARIAN'!$B$2:$B979,">="&$E$2,'KEG. PENGAJIAN HARIAN'!$B$2:$B979,"<="&$G$2,'KEG. PENGAJIAN HARIAN'!$G$2:$G979,"Hadir") -> 11
A12: 8 | B12: Ilham-Solo | E12: =sumifs('KEG. PENGAJIAN HARIAN'!$D$2:$D979,'KEG. PENGAJIAN HARIAN'!$B$2:$B979,">="&$E$2,'KEG. PENGAJIAN HARIAN'!$B$2:$B979,"<="&$G$2,'KEG. PENGAJIAN HARIAN'!$E$2:$E979,B12) -> 0.31805556 | F12: - | G12: =IFERROR(E12/F12,0) -> 0 | H12: =COUNTIFS('KEG. PENGAJIAN HARIAN'!$E$2:$E979,B12,'KEG. PENGAJIAN HARIAN'!$B$2:$B979,">="&$E$2,'KEG. PENGAJIAN HARIAN'!$B$2:$B979,"<="&$G$2,'KEG. PENGAJIAN HARIAN'!$G$2:$G979,"Hadir") -> 8
A13: 9 | B13: Mora-MLL | E13: =sumifs('KEG. PENGAJIAN HARIAN'!$D$2:$D979,'KEG. PENGAJIAN HARIAN'!$B$2:$B979,">="&$E$2,'KEG. PENGAJIAN HARIAN'!$B$2:$B979,"<="&$G$2,'KEG. PENGAJIAN HARIAN'!$E$2:$E979,B13) -> 1.0527778 | F13: - | G13: =IFERROR(E13/F13,0) -> 0 | H13: =COUNTIFS('KEG. PENGAJIAN HARIAN'!$E$2:$E979,B13,'KEG. PENGAJIAN HARIAN'!$B$2:$B979,">="&$E$2,'KEG. PENGAJIAN HARIAN'!$B$2:$B979,"<="&$G$2,'KEG. PENGAJIAN HARIAN'!$G$2:$G979,"Hadir") -> 34
A14: 10 | B14: Naely-BGR | E14: =sumifs('KEG. PENGAJIAN HARIAN'!$D$2:$D979,'KEG. PENGAJIAN HARIAN'!$B$2:$B979,">="&$E$2,'KEG. PENGAJIAN HARIAN'!$B$2:$B979,"<="&$G$2,'KEG. PENGAJIAN HARIAN'!$E$2:$E979,B14) -> 0.45694444 | F14: - | G14: =IFERROR(E14/F14,0) -> 0 | H14: =COUNTIFS('KEG. PENGAJIAN HARIAN'!$E$2:$E979,B14,'KEG. PENGAJIAN HARIAN'!$B$2:$B979,">="&$E$2,'KEG. PENGAJIAN HARIAN'!$B$2:$B979,"<="&$G$2,'KEG. PENGAJIAN HARIAN'!$G$2:$G979,"Hadir") -> 17
A15: 11 | B15: Rika-KDR | E15: =sumifs('KEG. PENGAJIAN HARIAN'!$D$2:$D979,'KEG. PENGAJIAN HARIAN'!$B$2:$B979,">="&$E$2,'KEG. PENGAJIAN HARIAN'!$B$2:$B979,"<="&$G$2,'KEG. PENGAJIAN HARIAN'!$E$2:$E979,B15) -> 0.31805556 | F15: - | G15: =IFERROR(E15/F15,0) -> 0 | H15: =COUNTIFS('KEG. PENGAJIAN HARIAN'!$E$2:$E979,B15,'KEG. PENGAJIAN HARIAN'!$B$2:$B979,">="&$E$2,'KEG. PENGAJIAN HARIAN'!$B$2:$B979,"<="&$G$2,'KEG. PENGAJIAN HARIAN'!$G$2:$G979,"Hadir") -> 14
A18: REKAPITULASI KEHADIRAN MURID PENGAJIAN PPG AMERICA
A19: 45323
A21: NO. | B21: NAMA MURID | C21: KELOMPOK | D21: KELAS USIA | E21: DURASI MENGAJI | F21: TARGET DURASI | G21: % DURASI | H21: HADIR | I21: BY VN | J21: IZIN (MURID)
A22: 1 | B22: Abi-BFL | C22: Chicago | D22: PraNiKah | E22: =sumifs('KEG. PENGAJIAN HARIAN'!$D$2:$D979,'KEG. PENGAJIAN HARIAN'!$B$2:$B979,">="&$E$2,'KEG. PENGAJIAN HARIAN'!$B$2:$B979,"<="&$G$2,'KEG. PENGAJIAN HARIAN'!$F$2:$F979,B22) -> 0.36597222 | F22: 0.5 | G22: =IFERROR(E22/F22,0) -> 0.73194444 | H22: =COUNTIFS('KEG. PENGAJIAN HARIAN'!$F$2:$F979,B22,'KEG. PENGAJIAN HARIAN'!$B$2:$B979,">="&$E$2,'KEG. PENGAJIAN HARIAN'!$B$2:$B979,"<="&$G$2,'KEG. PENGAJIAN HARIAN'!$G$2:$G979,"hadir") -> 9 | I22: =COUNTIFS('KEG. PENGAJIAN HARIAN'!$F$2:$F979,B22,'KEG. PENGAJIAN HARIAN'!$B$2:$B979,">="&$E$2,'KEG. PENGAJIAN HARIAN'!$B$2:$B979,"<="&$G$2,'KEG. PENGAJIAN HARIAN'!$G$2:$G979,"By VN") -> 0 | J22: =COUNTIFS('KEG. PENGAJIAN HARIAN'!$F$2:$F979,B22,'KEG. PENGAJIAN HARIAN'!$B$2:$B979,">="&$E$2,'KEG. PENGAJIAN HARIAN'!$B$2:$B979,"<="&$G$2,'KEG. PENGAJIAN HARIAN'!$G$2:$G979,"izin (murid)") -> 0 | K22: PraCBR-CBR | L22: =countif(D22:D42,"PraCBR-CBR") -> 10
A23: 2 | B23: AJ-CA | C23: California | D23: PraNiKah | E23: =sumifs('KEG. PENGAJIAN HARIAN'!$D$2:$D979,'KEG. PENGAJIAN HARIAN'!$B$2:$B979,">="&$E$2,'KEG. PENGAJIAN HARIAN'!$B$2:$B979,"<="&$G$2,'KEG. PENGAJIAN HARIAN'!$F$2:$F979,B23) -> 0 | F23: 0.5 | G23: =IFERROR(E23/F23,0) -> 0 | H23: =COUNTIFS('KEG. PENGAJIAN HARIAN'!$F$2:$F979,B23,'KEG. PENGAJIAN HARIAN'!$B$2:$B979,">="&$E$2,'KEG. PENGAJIAN HARIAN'!$B$2:$B979,"<="&$G$2,'KEG. PENGAJIAN HARIAN'!$G$2:$G979,"hadir") -> 0 | I23: =COUNTIFS('KEG. PENGAJIAN HARIAN'!$F$2:$F979,B23,'KEG. PENGAJIAN HARIAN'!$B$2:$B979,">="&$E$2,'KEG. PENGAJIAN HARIAN'!$B$2:$B979,"<="&$G$2,'KEG. PENGAJIAN HARIAN'!$G$2:$G979,"By VN") -> 0 | J23: =COUNTIFS('KEG. PENGAJIAN HARIAN'!$F$2:$F979,B23,'KEG. PENGAJIAN HARIAN'!$B$2:$B979,">="&$E$2,'KEG. PENGAJIAN HARIAN'!$B$2:$B979,"<="&$G$2,'KEG. PENGAJIAN HARIAN'!$G$2:$G979,"izin (murid)") -> 0 | K23: PraRMJ-RMJ | L23: =countif(D22:D42,"PraRMJ-RMJ") -> 7
A24: 3 | B24: Chester-PD | C24: New Hampshire | D24: PraCBR-CBR | E24: =sumifs('KEG. PENGAJIAN HARIAN'!$D$2:$D979,'KEG. PENGAJIAN HARIAN'!$B$2:$B979,">="&$E$2,'KEG. PENGAJIAN HARIAN'!$B$2:$B979,"<="&$G$2,'KEG. PENGAJIAN HARIAN'!$F$2:$F979,B24) -> 0.39444444 | F24: 0.5 | G24: =IFERROR(E24/F24,0) -> 0.78888889 | H24: =COUNTIFS('KEG. PENGAJIAN HARIAN'!$F$2:$F979,B24,'KEG. PENGAJIAN HARIAN'!$B$2:$B979,">="&$E$2,'KEG. PENGAJIAN HARIAN'!$B$2:$B979,"<="&$G$2,'KEG. PENGAJIAN HARIAN'!$G$2:$G979,"hadir") -> 9 | I24: =COUNTIFS('KEG. PENGAJIAN HARIAN'!$F$2:$F979,B24,'KEG. PENGAJIAN HARIAN'!$B$2:$B979,">="&$E$2,'KEG. PENGAJIAN HARIAN'!$B$2:$B979,"<="&$G$2,'KEG. PENGAJIAN HARIAN'!$G$2:$G979,"By VN") -> 0 | J24: =COUNTIFS('KEG. PENGAJIAN HARIAN'!$F$2:$F979,B24,'KEG. PENGAJIAN HARIAN'!$B$2:$B979,">="&$E$2,'KEG. PENGAJIAN HARIAN'!$B$2:$B979,"<="&$G$2,'KEG. PENGAJIAN HARIAN'!$G$2:$G979,"izin (murid)") -> 0 | K24: PraNIkah | L24: =countif(D22:D42,"PraNikah") -> 4
A25: 4 | B25: Dawud-RLG | C25: New Hampshire | D25: PraCBR-CBR | E25: =sumifs('KEG. PENGAJIAN HARIAN'!$D$2:$D979,'KEG. PENGAJIAN HARIAN'!$B$2:$B979,">="&$E$2,'KEG. PENGAJIAN HARIAN'!$B$2:$B979,"<="&$G$2,'KEG. PENGAJIAN HARIAN'!$F$2:$F979,B25) -> 0.15555556 | F25: 0.5 | G25: =IFERROR(E25/F25,0) -> 0.31111111 | H25: =COUNTIFS('KEG. PENGAJIAN HARIAN'!$F$2:$F979,B25,'KEG. PENGAJIAN HARIAN'!$B$2:$B979,">="&$E$2,'KEG. PENGAJIAN HARIAN'!$B$2:$B979,"<="&$G$2,'KEG. PENGAJIAN HARIAN'!$G$2:$G979,"hadir") -> 6 | I25: =COUNTIFS('KEG. PENGAJIAN HARIAN'!$F$2:$F979,B25,'KEG. PENGAJIAN HARIAN'!$B$2:$B979,">="&$E$2,'KEG. PENGAJIAN HARIAN'!$B$2:$B979,"<="&$G$2,'KEG. PENGAJIAN HARIAN'!$G$2:$G979,"By VN") -> 0 | J25: =COUNTIFS('KEG. PENGAJIAN HARIAN'!$F$2:$F979,B25,'KEG. PENGAJIAN HARIAN'!$B$2:$B979,">="&$E$2,'KEG. PENGAJIAN HARIAN'!$B$2:$B979,"<="&$G$2,'KEG. PENGAJIAN HARIAN'!$G$2:$G979,"izin (murid)") -> 0
A26: 5 | B26: Dehan-CND | C26: Canada | D26: PraRMJ-RMJ | E26: =sumifs('KEG. PENGAJIAN HARIAN'!$D$2:$D979,'KEG. PENGAJIAN HARIAN'!$B$2:$B979,">="&$E$2,'KEG. PENGAJIAN HARIAN'!$B$2:$B979,"<="&$G$2,'KEG. PENGAJIAN HARIAN'!$F$2:$F979,B26) -> 0.14791667 | F26: 0.5 | G26: =IFERROR(E26/F26,0) -> 0.29583333 | H26: =COUNTIFS('KEG. PENGAJIAN HARIAN'!$F$2:$F979,B26,'KEG. PENGAJIAN HARIAN'!$B$2:$B979,">="&$E$2,'KEG. PENGAJIAN HARIAN'!$B$2:$B979,"<="&$G$2,'KEG. PENGAJIAN HARIAN'!$G$2:$G979,"hadir") -> 6 | I26: =COUNTIFS('KEG. PENGAJIAN HARIAN'!$F$2:$F979,B26,'KEG. PENGAJIAN HARIAN'!$B$2:$B979,">="&$E$2,'KEG. PENGAJIAN HARIAN'!$B$2:$B979,"<="&$G$2,'KEG. PENGAJIAN HARIAN'!$G$2:$G979,"By VN") -> 0 | J26: =COUNTIFS('KEG. PENGAJIAN HARIAN'!$F$2:$F979,B26,'KEG. PENGAJIAN HARIAN'!$B$2:$B979,">="&$E$2,'KEG. PENGAJIAN HARIAN'!$B$2:$B979,"<="&$G$2,'KEG. PENGAJIAN HARIAN'!$G$2:$G979,"izin (murid)") -> 0 | K26: Chicago | L26: =countif(C22:C42,"Chicago") -> 10 | M26: =sumif(C22:C42,"Chicago",F22:F42) -> 5
A27: 6 | B27: Denissa-RLG | C27: New Hampshire | D27: PraRMJ-RMJ | E27: =sumifs('KEG. PENGAJIAN HARIAN'!$D$2:$D979,'KEG. PENGAJIAN HARIAN'!$B$2:$B979,">="&$E$2,'KEG. PENGAJIAN HARIAN'!$B$2:$B979,"<="&$G$2,'KEG. PENGAJIAN HARIAN'!$F$2:$F979,B27) -> 0.095833333 | F27: 0.5 | G27: =IFERROR(E27/F27,0) -> 0.19166667 | H27: =COUNTIFS('KEG. PENGAJIAN HARIAN'!$F$2:$F979,B27,'KEG. PENGAJIAN HARIAN'!$B$2:$B979,">="&$E$2,'KEG. PENGAJIAN HARIAN'!$B$2:$B979,"<="&$G$2,'KEG. PENGAJIAN HARIAN'!$G$2:$G979,"hadir") -> 2 | I27: =COUNTIFS('KEG. PENGAJIAN HARIAN'!$F$2:$F979,B27,'KEG. PENGAJIAN HARIAN'!$B$2:$B979,">="&$E$2,'KEG. PENGAJIAN HARIAN'!$B$2:$B979,"<="&$G$2,'KEG. PENGAJIAN HARIAN'!$G$2:$G979,"By VN") -> 1 | J27: =COUNTIFS('KEG. PENGAJIAN HARIAN'!$F$2:$F979,B27,'KEG. PENGAJIAN HARIAN'!$B$2:$B979,">="&$E$2,'KEG. PENGAJIAN HARIAN'!$B$2:$B979,"<="&$G$2,'KEG. PENGAJIAN HARIAN'!$G$2:$G979,"izin (murid)") -> 0 | K27: California | L27: =countif(C22:C42,"California") -> 4 | M27: =sumif(C22:C42,"California",F22:F42) -> 2
A28: 7 | B28: Dinda-RLG | C28: New Hampshire | D28: PraCBR-CBR | E28: =sumifs('KEG. PENGAJIAN HARIAN'!$D$2:$D979,'KEG. PENGAJIAN HARIAN'!$B$2:$B979,">="&$E$2,'KEG. PENGAJIAN HARIAN'!$B$2:$B979,"<="&$G$2,'KEG. PENGAJIAN HARIAN'!$F$2:$F979,B28) -> 0.26875 | F28: 0.5 | G28: =IFERROR(E28/F28,0) -> 0.5375 | H28: =COUNTIFS('KEG. PENGAJIAN HARIAN'!$F$2:$F979,B28,'KEG. PENGAJIAN HARIAN'!$B$2:$B979,">="&$E$2,'KEG. PENGAJIAN HARIAN'!$B$2:$B979,"<="&$G$2,'KEG. PENGAJIAN HARIAN'!$G$2:$G979,"hadir") -> 6 | I28: =COUNTIFS('KEG. PENGAJIAN HARIAN'!$F$2:$F979,B28,'KEG. PENGAJIAN HARIAN'!$B$2:$B979,">="&$E$2,'KEG. PENGAJIAN HARIAN'!$B$2:$B979,"<="&$G$2,'KEG. PENGAJIAN HARIAN'!$G$2:$G979,"By VN") -> 0 | J28: =COUNTIFS('KEG. PENGAJIAN HARIAN'!$F$2:$F979,B28,'KEG. PENGAJIAN HARIAN'!$B$2:$B979,">="&$E$2,'KEG. PENGAJIAN HARIAN'!$B$2:$B979,"<="&$G$2,'KEG. PENGAJIAN HARIAN'!$G$2:$G979,"izin (murid)") -> 1 | K28: New Hampshire | L28: =countif(C22:C42,"New Hampshire") -> 5 | M28: =sumif(C22:C42,"New Hampshire",F22:F42) -> 2.5
A29: 8 | B29: Dwiki-RLG | C29: New Hampshire | D29: PraRMJ-RMJ | E29: =sumifs('KEG. PENGAJIAN HARIAN'!$D$2:$D979,'KEG. PENGAJIAN HARIAN'!$B$2:$B979,">="&$E$2,'KEG. PENGAJIAN HARIAN'!$B$2:$B979,"<="&$G$2,'KEG. PENGAJIAN HARIAN'!$F$2:$F979,B29) -> 0.26319444 | F29: 0.5 | G29: =IFERROR(E29/F29,0) -> 0.52638889 | H29: =COUNTIFS('KEG. PENGAJIAN HARIAN'!$F$2:$F979,B29,'KEG. PENGAJIAN HARIAN'!$B$2:$B979,">="&$E$2,'KEG. PENGAJIAN HARIAN'!$B$2:$B979,"<="&$G$2,'KEG. PENGAJIAN HARIAN'!$G$2:$G979,"hadir") -> 7 | I29: =COUNTIFS('KEG. PENGAJIAN HARIAN'!$F$2:$F979,B29,'KEG. PENGAJIAN HARIAN'!$B$2:$B979,">="&$E$2,'KEG. PENGAJIAN HARIAN'!$B$2:$B979,"<="&$G$2,'KEG. PENGAJIAN HARIAN'!$G$2:$G979,"By VN") -> 0 | J29: =COUNTIFS('KEG. PENGAJIAN HARIAN'!$F$2:$F979,B29,'KEG. PENGAJIAN HARIAN'!$B$2:$B979,">="&$E$2,'KEG. PENGAJIAN HARIAN'!$B$2:$B979,"<="&$G$2,'KEG. PENGAJIAN HARIAN'!$G$2:$G979,"izin (murid)") -> 0 | K29: Canada | L29: =countif(C22:C42,"Canada") -> 2 | M29: =sumif(C22:C42,"Canada",F22:F42) -> 1
A30: 9 | B30: Dylan-CA | C30: California | D30: PraRMJ-RMJ | E30: =sumifs('KEG. PENGAJIAN HARIAN'!$D$2:$D979,'KEG. PENGAJIAN HARIAN'!$B$2:$B979,">="&$E$2,'KEG. PENGAJIAN HARIAN'!$B$2:$B979,"<="&$G$2,'KEG. PENGAJIAN HARIAN'!$F$2:$F979,B30) -> 0.20069444 | F30: 0.5 | G30: =IFERROR(E30/F30,0) -> 0.40138889 | H30: =COUNTIFS('KEG. PENGAJIAN HARIAN'!$F$2:$F979,B30,'KEG. PENGAJIAN HARIAN'!$B$2:$B979,">="&$E$2,'KEG. PENGAJIAN HARIAN'!$B$2:$B979,"<="&$G$2,'KEG. PENGAJIAN HARIAN'!$G$2:$G979,"hadir") -> 9 | I30: =COUNTIFS('KEG. PENGAJIAN HARIAN'!$F$2:$F979,B30,'KEG. PENGAJIAN HARIAN'!$B$2:$B979,">="&$E$2,'KEG. PENGAJIAN HARIAN'!$B$2:$B979,"<="&$G$2,'KEG. PENGAJIAN HARIAN'!$G$2:$G979,"By VN") -> 0 | J30: =COUNTIFS('KEG. PENGAJIAN HARIAN'!$F$2:$F979,B30,'KEG. PENGAJIAN HARIAN'!$B$2:$B979,">="&$E$2,'KEG. PENGAJIAN HARIAN'!$B$2:$B979,"<="&$G$2,'KEG. PENGAJIAN HARIAN'!$G$2:$G979,"izin (murid)") -> 0
A31: 10 | B31: Fitri-CND | C31: Canada | D31: PraRMJ-RMJ | E31: =sumifs('KEG. PENGAJIAN HARIAN'!$D$2:$D979,'KEG. PENGAJIAN HARIAN'!$B$2:$B979,">="&$E$2,'KEG. PENGAJIAN HARIAN'!$B$2:$B979,"<="&$G$2,'KEG. PENGAJIAN HARIAN'!$F$2:$F979,B31) -> 0.23819444 | F31: 0.5 | G31: =IFERROR(E31/F31,0) -> 0.47638889 | H31: =COUNTIFS('KEG. PENGAJIAN HARIAN'!$F$2:$F979,B31,'KEG. PENGAJIAN HARIAN'!$B$2:$B979,">="&$E$2,'KEG. PENGAJIAN HARIAN'!$B$2:$B979,"<="&$G$2,'KEG. PENGAJIAN HARIAN'!$G$2:$G979,"hadir") -> 4 | I31: =COUNTIFS('KEG. PENGAJIAN HARIAN'!$F$2:$F979,B31,'KEG. PENGAJIAN HARIAN'!$B$2:$B979,">="&$E$2,'KEG. PENGAJIAN HARIAN'!$B$2:$B979,"<="&$G$2,'KEG. PENGAJIAN HARIAN'!$G$2:$G979,"By VN") -> 0 | J31: =COUNTIFS('KEG. PENGAJIAN HARIAN'!$F$2:$F979,B31,'KEG. PENGAJIAN HARIAN'!$B$2:$B979,">="&$E$2,'KEG. PENGAJIAN HARIAN'!$B$2:$B979,"<="&$G$2,'KEG. PENGAJIAN HARIAN'!$G$2:$G979,"izin (murid)") -> 0
A32: 11 | B32: Gabriel-CH | C32: Chicago | D32: PraCBR-CBR | E32: =sumifs('KEG. PENGAJIAN HARIAN'!$D$2:$D979,'KEG. PENGAJIAN HARIAN'!$B$2:$B979,">="&$E$2,'KEG. PENGAJIAN HARIAN'!$B$2:$B979,"<="&$G$2,'KEG. PENGAJIAN HARIAN'!$F$2:$F979,B32) -> 0.33125 | F32: 0.5 | G32: =IFERROR(E32/F32,0) -> 0.6625 | H32: =COUNTIFS('KEG. PENGAJIAN HARIAN'!$F$2:$F979,B32,'KEG. PENGAJIAN HARIAN'!$B$2:$B979,">="&$E$2,'KEG. PENGAJIAN HARIAN'!$B$2:$B979,"<="&$G$2,'KEG. PENGAJIAN HARIAN'!$G$2:$G979,"hadir") -> 14 | I32: =COUNTIFS('KEG. PENGAJIAN HARIAN'!$F$2:$F979,B32,'KEG. PENGAJIAN HARIAN'!$B$2:$B979,">="&$E$2,'KEG. PENGAJIAN HARIAN'!$B$2:$B979,"<="&$G$2,'KEG. PENGAJIAN HARIAN'!$G$2:$G979,"By VN") -> 0 | J32: =COUNTIFS('KEG. PENGAJIAN HARIAN'!$F$2:$F979,B32,'KEG. PENGAJIAN HARIAN'!$B$2:$B979,">="&$E$2,'KEG. PENGAJIAN HARIAN'!$B$2:$B979,"<="&$G$2,'KEG. PENGAJIAN HARIAN'!$G$2:$G979,"izin (murid)") -> 0
A33: 12 | B33: Grazia-IN | C33: Chicago | D33: PraCBR-CBR | E33: =sumifs('KEG. PENGAJIAN HARIAN'!$D$2:$D979,'KEG. PENGAJIAN HARIAN'!$B$2:$B979,">="&$E$2,'KEG. PENGAJIAN HARIAN'!$B$2:$B979,"<="&$G$2,'KEG. PENGAJIAN HARIAN'!$F$2:$F979,B33) -> 0.47847222 | F33: 0.5 | G33: =IFERROR(E33/F33,0) -> 0.95694444 | H33: =COUNTIFS('KEG. PENGAJIAN HARIAN'!$F$2:$F979,B33,'KEG. PENGAJIAN HARIAN'!$B$2:$B979,">="&$E$2,'KEG. PENGAJIAN HARIAN'!$B$2:$B979,"<="&$G$2,'KEG. PENGAJIAN HARIAN'!$G$2:$G979,"hadir") -> 13 | I33: =COUNTIFS('KEG. PENGAJIAN HARIAN'!$F$2:$F979,B33,'KEG. PENGAJIAN HARIAN'!$B$2:$B979,">="&$E$2,'KEG. PENGAJIAN HARIAN'!$B$2:$B979,"<="&$G$2,'KEG. PENGAJIAN HARIAN'!$G$2:$G979,"By VN") -> 0 | J33: =COUNTIFS('KEG. PENGAJIAN HARIAN'!$F$2:$F979,B33,'KEG. PENGAJIAN HARIAN'!$B$2:$B979,">="&$E$2,'KEG. PENGAJIAN HARIAN'!$B$2:$B979,"<="&$G$2,'KEG. PENGAJIAN HARIAN'!$G$2:$G979,"izin (murid)") -> 1
A34: 13 | B34: Irsan-CH | C34: Chicago | D34: PraRMJ-RMJ | E34: =sumifs('KEG. PENGAJIAN HARIAN'!$D$2:$D979,'KEG. PENGAJIAN HARIAN'!$B$2:$B979,">="&$E$2,'KEG. PENGAJIAN HARIAN'!$B$2:$B979,"<="&$G$2,'KEG. PENGAJIAN HARIAN'!$F$2:$F979,B34) -> 0.20902778 | F34: 0.5 | G34: =IFERROR(E34/F34,0) -> 0.41805556 | H34: =COUNTIFS('KEG. PENGAJIAN HARIAN'!$F$2:$F979,B34,'KEG. PENGAJIAN HARIAN'!$B$2:$B979,">="&$E$2,'KEG. PENGAJIAN HARIAN'!$B$2:$B979,"<="&$G$2,'KEG. PENGAJIAN HARIAN'!$G$2:$G979,"hadir") -> 13 | I34: =COUNTIFS('KEG. PENGAJIAN HARIAN'!$F$2:$F979,B34,'KEG. PENGAJIAN HARIAN'!$B$2:$B979,">="&$E$2,'KEG. PENGAJIAN HARIAN'!$B$2:$B979,"<="&$G$2,'KEG. PENGAJIAN HARIAN'!$G$2:$G979,"By VN") -> 0 | J34: =COUNTIFS('KEG. PENGAJIAN HARIAN'!$F$2:$F979,B34,'KEG. PENGAJIAN HARIAN'!$B$2:$B979,">="&$E$2,'KEG. PENGAJIAN HARIAN'!$B$2:$B979,"<="&$G$2,'KEG. PENGAJIAN HARIAN'!$G$2:$G979,"izin (murid)") -> 1
A35: 14 | B35: Jourdan-CA | C35: California | D35: PraNiKah | E35: =sumifs('KEG. PENGAJIAN HARIAN'!$D$2:$D979,'KEG. PENGAJIAN HARIAN'!$B$2:$B979,">="&$E$2,'KEG. PENGAJIAN HARIAN'!$B$2:$B979,"<="&$G$2,'KEG. PENGAJIAN HARIAN'!$F$2:$F979,B35) -> 0.044444444 | F35: 0.5 | G35: =IFERROR(E35/F35,0) -> 0.088888889 | H35: =COUNTIFS('KEG. PENGAJIAN HARIAN'!$F$2:$F979,B35,'KEG. PENGAJIAN HARIAN'!$B$2:$B979,">="&$E$2,'KEG. PENGAJIAN HARIAN'!$B$2:$B979,"<="&$G$2,'KEG. PENGAJIAN HARIAN'!$G$2:$G979,"hadir") -> 1 | I35: =COUNTIFS('KEG. PENGAJIAN HARIAN'!$F$2:$F979,B35,'KEG. PENGAJIAN HARIAN'!$B$2:$B979,">="&$E$2,'KEG. PENGAJIAN HARIAN'!$B$2:$B979,"<="&$G$2,'KEG. PENGAJIAN HARIAN'!$G$2:$G979,"By VN") -> 0 | J35: =COUNTIFS('KEG. PENGAJIAN HARIAN'!$F$2:$F979,B35,'KEG. PENGAJIAN HARIAN'!$B$2:$B979,">="&$E$2,'KEG. PENGAJIAN HARIAN'!$B$2:$B979,"<="&$G$2,'KEG. PENGAJIAN HARIAN'!$G$2:$G979,"izin (murid)") -> 0
A36: 15 | B36: Jubilee-CH | C36: Chicago | D36: PraCBR-CBR | E36: =sumifs('KEG. PENGAJIAN HARIAN'!$D$2:$D979,'KEG. PENGAJIAN HARIAN'!$B$2:$B979,">="&$E$2,'KEG. PENGAJIAN HARIAN'!$B$2:$B979,"<="&$G$2,'KEG. PENGAJIAN HARIAN'!$F$2:$F979,B36) -> 0.39375 | F36: 0.5 | G36: =IFERROR(E36/F36,0) -> 0.7875 | H36: =COUNTIFS('KEG. PENGAJIAN HARIAN'!$F$2:$F979,B36,'KEG. PENGAJIAN HARIAN'!$B$2:$B979,">="&$E$2,'KEG. PENGAJIAN HARIAN'!$B$2:$B979,"<="&$G$2,'KEG. PENGAJIAN HARIAN'!$G$2:$G979,"hadir") -> 15 | I36: =COUNTIFS('KEG. PENGAJIAN HARIAN'!$F$2:$F979,B36,'KEG. PENGAJIAN HARIAN'!$B$2:$B979,">="&$E$2,'KEG. PENGAJIAN HARIAN'!$B$2:$B979,"<="&$G$2,'KEG. PENGAJIAN HARIAN'!$G$2:$G979,"By VN") -> 0 | J36: =COUNTIFS('KEG. PENGAJIAN HARIAN'!$F$2:$F979,B36,'KEG. PENGAJIAN HARIAN'!$B$2:$B979,">="&$E$2,'KEG. PENGAJIAN HARIAN'!$B$2:$B979,"<="&$G$2,'KEG. PENGAJIAN HARIAN'!$G$2:$G979,"izin (murid)") -> 3
A37: 16 | B37: Kayla-CA | C37: California | D37: PraNiKah | E37: =sumifs('KEG. PENGAJIAN HARIAN'!$D$2:$D979,'KEG. PENGAJIAN HARIAN'!$B$2:$B979,">="&$E$2,'KEG. PENGAJIAN HARIAN'!$B$2:$B979,"<="&$G$2,'KEG. PENGAJIAN HARIAN'!$F$2:$F979,B37) -> 0.33125 | F37: 0.5 | G37: =IFERROR(E37/F37,0) -> 0.6625 | H37: =COUNTIFS('KEG. PENGAJIAN HARIAN'!$F$2:$F979,B37,'KEG. PENGAJIAN HARIAN'!$B$2:$B979,">="&$E$2,'KEG. PENGAJIAN HARIAN'!$B$2:$B979,"<="&$G$2,'KEG. PENGAJIAN HARIAN'!$G$2:$G979,"hadir") -> 5 | I37: =COUNTIFS('KEG. PENGAJIAN HARIAN'!$F$2:$F979,B37,'KEG. PENGAJIAN HARIAN'!$B$2:$B979,">="&$E$2,'KEG. PENGAJIAN HARIAN'!$B$2:$B979,"<="&$G$2,'KEG. PENGAJIAN HARIAN'!$G$2:$G979,"By VN") -> 0 | J37: =COUNTIFS('KEG. PENGAJIAN HARIAN'!$F$2:$F979,B37,'KEG. PENGAJIAN HARIAN'!$B$2:$B979,">="&$E$2,'KEG. PENGAJIAN HARIAN'!$B$2:$B979,"<="&$G$2,'KEG. PENGAJIAN HARIAN'!$G$2:$G979,"izin (murid)") -> 1
A38: 17 | B38: Kirana-CH | C38: Chicago | D38: PraCBR-CBR | E38: =sumifs('KEG. PENGAJIAN HARIAN'!$D$2:$D979,'KEG. PENGAJIAN HARIAN'!$B$2:$B979,">="&$E$2,'KEG. PENGAJIAN HARIAN'!$B$2:$B979,"<="&$G$2,'KEG. PENGAJIAN HARIAN'!$F$2:$F979,B38) -> 0.26736111 | F38: 0.5 | G38: =IFERROR(E38/F38,0) -> 0.53472222 | H38: =COUNTIFS('KEG. PENGAJIAN HARIAN'!$F$2:$F979,B38,'KEG. PENGAJIAN HARIAN'!$B$2:$B979,">="&$E$2,'KEG. PENGAJIAN HARIAN'!$B$2:$B979,"<="&$G$2,'KEG. PENGAJIAN HARIAN'!$G$2:$G979,"hadir") -> 11 | I38: =COUNTIFS('KEG. PENGAJIAN HARIAN'!$F$2:$F979,B38,'KEG. PENGAJIAN HARIAN'!$B$2:$B979,">="&$E$2,'KEG. PENGAJIAN HARIAN'!$B$2:$B979,"<="&$G$2,'KEG. PENGAJIAN HARIAN'!$G$2:$G979,"By VN") -> 0 | J38: =COUNTIFS('KEG. PENGAJIAN HARIAN'!$F$2:$F979,B38,'KEG. PENGAJIAN HARIAN'!$B$2:$B979,">="&$E$2,'KEG. PENGAJIAN HARIAN'!$B$2:$B979,"<="&$G$2,'KEG. PENGAJIAN HARIAN'!$G$2:$G979,"izin (murid)") -> 0
A39: 18 | B39: Mikail-CH | C39: Chicago | D39: PraCBR-CBR | E39: =sumifs('KEG. PENGAJIAN HARIAN'!$D$2:$D979,'KEG. PENGAJIAN HARIAN'!$B$2:$B979,">="&$E$2,'KEG. PENGAJIAN HARIAN'!$B$2:$B979,"<="&$G$2,'KEG. PENGAJIAN HARIAN'!$F$2:$F979,B39) -> 0.23472222 | F39: 0.5 | G39: =IFERROR(E39/F39,0) -> 0.46944444 | H39: =COUNTIFS('KEG. PENGAJIAN HARIAN'!$F$2:$F979,B39,'KEG. PENGAJIAN HARIAN'!$B$2:$B979,">="&$E$2,'KEG. PENGAJIAN HARIAN'!$B$2:$B979,"<="&$G$2,'KEG. PENGAJIAN HARIAN'!$G$2:$G979,"hadir") -> 12 | I39: =COUNTIFS('KEG. PENGAJIAN HARIAN'!$F$2:$F979,B39,'KEG. PENGAJIAN HARIAN'!$B$2:$B979,">="&$E$2,'KEG. PENGAJIAN HARIAN'!$B$2:$B979,"<="&$G$2,'KEG. PENGAJIAN HARIAN'!$G$2:$G979,"By VN") -> 0 | J39: =COUNTIFS('KEG. PENGAJIAN HARIAN'!$F$2:$F979,B39,'KEG. PENGAJIAN HARIAN'!$B$2:$B979,">="&$E$2,'KEG. PENGAJIAN HARIAN'!$B$2:$B979,"<="&$G$2,'KEG. PENGAJIAN HARIAN'!$G$2:$G979,"izin (murid)") -> 1
A40: 19 | B40: Nadeen-CH | C40: Chicago | D40: PraCBR-CBR | E40: =sumifs('KEG. PENGAJIAN HARIAN'!$D$2:$D979,'KEG. PENGAJIAN HARIAN'!$B$2:$B979,">="&$E$2,'KEG. PENGAJIAN HARIAN'!$B$2:$B979,"<="&$G$2,'KEG. PENGAJIAN HARIAN'!$F$2:$F979,B40) -> 0.29583333 | F40: 0.5 | G40: =IFERROR(E40/F40,0) -> 0.59166667 | H40: =COUNTIFS('KEG. PENGAJIAN HARIAN'!$F$2:$F979,B40,'KEG. PENGAJIAN HARIAN'!$B$2:$B979,">="&$E$2,'KEG. PENGAJIAN HARIAN'!$B$2:$B979,"<="&$G$2,'KEG. PENGAJIAN HARIAN'!$G$2:$G979,"hadir") -> 16 | I40: =COUNTIFS('KEG. PENGAJIAN HARIAN'!$F$2:$F979,B40,'KEG. PENGAJIAN HARIAN'!$B$2:$B979,">="&$E$2,'KEG. PENGAJIAN HARIAN'!$B$2:$B979,"<="&$G$2,'KEG. PENGAJIAN HARIAN'!$G$2:$G979,"By VN") -> 0 | J40: =COUNTIFS('KEG. PENGAJIAN HARIAN'!$F$2:$F979,B40,'KEG. PENGAJIAN HARIAN'!$B$2:$B979,">="&$E$2,'KEG. PENGAJIAN HARIAN'!$B$2:$B979,"<="&$G$2,'KEG. PENGAJIAN HARIAN'!$G$2:$G979,"izin (murid)") -> 0
A41: 20 | B41: Qalesya-ATL | C41: Chicago | D41: PraCBR-CBR | E41: =sumifs('KEG. PENGAJIAN HARIAN'!$D$2:$D979,'KEG. PENGAJIAN HARIAN'!$B$2:$B979,">="&$E$2,'KEG. PENGAJIAN HARIAN'!$B$2:$B979,"<="&$G$2,'KEG. PENGAJIAN HARIAN'!$F$2:$F979,B41) -> 0.036805556 | F41: 0.5 | G41: =IFERROR(E41/F41,0) -> 0.073611111 | H41: =COUNTIFS('KEG. PENGAJIAN HARIAN'!$F$2:$F979,B41,'KEG. PENGAJIAN HARIAN'!$B$2:$B979,">="&$E$2,'KEG. PENGAJIAN HARIAN'!$B$2:$B979,"<="&$G$2,'KEG. PENGAJIAN HARIAN'!$G$2:$G979,"hadir") -> 1 | I41: =COUNTIFS('KEG. PENGAJIAN HARIAN'!$F$2:$F979,B41,'KEG. PENGAJIAN HARIAN'!$B$2:$B979,">="&$E$2,'KEG. PENGAJIAN HARIAN'!$B$2:$B979,"<="&$G$2,'KEG. PENGAJIAN HARIAN'!$G$2:$G979,"By VN") -> 0 | J41: =COUNTIFS('KEG. PENGAJIAN HARIAN'!$F$2:$F979,B41,'KEG. PENGAJIAN HARIAN'!$B$2:$B979,">="&$E$2,'KEG. PENGAJIAN HARIAN'!$B$2:$B979,"<="&$G$2,'KEG. PENGAJIAN HARIAN'!$G$2:$G979,"izin (murid)") -> 0
A42: 21 | B42: Tami-BFL | C42: Chicago | D42: PraRMJ-RMJ | E42: =sumifs('KEG. PENGAJIAN HARIAN'!$D$2:$D979,'KEG. PENGAJIAN HARIAN'!$B$2:$B979,">="&$E$2,'KEG. PENGAJIAN HARIAN'!$B$2:$B979,"<="&$G$2,'KEG. PENGAJIAN HARIAN'!$F$2:$F979,B42) -> 0.5 | F42: 0.5 | G42: =IFERROR(E42/F42,0) -> 1 | H42: =COUNTIFS('KEG. PENGAJIAN HARIAN'!$F$2:$F979,B42,'KEG. PENGAJIAN HARIAN'!$B$2:$B979,">="&$E$2,'KEG. PENGAJIAN HARIAN'!$B$2:$B979,"<="&$G$2,'KEG. PENGAJIAN HARIAN'!$G$2:$G979,"hadir") -> 9 | I42: =COUNTIFS('KEG. PENGAJIAN HARIAN'!$F$2:$F979,B42,'KEG. PENGAJIAN HARIAN'!$B$2:$B979,">="&$E$2,'KEG. PENGAJIAN HARIAN'!$B$2:$B979,"<="&$G$2,'KEG. PENGAJIAN HARIAN'!$G$2:$G979,"By VN") -> 0 | J42: =COUNTIFS('KEG. PENGAJIAN HARIAN'!$F$2:$F979,B42,'KEG. PENGAJIAN HARIAN'!$B$2:$B979,">="&$E$2,'KEG. PENGAJIAN HARIAN'!$B$2:$B979,"<="&$G$2,'KEG. PENGAJIAN HARIAN'!$G$2:$G979,"izin (murid)") -> 0
E43: =SUM(E22:E42) -> 5.2534722 | F43: =SUM(F22:F42) -> 10.5
B44: % per bulan | E44: =E43/F43 -> 0.50033069
A45: Kehadiran menurun 4% dari bulan lalu | G45: Chicago | H45: =SUMIF(C22:C42,"Chicago",E22:E42) -> 3.1131944 | I45: =H45/M26 -> 0.62263889
A46: PraCBR-CBR | D46: =SUMIF(D22:D42,"PraCBR-CBR",E22:E42) -> 2.8569444 | E46: =D46/F43 -> 0.27208995 | G46: California | H46: =SUMIF(C22:C42,"California",E22:E42) -> 0.57638889 | I46: =H46/M27 -> 0.28819444
A47: PraRMJ-RMJ | D47: =SUMIF(D22:D42,"PraRMJ-RMJ",E22:E42) -> 1.6548611 | E47: =D47/F43 -> 0.15760582 | G47: New Hampshire | H47: =SUMIF(C22:C42,"New Hampshire",E22:E42) -> 1.1777778 | I47: =H47/M28 -> 0.47111111
A48: PraNikah | D48: =SUMIF(D22:D42,"PraNikah",E22:E42) -> 0.74166667 | E48: =D48/F43 -> 0.070634921 | G48: Canada | H48: =SUMIF(C22:C42,"Canada",E22:E42) -> 0.38611111 | I48: =H48/M29 -> 0.38611111
A50: Jumlah anak diatas rata-rata kehadirannya : | F50: =COUNTIF(H21:H43, ">="&AVERAGE(H22:H42)) -> 11
A51: PraCBR-CBR | D51: =COUNTIFS(D22:D42,"PraCBR-CBR",G22:G42,">="&AVERAGE(G22:G42)) -> 7
A52: PraRMJ-RMJ | D52: =COUNTIFS(D22:D42,"PraRMJ-RMJ",G22:G42,">="&AVERAGE(G22:G42)) -> 2
A53: PraNikah | D53: =COUNTIFS(D22:D42,"PraNikah",G22:G42,">="&AVERAGE(G22:G42)) -> 2

Sheet Maret
A1: REKAPITULASI KEHADIRAN GURU MENGAJAR - PENGAJIAN PPG US
B2: Mulai : | E2: 45352 | F2: Hingga : | G2: 45382
A4: NO. | B4: NAMA GURU | E4: DURASI MENGAJI | F4: TARGET DURASI | G4: % DURASI | H4: JUMLAH PERTEMUAN
A5: 1 | B5: Artha-JG | E5: =sumifs('KEG. PENGAJIAN HARIAN'!$D$2:$D979,'KEG. PENGAJIAN HARIAN'!$B$2:$B979,">="&$E$2,'KEG. PENGAJIAN HARIAN'!$B$2:$B979,"<="&$G$2,'KEG. PENGAJIAN HARIAN'!$E$2:$E979,B5) -> 0.55138889 | F5: - | G5: =IFERROR(E5/F5,0) -> 0 | H5: =COUNTIFS('KEG. PENGAJIAN HARIAN'!$E$2:$E979,B5,'KEG. PENGAJIAN HARIAN'!$B$2:$B979,">="&$E$2,'KEG. PENGAJIAN HARIAN'!$B$2:$B979,"<="&$G$2,'KEG. PENGAJIAN HARIAN'!$G$2:$G979,"Hadir") -> 21
A6: 2 | B6: Ayu-CKP | E6: =sumifs('KEG. PENGAJIAN HARIAN'!$D$2:$D979,'KEG. PENGAJIAN HARIAN'!$B$2:$B979,">="&$E$2,'KEG. PENGAJIAN HARIAN'!$B$2:$B979,"<="&$G$2,'KEG. PENGAJIAN HARIAN'!$E$2:$E979,B6) -> 0.067361111 | F6: - | G6: =IFERROR(E6/F6,0) -> 0 | H6: =COUNTIFS('KEG. PENGAJIAN HARIAN'!$E$2:$E979,B6,'KEG. PENGAJIAN HARIAN'!$B$2:$B979,">="&$E$2,'KEG. PENGAJIAN HARIAN'!$B$2:$B979,"<="&$G$2,'KEG. PENGAJIAN HARIAN'!$G$2:$G979,"Hadir") -> 2
A7: 3 | B7: Azki-MDN | E7: =sumifs('KEG. PENGAJIAN HARIAN'!$D$2:$D979,'KEG. PENGAJIAN HARIAN'!$B$2:$B979,">="&$E$2,'KEG. PENGAJIAN HARIAN'!$B$2:$B979,"<="&$G$2,'KEG. PENGAJIAN HARIAN'!$E$2:$E979,B7) -> 0.50416667 | F7: - | G7: =IFERROR(E7/F7,0) -> 0 | H7: =COUNTIFS('KEG. PENGAJIAN HARIAN'!$E$2:$E979,B7,'KEG. PENGAJIAN HARIAN'!$B$2:$B979,">="&$E$2,'KEG. PENGAJIAN HARIAN'!$B$2:$B979,"<="&$G$2,'KEG. PENGAJIAN HARIAN'!$G$2:$G979,"Hadir") -> 8
A8: 4 | B8: Dilla-MLL | E8: =sumifs('KEG. PENGAJIAN HARIAN'!$D$2:$D979,'KEG. PENGAJIAN HARIAN'!$B$2:$B979,">="&$E$2,'KEG. PENGAJIAN HARIAN'!$B$2:$B979,"<="&$G$2,'KEG. PENGAJIAN HARIAN'!$E$2:$E979,B8) -> 0.92708333 | F8: - | G8: =IFERROR(E8/F8,0) -> 0 | H8: =COUNTIFS('KEG. PENGAJIAN HARIAN'!$E$2:$E979,B8,'KEG. PENGAJIAN HARIAN'!$B$2:$B979,">="&$E$2,'KEG. PENGAJIAN HARIAN'!$B$2:$B979,"<="&$G$2,'KEG. PENGAJIAN HARIAN'!$G$2:$G979,"Hadir") -> 23
A9: 5 | B9: Erma-BKS | E9: =sumifs('KEG. PENGAJIAN HARIAN'!$D$2:$D979,'KEG. PENGAJIAN HARIAN'!$B$2:$B979,">="&$E$2,'KEG. PENGAJIAN HARIAN'!$B$2:$B979,"<="&$G$2,'KEG. PENGAJIAN HARIAN'!$E$2:$E979,B9) -> 0 | F9: - | G9: =IFERROR(E9/F9,0) -> 0 | H9: =COUNTIFS('KEG. PENGAJIAN HARIAN'!$E$2:$E979,B9,'KEG. PENGAJIAN HARIAN'!$B$2:$B979,">="&$E$2,'KEG. PENGAJIAN HARIAN'!$B$2:$B979,"<="&$G$2,'KEG. PENGAJIAN HARIAN'!$G$2:$G979,"Hadir") -> 0
A10: 6 | B10: Fadly-SMG | E10: =sumifs('KEG. PENGAJIAN HARIAN'!$D$2:$D979,'KEG. PENGAJIAN HARIAN'!$B$2:$B979,">="&$E$2,'KEG. PENGAJIAN HARIAN'!$B$2:$B979,"<="&$G$2,'KEG. PENGAJIAN HARIAN'!$E$2:$E979,B10) -> 0.0625 | F10: - | G10: =IFERROR(E10/F10,0) -> 0 | H10: =COUNTIFS('KEG. PENGAJIAN HARIAN'!$E$2:$E979,B10,'KEG. PENGAJIAN HARIAN'!$B$2:$B979,">="&$E$2,'KEG. PENGAJIAN HARIAN'!$B$2:$B979,"<="&$G$2,'KEG. PENGAJIAN HARIAN'!$G$2:$G979,"Hadir") -> 2
A11: 7 | B11: Fauzan-SL3 | E11: =sumifs('KEG. PENGAJIAN HARIAN'!$D$2:$D979,'KEG. PENGAJIAN HARIAN'!$B$2:$B979,">="&$E$2,'KEG. PENGAJIAN HARIAN'!$B$2:$B979,"<="&$G$2,'KEG. PENGAJIAN HARIAN'!$E$2:$E979,B11) -> 0 | F11: - | G11: =IFERROR(E11/F11,0) -> 0 | H11: =COUNTIFS('KEG. PENGAJIAN HARIAN'!$E$2:$E979,B11,'KEG. PENGAJIAN HARIAN'!$B$2:$B979,">="&$E$2,'KEG. PENGAJIAN HARIAN'!$B$2:$B979,"<="&$G$2,'KEG. PENGAJIAN HARIAN'!$G$2:$G979,"Hadir") -> 0
A12: 8 | B12: Ilham-Solo | E12: =sumifs('KEG. PENGAJIAN HARIAN'!$D$2:$D979,'KEG. PENGAJIAN HARIAN'!$B$2:$B979,">="&$E$2,'KEG. PENGAJIAN HARIAN'!$B$2:$B979,"<="&$G$2,'KEG. PENGAJIAN HARIAN'!$E$2:$E979,B12) -> 0.29236111 | F12: - | G12: =IFERROR(E12/F12,0) -> 0 | H12: =COUNTIFS('KEG. PENGAJIAN HARIAN'!$E$2:$E979,B12,'KEG. PENGAJIAN HARIAN'!$B$2:$B979,">="&$E$2,'KEG. PENGAJIAN HARIAN'!$B$2:$B979,"<="&$G$2,'KEG. PENGAJIAN HARIAN'!$G$2:$G979,"Hadir") -> 6
A13: 9 | B13: Mora-MLL | E13: =sumifs('KEG. PENGAJIAN HARIAN'!$D$2:$D979,'KEG. PENGAJIAN HARIAN'!$B$2:$B979,">="&$E$2,'KEG. PENGAJIAN HARIAN'!$B$2:$B979,"<="&$G$2,'KEG. PENGAJIAN HARIAN'!$E$2:$E979,B13) -> 1.0027778 | F13: - | G13: =IFERROR(E13/F13,0) -> 0 | H13: =COUNTIFS('KEG. PENGAJIAN HARIAN'!$E$2:$E979,B13,'KEG. PENGAJIAN HARIAN'!$B$2:$B979,">="&$E$2,'KEG. PENGAJIAN HARIAN'!$B$2:$B979,"<="&$G$2,'KEG. PENGAJIAN HARIAN'!$G$2:$G979,"Hadir") -> 33
A14: 10 | B14: Naely-BGR | E14: =sumifs('KEG. PENGAJIAN HARIAN'!$D$2:$D979,'KEG. PENGAJIAN HARIAN'!$B$2:$B979,">="&$E$2,'KEG. PENGAJIAN HARIAN'!$B$2:$B979,"<="&$G$2,'KEG. PENGAJIAN HARIAN'!$E$2:$E979,B14) -> 0.23611111 | F14: - | G14: =IFERROR(E14/F14,0) -> 0 | H14: =COUNTIFS('KEG. PENGAJIAN HARIAN'!$E$2:$E979,B14,'KEG. PENGAJIAN HARIAN'!$B$2:$B979,">="&$E$2,'KEG. PENGAJIAN HARIAN'!$B$2:$B979,"<="&$G$2,'KEG. PENGAJIAN HARIAN'!$G$2:$G979,"Hadir") -> 8
A15: 11 | B15: Rika-KDR | E15: =sumifs('KEG. PENGAJIAN HARIAN'!$D$2:$D979,'KEG. PENGAJIAN HARIAN'!$B$2:$B979,">="&$E$2,'KEG. PENGAJIAN HARIAN'!$B$2:$B979,"<="&$G$2,'KEG. PENGAJIAN HARIAN'!$E$2:$E979,B15) -> 0 | F15: - | G15: =IFERROR(E15/F15,0) -> 0 | H15: =COUNTIFS('KEG. PENGAJIAN HARIAN'!$E$2:$E979,B15,'KEG. PENGAJIAN HARIAN'!$B$2:$B979,">="&$E$2,'KEG. PENGAJIAN HARIAN'!$B$2:$B979,"<="&$G$2,'KEG. PENGAJIAN HARIAN'!$G$2:$G979,"Hadir") -> 0
A18: REKAPITULASI KEHADIRAN MURID PENGAJIAN PPG AMERICA
A19: 45352
A21: NO. | B21: NAMA MURID | C21: KELOMPOK | D21: KELAS USIA | E21: DURASI MENGAJI | F21: TARGET DURASI | G21: % DURASI | H21: HADIR | I21: BY VN | J21: IZIN (MURID)
A22: 1 | B22: Abi-BFL | C22: Chicago | D22: PraNiKah | E22: =sumifs('KEG. PENGAJIAN HARIAN'!$D$2:$D979,'KEG. PENGAJIAN HARIAN'!$B$2:$B979,">="&$E$2,'KEG. PENGAJIAN HARIAN'!$B$2:$B979,"<="&$G$2,'KEG. PENGAJIAN HARIAN'!$F$2:$F979,B22) -> 0.30902778 | F22: 0.5 | G22: =IFERROR(E22/F22,0) -> 0.61805556 | H22: =COUNTIFS('KEG. PENGAJIAN HARIAN'!$F$2:$F979,B22,'KEG. PENGAJIAN HARIAN'!$B$2:$B979,">="&$E$2,'KEG. PENGAJIAN HARIAN'!$B$2:$B979,"<="&$G$2,'KEG. PENGAJIAN HARIAN'!$G$2:$G979,"hadir") -> 9 | I22: =COUNTIFS('KEG. PENGAJIAN HARIAN'!$F$2:$F979,B22,'KEG. PENGAJIAN HARIAN'!$B$2:$B979,">="&$E$2,'KEG. PENGAJIAN HARIAN'!$B$2:$B979,"<="&$G$2,'KEG. PENGAJIAN HARIAN'!$G$2:$G979,"By VN") -> 0 | J22: =COUNTIFS('KEG. PENGAJIAN HARIAN'!$F$2:$F979,B22,'KEG. PENGAJIAN HARIAN'!$B$2:$B979,">="&$E$2,'KEG. PENGAJIAN HARIAN'!$B$2:$B979,"<="&$G$2,'KEG. PENGAJIAN HARIAN'!$G$2:$G979,"izin (murid)") -> 0
A23: 2 | B23: AJ-CA | C23: California | D23: PraNiKah | E23: =sumifs('KEG. PENGAJIAN HARIAN'!$D$2:$D979,'KEG. PENGAJIAN HARIAN'!$B$2:$B979,">="&$E$2,'KEG. PENGAJIAN HARIAN'!$B$2:$B979,"<="&$G$2,'KEG. PENGAJIAN HARIAN'!$F$2:$F979,B23) -> 0 | F23: 0.5 | G23: =IFERROR(E23/F23,0) -> 0 | H23: =COUNTIFS('KEG. PENGAJIAN HARIAN'!$F$2:$F979,B23,'KEG. PENGAJIAN HARIAN'!$B$2:$B979,">="&$E$2,'KEG. PENGAJIAN HARIAN'!$B$2:$B979,"<="&$G$2,'KEG. PENGAJIAN HARIAN'!$G$2:$G979,"hadir") -> 0 | I23: =COUNTIFS('KEG. PENGAJIAN HARIAN'!$F$2:$F979,B23,'KEG. PENGAJIAN HARIAN'!$B$2:$B979,">="&$E$2,'KEG. PENGAJIAN HARIAN'!$B$2:$B979,"<="&$G$2,'KEG. PENGAJIAN HARIAN'!$G$2:$G979,"By VN") -> 0 | J23: =COUNTIFS('KEG. PENGAJIAN HARIAN'!$F$2:$F979,B23,'KEG. PENGAJIAN HARIAN'!$B$2:$B979,">="&$E$2,'KEG. PENGAJIAN HARIAN'!$B$2:$B979,"<="&$G$2,'KEG. PENGAJIAN HARIAN'!$G$2:$G979,"izin (murid)") -> 0
A24: 3 | B24: Chester-PD | C24: New Hampshire | D24: PraCBR-CBR | E24: =sumifs('KEG. PENGAJIAN HARIAN'!$D$2:$D979,'KEG. PENGAJIAN HARIAN'!$B$2:$B979,">="&$E$2,'KEG. PENGAJIAN HARIAN'!$B$2:$B979,"<="&$G$2,'KEG. PENGAJIAN HARIAN'!$F$2:$F979,B24) -> 0.30347222 | F24: 0.5 | G24: =IFERROR(E24/F24,0) -> 0.60694444 | H24: =COUNTIFS('KEG. PENGAJIAN HARIAN'!$F$2:$F979,B24,'KEG. PENGAJIAN HARIAN'!$B$2:$B979,">="&$E$2,'KEG. PENGAJIAN HARIAN'!$B$2:$B979,"<="&$G$2,'KEG. PENGAJIAN HARIAN'!$G$2:$G979,"hadir") -> 6 | I24: =COUNTIFS('KEG. PENGAJIAN HARIAN'!$F$2:$F979,B24,'KEG. PENGAJIAN HARIAN'!$B$2:$B979,">="&$E$2,'KEG. PENGAJIAN HARIAN'!$B$2:$B979,"<="&$G$2,'KEG. PENGAJIAN HARIAN'!$G$2:$G979,"By VN") -> 0 | J24: =COUNTIFS('KEG. PENGAJIAN HARIAN'!$F$2:$F979,B24,'KEG. PENGAJIAN HARIAN'!$B$2:$B979,">="&$E$2,'KEG. PENGAJIAN HARIAN'!$B$2:$B979,"<="&$G$2,'KEG. PENGAJIAN HARIAN'!$G$2:$G979,"izin (murid)") -> 1
A25: 4 | B25: Dawud-RLG | C25: New Hampshire | D25: PraCBR-CBR | E25: =sumifs('KEG. PENGAJIAN HARIAN'!$D$2:$D979,'KEG. PENGAJIAN HARIAN'!$B$2:$B979,">="&$E$2,'KEG. PENGAJIAN HARIAN'!$B$2:$B979,"<="&$G$2,'KEG. PENGAJIAN HARIAN'!$F$2:$F979,B25) -> 0.25347222 | F25: 0.5 | G25: =IFERROR(E25/F25,0) -> 0.50694444 | H25: =COUNTIFS('KEG. PENGAJIAN HARIAN'!$F$2:$F979,B25,'KEG. PENGAJIAN HARIAN'!$B$2:$B979,">="&$E$2,'KEG. PENGAJIAN HARIAN'!$B$2:$B979,"<="&$G$2,'KEG. PENGAJIAN HARIAN'!$G$2:$G979,"hadir") -> 9 | I25: =COUNTIFS('KEG. PENGAJIAN HARIAN'!$F$2:$F979,B25,'KEG. PENGAJIAN HARIAN'!$B$2:$B979,">="&$E$2,'KEG. PENGAJIAN HARIAN'!$B$2:$B979,"<="&$G$2,'KEG. PENGAJIAN HARIAN'!$G$2:$G979,"By VN") -> 0 | J25: =COUNTIFS('KEG. PENGAJIAN HARIAN'!$F$2:$F979,B25,'KEG. PENGAJIAN HARIAN'!$B$2:$B979,">="&$E$2,'KEG. PENGAJIAN HARIAN'!$B$2:$B979,"<="&$G$2,'KEG. PENGAJIAN HARIAN'!$G$2:$G979,"izin (murid)") -> 0
A26: 5 | B26: Dehan-CND | C26: Canada | D26: PraRMJ-RMJ | E26: =sumifs('KEG. PENGAJIAN HARIAN'!$D$2:$D979,'KEG. PENGAJIAN HARIAN'!$B$2:$B979,">="&$E$2,'KEG. PENGAJIAN HARIAN'!$B$2:$B979,"<="&$G$2,'KEG. PENGAJIAN HARIAN'!$F$2:$F979,B26) -> 0.17569444 | F26: 0.5 | G26: =IFERROR(E26/F26,0) -> 0.35138889 | H26: =COUNTIFS('KEG. PENGAJIAN HARIAN'!$F$2:$F979,B26,'KEG. PENGAJIAN HARIAN'!$B$2:$B979,">="&$E$2,'KEG. PENGAJIAN HARIAN'!$B$2:$B979,"<="&$G$2,'KEG. PENGAJIAN HARIAN'!$G$2:$G979,"hadir") -> 6 | I26: =COUNTIFS('KEG. PENGAJIAN HARIAN'!$F$2:$F979,B26,'KEG. PENGAJIAN HARIAN'!$B$2:$B979,">="&$E$2,'KEG. PENGAJIAN HARIAN'!$B$2:$B979,"<="&$G$2,'KEG. PENGAJIAN HARIAN'!$G$2:$G979,"By VN") -> 0 | J26: =COUNTIFS('KEG. PENGAJIAN HARIAN'!$F$2:$F979,B26,'KEG. PENGAJIAN HARIAN'!$B$2:$B979,">="&$E$2,'KEG. PENGAJIAN HARIAN'!$B$2:$B979,"<="&$G$2,'KEG. PENGAJIAN HARIAN'!$G$2:$G979,"izin (murid)") -> 0
A27: 6 | B27: Denissa-RLG | C27: New Hampshire | D27: PraRMJ-RMJ | E27: =sumifs('KEG. PENGAJIAN HARIAN'!$D$2:$D979,'KEG. PENGAJIAN HARIAN'!$B$2:$B979,">="&$E$2,'KEG. PENGAJIAN HARIAN'!$B$2:$B979,"<="&$G$2,'KEG. PENGAJIAN HARIAN'!$F$2:$F979,B27) -> 0.11597222 | F27: 0.5 | G27: =IFERROR(E27/F27,0) -> 0.23194444 | H27: =COUNTIFS('KEG. PENGAJIAN HARIAN'!$F$2:$F979,B27,'KEG. PENGAJIAN HARIAN'!$B$2:$B979,">="&$E$2,'KEG. PENGAJIAN HARIAN'!$B$2:$B979,"<="&$G$2,'KEG. PENGAJIAN HARIAN'!$G$2:$G979,"hadir") -> 3 | I27: =COUNTIFS('KEG. PENGAJIAN HARIAN'!$F$2:$F979,B27,'KEG. PENGAJIAN HARIAN'!$B$2:$B979,">="&$E$2,'KEG. PENGAJIAN HARIAN'!$B$2:$B979,"<="&$G$2,'KEG. PENGAJIAN HARIAN'!$G$2:$G979,"By VN") -> 2 | J27: =COUNTIFS('KEG. PENGAJIAN HARIAN'!$F$2:$F979,B27,'KEG. PENGAJIAN HARIAN'!$B$2:$B979,">="&$E$2,'KEG. PENGAJIAN HARIAN'!$B$2:$B979,"<="&$G$2,'KEG. PENGAJIAN HARIAN'!$G$2:$G979,"izin (murid)") -> 0
A28: 7 | B28: Dinda-RLG | C28: New Hampshire | D28: PraCBR-CBR | E28: =sumifs('KEG. PENGAJIAN HARIAN'!$D$2:$D979,'KEG. PENGAJIAN HARIAN'!$B$2:$B979,">="&$E$2,'KEG. PENGAJIAN HARIAN'!$B$2:$B979,"<="&$G$2,'KEG. PENGAJIAN HARIAN'!$F$2:$F979,B28) -> 0.075694444 | F28: 0.5 | G28: =IFERROR(E28/F28,0) -> 0.15138889 | H28: =COUNTIFS('KEG. PENGAJIAN HARIAN'!$F$2:$F979,B28,'KEG. PENGAJIAN HARIAN'!$B$2:$B979,">="&$E$2,'KEG. PENGAJIAN HARIAN'!$B$2:$B979,"<="&$G$2,'KEG. PENGAJIAN HARIAN'!$G$2:$G979,"hadir") -> 3 | I28: =COUNTIFS('KEG. PENGAJIAN HARIAN'!$F$2:$F979,B28,'KEG. PENGAJIAN HARIAN'!$B$2:$B979,">="&$E$2,'KEG. PENGAJIAN HARIAN'!$B$2:$B979,"<="&$G$2,'KEG. PENGAJIAN HARIAN'!$G$2:$G979,"By VN") -> 0 | J28: =COUNTIFS('KEG. PENGAJIAN HARIAN'!$F$2:$F979,B28,'KEG. PENGAJIAN HARIAN'!$B$2:$B979,">="&$E$2,'KEG. PENGAJIAN HARIAN'!$B$2:$B979,"<="&$G$2,'KEG. PENGAJIAN HARIAN'!$G$2:$G979,"izin (murid)") -> 0
A29: 8 | B29: Dwiki-RLG | C29: New Hampshire | D29: PraRMJ-RMJ | E29: =sumifs('KEG. PENGAJIAN HARIAN'!$D$2:$D979,'KEG. PENGAJIAN HARIAN'!$B$2:$B979,">="&$E$2,'KEG. PENGAJIAN HARIAN'!$B$2:$B979,"<="&$G$2,'KEG. PENGAJIAN HARIAN'!$F$2:$F979,B29) -> 0.058333333 | F29: 0.5 | G29: =IFERROR(E29/F29,0) -> 0.11666667 | H29: =COUNTIFS('KEG. PENGAJIAN HARIAN'!$F$2:$F979,B29,'KEG. PENGAJIAN HARIAN'!$B$2:$B979,">="&$E$2,'KEG. PENGAJIAN HARIAN'!$B$2:$B979,"<="&$G$2,'KEG. PENGAJIAN HARIAN'!$G$2:$G979,"hadir") -> 2 | I29: =COUNTIFS('KEG. PENGAJIAN HARIAN'!$F$2:$F979,B29,'KEG. PENGAJIAN HARIAN'!$B$2:$B979,">="&$E$2,'KEG. PENGAJIAN HARIAN'!$B$2:$B979,"<="&$G$2,'KEG. PENGAJIAN HARIAN'!$G$2:$G979,"By VN") -> 0 | J29: izin during ramadhan
A30: 9 | B30: Dylan-CA | C30: California | D30: PraRMJ-RMJ | E30: =sumifs('KEG. PENGAJIAN HARIAN'!$D$2:$D979,'KEG. PENGAJIAN HARIAN'!$B$2:$B979,">="&$E$2,'KEG. PENGAJIAN HARIAN'!$B$2:$B979,"<="&$G$2,'KEG. PENGAJIAN HARIAN'!$F$2:$F979,B30) -> 0.13541667 | F30: 0.5 | G30: =IFERROR(E30/F30,0) -> 0.27083333 | H30: =COUNTIFS('KEG. PENGAJIAN HARIAN'!$F$2:$F979,B30,'KEG. PENGAJIAN HARIAN'!$B$2:$B979,">="&$E$2,'KEG. PENGAJIAN HARIAN'!$B$2:$B979,"<="&$G$2,'KEG. PENGAJIAN HARIAN'!$G$2:$G979,"hadir") -> 5 | I30: =COUNTIFS('KEG. PENGAJIAN HARIAN'!$F$2:$F979,B30,'KEG. PENGAJIAN HARIAN'!$B$2:$B979,">="&$E$2,'KEG. PENGAJIAN HARIAN'!$B$2:$B979,"<="&$G$2,'KEG. PENGAJIAN HARIAN'!$G$2:$G979,"By VN") -> 0 | J30: =COUNTIFS('KEG. PENGAJIAN HARIAN'!$F$2:$F979,B30,'KEG. PENGAJIAN HARIAN'!$B$2:$B979,">="&$E$2,'KEG. PENGAJIAN HARIAN'!$B$2:$B979,"<="&$G$2,'KEG. PENGAJIAN HARIAN'!$G$2:$G979,"izin (murid)") -> 0
A31: 10 | B31: Fitri-CND | C31: Canada | D31: PraRMJ-RMJ | E31: =sumifs('KEG. PENGAJIAN HARIAN'!$D$2:$D979,'KEG. PENGAJIAN HARIAN'!$B$2:$B979,">="&$E$2,'KEG. PENGAJIAN HARIAN'!$B$2:$B979,"<="&$G$2,'KEG. PENGAJIAN HARIAN'!$F$2:$F979,B31) -> 0.33263889 | F31: 0.5 | G31: =IFERROR(E31/F31,0) -> 0.66527778 | H31: =COUNTIFS('KEG. PENGAJIAN HARIAN'!$F$2:$F979,B31,'KEG. PENGAJIAN HARIAN'!$B$2:$B979,">="&$E$2,'KEG. PENGAJIAN HARIAN'!$B$2:$B979,"<="&$G$2,'KEG. PENGAJIAN HARIAN'!$G$2:$G979,"hadir") -> 6 | I31: =COUNTIFS('KEG. PENGAJIAN HARIAN'!$F$2:$F979,B31,'KEG. PENGAJIAN HARIAN'!$B$2:$B979,">="&$E$2,'KEG. PENGAJIAN HARIAN'!$B$2:$B979,"<="&$G$2,'KEG. PENGAJIAN HARIAN'!$G$2:$G979,"By VN") -> 0 | J31: =COUNTIFS('KEG. PENGAJIAN HARIAN'!$F$2:$F979,B31,'KEG. PENGAJIAN HARIAN'!$B$2:$B979,">="&$E$2,'KEG. PENGAJIAN HARIAN'!$B$2:$B979,"<="&$G$2,'KEG. PENGAJIAN HARIAN'!$G$2:$G979,"izin (murid)") -> 0
A32: 11 | B32: Gabriel-CH | C32: Chicago | D32: PraCBR-CBR | E32: =sumifs('KEG. PENGAJIAN HARIAN'!$D$2:$D979,'KEG. PENGAJIAN HARIAN'!$B$2:$B979,">="&$E$2,'KEG. PENGAJIAN HARIAN'!$B$2:$B979,"<="&$G$2,'KEG. PENGAJIAN HARIAN'!$F$2:$F979,B32) -> 0.0625 | F32: 0.5 | G32: =IFERROR(E32/F32,0) -> 0.125 | H32: =COUNTIFS('KEG. PENGAJIAN HARIAN'!$F$2:$F979,B32,'KEG. PENGAJIAN HARIAN'!$B$2:$B979,">="&$E$2,'KEG. PENGAJIAN HARIAN'!$B$2:$B979,"<="&$G$2,'KEG. PENGAJIAN HARIAN'!$G$2:$G979,"hadir") -> 2 | I32: =COUNTIFS('KEG. PENGAJIAN HARIAN'!$F$2:$F979,B32,'KEG. PENGAJIAN HARIAN'!$B$2:$B979,">="&$E$2,'KEG. PENGAJIAN HARIAN'!$B$2:$B979,"<="&$G$2,'KEG. PENGAJIAN HARIAN'!$G$2:$G979,"By VN") -> 0 | J32: izin during ramadhan
A33: 12 | B33: Grazia-IN | C33: Chicago | D33: PraCBR-CBR | E33: =sumifs('KEG. PENGAJIAN HARIAN'!$D$2:$D979,'KEG. PENGAJIAN HARIAN'!$B$2:$B979,">="&$E$2,'KEG. PENGAJIAN HARIAN'!$B$2:$B979,"<="&$G$2,'KEG. PENGAJIAN HARIAN'!$F$2:$F979,B33) -> 0.57152778 | F33: 0.5 | G33: =IFERROR(E33/F33,0) -> 1.1430556 | H33: =COUNTIFS('KEG. PENGAJIAN HARIAN'!$F$2:$F979,B33,'KEG. PENGAJIAN HARIAN'!$B$2:$B979,">="&$E$2,'KEG. PENGAJIAN HARIAN'!$B$2:$B979,"<="&$G$2,'KEG. PENGAJIAN HARIAN'!$G$2:$G979,"hadir") -> 14 | I33: =COUNTIFS('KEG. PENGAJIAN HARIAN'!$F$2:$F979,B33,'KEG. PENGAJIAN HARIAN'!$B$2:$B979,">="&$E$2,'KEG. PENGAJIAN HARIAN'!$B$2:$B979,"<="&$G$2,'KEG. PENGAJIAN HARIAN'!$G$2:$G979,"By VN") -> 1 | J33: =COUNTIFS('KEG. PENGAJIAN HARIAN'!$F$2:$F979,B33,'KEG. PENGAJIAN HARIAN'!$B$2:$B979,">="&$E$2,'KEG. PENGAJIAN HARIAN'!$B$2:$B979,"<="&$G$2,'KEG. PENGAJIAN HARIAN'!$G$2:$G979,"izin (murid)") -> 1
A34: 13 | B34: Irsan-CH | C34: Chicago | D34: PraRMJ-RMJ | E34: =sumifs('KEG. PENGAJIAN HARIAN'!$D$2:$D979,'KEG. PENGAJIAN HARIAN'!$B$2:$B979,">="&$E$2,'KEG. PENGAJIAN HARIAN'!$B$2:$B979,"<="&$G$2,'KEG. PENGAJIAN HARIAN'!$F$2:$F979,B34) -> 0 | F34: 0.5 | G34: =IFERROR(E34/F34,0) -> 0 | H34: =COUNTIFS('KEG. PENGAJIAN HARIAN'!$F$2:$F979,B34,'KEG. PENGAJIAN HARIAN'!$B$2:$B979,">="&$E$2,'KEG. PENGAJIAN HARIAN'!$B$2:$B979,"<="&$G$2,'KEG. PENGAJIAN HARIAN'!$G$2:$G979,"hadir") -> 0 | I34: =COUNTIFS('KEG. PENGAJIAN HARIAN'!$F$2:$F979,B34,'KEG. PENGAJIAN HARIAN'!$B$2:$B979,">="&$E$2,'KEG. PENGAJIAN HARIAN'!$B$2:$B979,"<="&$G$2,'KEG. PENGAJIAN HARIAN'!$G$2:$G979,"By VN") -> 0 | J34: izin during ramadhan | K34: PraCBR-CBR | L34: =countif(D22:D44,"PraCBR-CBR") -> 12
A35: 14 | B35: Jourdan-CA | C35: California | D35: PraNiKah | E35: =sumifs('KEG. PENGAJIAN HARIAN'!$D$2:$D979,'KEG. PENGAJIAN HARIAN'!$B$2:$B979,">="&$E$2,'KEG. PENGAJIAN HARIAN'!$B$2:$B979,"<="&$G$2,'KEG. PENGAJIAN HARIAN'!$F$2:$F979,B35) -> 0.038888889 | F35: 0.5 | G35: =IFERROR(E35/F35,0) -> 0.077777778 | H35: =COUNTIFS('KEG. PENGAJIAN HARIAN'!$F$2:$F979,B35,'KEG. PENGAJIAN HARIAN'!$B$2:$B979,">="&$E$2,'KEG. PENGAJIAN HARIAN'!$B$2:$B979,"<="&$G$2,'KEG. PENGAJIAN HARIAN'!$G$2:$G979,"hadir") -> 1 | I35: =COUNTIFS('KEG. PENGAJIAN HARIAN'!$F$2:$F979,B35,'KEG. PENGAJIAN HARIAN'!$B$2:$B979,">="&$E$2,'KEG. PENGAJIAN HARIAN'!$B$2:$B979,"<="&$G$2,'KEG. PENGAJIAN HARIAN'!$G$2:$G979,"By VN") -> 0 | J35: =COUNTIFS('KEG. PENGAJIAN HARIAN'!$F$2:$F979,B35,'KEG. PENGAJIAN HARIAN'!$B$2:$B979,">="&$E$2,'KEG. PENGAJIAN HARIAN'!$B$2:$B979,"<="&$G$2,'KEG. PENGAJIAN HARIAN'!$G$2:$G979,"izin (murid)") -> 0 | K35: PraRMJ-RMJ | L35: =countif(D22:D44,"PraRMJ-RMJ") -> 7
A36: 15 | B36: Jubilee-CH | C36: Chicago | D36: PraCBR-CBR | E36: =sumifs('KEG. PENGAJIAN HARIAN'!$D$2:$D979,'KEG. PENGAJIAN HARIAN'!$B$2:$B979,">="&$E$2,'KEG. PENGAJIAN HARIAN'!$B$2:$B979,"<="&$G$2,'KEG. PENGAJIAN HARIAN'!$F$2:$F979,B36) -> 0.35972222 | F36: 0.5 | G36: =IFERROR(E36/F36,0) -> 0.71944444 | H36: =COUNTIFS('KEG. PENGAJIAN HARIAN'!$F$2:$F979,B36,'KEG. PENGAJIAN HARIAN'!$B$2:$B979,">="&$E$2,'KEG. PENGAJIAN HARIAN'!$B$2:$B979,"<="&$G$2,'KEG. PENGAJIAN HARIAN'!$G$2:$G979,"hadir") -> 15 | I36: =COUNTIFS('KEG. PENGAJIAN HARIAN'!$F$2:$F979,B36,'KEG. PENGAJIAN HARIAN'!$B$2:$B979,">="&$E$2,'KEG. PENGAJIAN HARIAN'!$B$2:$B979,"<="&$G$2,'KEG. PENGAJIAN HARIAN'!$G$2:$G979,"By VN") -> 0 | J36: =COUNTIFS('KEG. PENGAJIAN HARIAN'!$F$2:$F979,B36,'KEG. PENGAJIAN HARIAN'!$B$2:$B979,">="&$E$2,'KEG. PENGAJIAN HARIAN'!$B$2:$B979,"<="&$G$2,'KEG. PENGAJIAN HARIAN'!$G$2:$G979,"izin (murid)") -> 1 | K36: PraNIkah | L36: =countif(D22:D44,"PraNikah") -> 4
A37: 16 | B37: Kayla-CA | C37: California | D37: PraNiKah | E37: =sumifs('KEG. PENGAJIAN HARIAN'!$D$2:$D979,'KEG. PENGAJIAN HARIAN'!$B$2:$B979,">="&$E$2,'KEG. PENGAJIAN HARIAN'!$B$2:$B979,"<="&$G$2,'KEG. PENGAJIAN HARIAN'!$F$2:$F979,B37) -> 0.17569444 | F37: 0.5 | G37: =IFERROR(E37/F37,0) -> 0.35138889 | H37: =COUNTIFS('KEG. PENGAJIAN HARIAN'!$F$2:$F979,B37,'KEG. PENGAJIAN HARIAN'!$B$2:$B979,">="&$E$2,'KEG. PENGAJIAN HARIAN'!$B$2:$B979,"<="&$G$2,'KEG. PENGAJIAN HARIAN'!$G$2:$G979,"hadir") -> 3 | I37: =COUNTIFS('KEG. PENGAJIAN HARIAN'!$F$2:$F979,B37,'KEG. PENGAJIAN HARIAN'!$B$2:$B979,">="&$E$2,'KEG. PENGAJIAN HARIAN'!$B$2:$B979,"<="&$G$2,'KEG. PENGAJIAN HARIAN'!$G$2:$G979,"By VN") -> 0 | J37: =COUNTIFS('KEG. PENGAJIAN HARIAN'!$F$2:$F979,B37,'KEG. PENGAJIAN HARIAN'!$B$2:$B979,">="&$E$2,'KEG. PENGAJIAN HARIAN'!$B$2:$B979,"<="&$G$2,'KEG. PENGAJIAN HARIAN'!$G$2:$G979,"izin (murid)") -> 3
A38: 17 | B38: Khayri-CH | C38: Chicago | D38: PraCBR-CBR | E38: =sumifs('KEG. PENGAJIAN HARIAN'!$D$2:$D979,'KEG. PENGAJIAN HARIAN'!$B$2:$B979,">="&$E$2,'KEG. PENGAJIAN HARIAN'!$B$2:$B979,"<="&$G$2,'KEG. PENGAJIAN HARIAN'!$F$2:$F979,B38) -> 0.34375 | F38: 0.41666667 | G38: =IFERROR(E38/F38,0) -> 0.825 | H38: =COUNTIFS('KEG. PENGAJIAN HARIAN'!$F$2:$F979,B38,'KEG. PENGAJIAN HARIAN'!$B$2:$B979,">="&$E$2,'KEG. PENGAJIAN HARIAN'!$B$2:$B979,"<="&$G$2,'KEG. PENGAJIAN HARIAN'!$G$2:$G979,"hadir") -> 14 | I38: =COUNTIFS('KEG. PENGAJIAN HARIAN'!$F$2:$F979,B38,'KEG. PENGAJIAN HARIAN'!$B$2:$B979,">="&$E$2,'KEG. PENGAJIAN HARIAN'!$B$2:$B979,"<="&$G$2,'KEG. PENGAJIAN HARIAN'!$G$2:$G979,"By VN") -> 0 | J38: =COUNTIFS('KEG. PENGAJIAN HARIAN'!$F$2:$F979,B38,'KEG. PENGAJIAN HARIAN'!$B$2:$B979,">="&$E$2,'KEG. PENGAJIAN HARIAN'!$B$2:$B979,"<="&$G$2,'KEG. PENGAJIAN HARIAN'!$G$2:$G979,"izin (murid)") -> 0 | K38: Chicago | L38: =countif(C22:C44,"Chicago") -> 12 | M38: =sumif(C22:C44,"Chicago",F22:F44) -> 5.8333333
A39: 18 | B39: Kirana-CH | C39: Chicago | D39: PraCBR-CBR | E39: =sumifs('KEG. PENGAJIAN HARIAN'!$D$2:$D979,'KEG. PENGAJIAN HARIAN'!$B$2:$B979,">="&$E$2,'KEG. PENGAJIAN HARIAN'!$B$2:$B979,"<="&$G$2,'KEG. PENGAJIAN HARIAN'!$F$2:$F979,B39) -> 0 | F39: 0.5 | G39: =IFERROR(E39/F39,0) -> 0 | H39: =COUNTIFS('KEG. PENGAJIAN HARIAN'!$F$2:$F979,B39,'KEG. PENGAJIAN HARIAN'!$B$2:$B979,">="&$E$2,'KEG. PENGAJIAN HARIAN'!$B$2:$B979,"<="&$G$2,'KEG. PENGAJIAN HARIAN'!$G$2:$G979,"hadir") -> 0 | I39: =COUNTIFS('KEG. PENGAJIAN HARIAN'!$F$2:$F979,B39,'KEG. PENGAJIAN HARIAN'!$B$2:$B979,">="&$E$2,'KEG. PENGAJIAN HARIAN'!$B$2:$B979,"<="&$G$2,'KEG. PENGAJIAN HARIAN'!$G$2:$G979,"By VN") -> 0 | J39: =COUNTIFS('KEG. PENGAJIAN HARIAN'!$F$2:$F979,B39,'KEG. PENGAJIAN HARIAN'!$B$2:$B979,">="&$E$2,'KEG. PENGAJIAN HARIAN'!$B$2:$B979,"<="&$G$2,'KEG. PENGAJIAN HARIAN'!$G$2:$G979,"izin (murid)") -> 0 | K39: California | L39: =countif(C22:C44,"California") -> 4 | M39: =sumif(C22:C44,"California",F22:F44) -> 2
A40: 19 | B40: Mikail-CH | C40: Chicago | D40: PraCBR-CBR | E40: =sumifs('KEG. PENGAJIAN HARIAN'!$D$2:$D979,'KEG. PENGAJIAN HARIAN'!$B$2:$B979,">="&$E$2,'KEG. PENGAJIAN HARIAN'!$B$2:$B979,"<="&$G$2,'KEG. PENGAJIAN HARIAN'!$F$2:$F979,B40) -> 0.075 | F40: 0.5 | G40: =IFERROR(E40/F40,0) -> 0.15 | H40: =COUNTIFS('KEG. PENGAJIAN HARIAN'!$F$2:$F979,B40,'KEG. PENGAJIAN HARIAN'!$B$2:$B979,">="&$E$2,'KEG. PENGAJIAN HARIAN'!$B$2:$B979,"<="&$G$2,'KEG. PENGAJIAN HARIAN'!$G$2:$G979,"hadir") -> 3 | I40: =COUNTIFS('KEG. PENGAJIAN HARIAN'!$F$2:$F979,B40,'KEG. PENGAJIAN HARIAN'!$B$2:$B979,">="&$E$2,'KEG. PENGAJIAN HARIAN'!$B$2:$B979,"<="&$G$2,'KEG. PENGAJIAN HARIAN'!$G$2:$G979,"By VN") -> 0 | J40: =COUNTIFS('KEG. PENGAJIAN HARIAN'!$F$2:$F979,B40,'KEG. PENGAJIAN HARIAN'!$B$2:$B979,">="&$E$2,'KEG. PENGAJIAN HARIAN'!$B$2:$B979,"<="&$G$2,'KEG. PENGAJIAN HARIAN'!$G$2:$G979,"izin (murid)") -> 0 | K40: New Hampshire | L40: =countif(C22:C44,"New Hampshire") -> 5 | M40: =sumif(C22:C44,"New Hampshire",F22:F44) -> 2.5
A41: 20 | B41: Nadeen-CH | C41: Chicago | D41: PraCBR-CBR | E41: =sumifs('KEG. PENGAJIAN HARIAN'!$D$2:$D979,'KEG. PENGAJIAN HARIAN'!$B$2:$B979,">="&$E$2,'KEG. PENGAJIAN HARIAN'!$B$2:$B979,"<="&$G$2,'KEG. PENGAJIAN HARIAN'!$F$2:$F979,B41) -> 0.066666667 | F41: 0.5 | G41: =IFERROR(E41/F41,0) -> 0.13333333 | H41: =COUNTIFS('KEG. PENGAJIAN HARIAN'!$F$2:$F979,B41,'KEG. PENGAJIAN HARIAN'!$B$2:$B979,">="&$E$2,'KEG. PENGAJIAN HARIAN'!$B$2:$B979,"<="&$G$2,'KEG. PENGAJIAN HARIAN'!$G$2:$G979,"hadir") -> 5 | I41: =COUNTIFS('KEG. PENGAJIAN HARIAN'!$F$2:$F979,B41,'KEG. PENGAJIAN HARIAN'!$B$2:$B979,">="&$E$2,'KEG. PENGAJIAN HARIAN'!$B$2:$B979,"<="&$G$2,'KEG. PENGAJIAN HARIAN'!$G$2:$G979,"By VN") -> 0 | J41: izin during ramadhan | K41: Canada | L41: =countif(C22:C44,"Canada") -> 2 | M41: =sumif(C22:C44,"Canada",F22:F44) -> 1
A42: 21 | B42: Qalesya-ATL | C42: Chicago | D42: PraCBR-CBR | E42: =sumifs('KEG. PENGAJIAN HARIAN'!$D$2:$D979,'KEG. PENGAJIAN HARIAN'!$B$2:$B979,">="&$E$2,'KEG. PENGAJIAN HARIAN'!$B$2:$B979,"<="&$G$2,'KEG. PENGAJIAN HARIAN'!$F$2:$F979,B42) -> 0 | F42: 0.5 | G42: =IFERROR(E42/F42,0) -> 0 | H42: =COUNTIFS('KEG. PENGAJIAN HARIAN'!$F$2:$F979,B42,'KEG. PENGAJIAN HARIAN'!$B$2:$B979,">="&$E$2,'KEG. PENGAJIAN HARIAN'!$B$2:$B979,"<="&$G$2,'KEG. PENGAJIAN HARIAN'!$G$2:$G979,"hadir") -> 0 | I42: =COUNTIFS('KEG. PENGAJIAN HARIAN'!$F$2:$F979,B42,'KEG. PENGAJIAN HARIAN'!$B$2:$B979,">="&$E$2,'KEG. PENGAJIAN HARIAN'!$B$2:$B979,"<="&$G$2,'KEG. PENGAJIAN HARIAN'!$G$2:$G979,"By VN") -> 0 | J42: izin during ramadhan
A43: 22 | B43: Rambo-CH | C43: Chicago | D43: PraCBR-CBR | E43: =sumifs('KEG. PENGAJIAN HARIAN'!$D$2:$D979,'KEG. PENGAJIAN HARIAN'!$B$2:$B979,">="&$E$2,'KEG. PENGAJIAN HARIAN'!$B$2:$B979,"<="&$G$2,'KEG. PENGAJIAN HARIAN'!$F$2:$F979,B43) -> 0.39027778 | F43: 0.41666667 | G43: =IFERROR(E43/F43,0) -> 0.93666667 | H43: =COUNTIFS('KEG. PENGAJIAN HARIAN'!$F$2:$F979,B43,'KEG. PENGAJIAN HARIAN'!$B$2:$B979,">="&$E$2,'KEG. PENGAJIAN HARIAN'!$B$2:$B979,"<="&$G$2,'KEG. PENGAJIAN HARIAN'!$G$2:$G979,"hadir") -> 15 | I43: =COUNTIFS('KEG. PENGAJIAN HARIAN'!$F$2:$F979,B43,'KEG. PENGAJIAN HARIAN'!$B$2:$B979,">="&$E$2,'KEG. PENGAJIAN HARIAN'!$B$2:$B979,"<="&$G$2,'KEG. PENGAJIAN HARIAN'!$G$2:$G979,"By VN") -> 0 | J43: =COUNTIFS('KEG. PENGAJIAN HARIAN'!$F$2:$F979,B43,'KEG. PENGAJIAN HARIAN'!$B$2:$B979,">="&$E$2,'KEG. PENGAJIAN HARIAN'!$B$2:$B979,"<="&$G$2,'KEG. PENGAJIAN HARIAN'!$G$2:$G979,"izin (murid)") -> 3
A44: 23 | B44: Tami-BFL | C44: Chicago | D44: PraRMJ-RMJ | E44: =sumifs('KEG. PENGAJIAN HARIAN'!$D$2:$D979,'KEG. PENGAJIAN HARIAN'!$B$2:$B979,">="&$E$2,'KEG. PENGAJIAN HARIAN'!$B$2:$B979,"<="&$G$2,'KEG. PENGAJIAN HARIAN'!$F$2:$F979,B44) -> 0.49513889 | F44: 0.5 | G44: =IFERROR(E44/F44,0) -> 0.99027778 | H44: =COUNTIFS('KEG. PENGAJIAN HARIAN'!$F$2:$F979,B44,'KEG. PENGAJIAN HARIAN'!$B$2:$B979,">="&$E$2,'KEG. PENGAJIAN HARIAN'!$B$2:$B979,"<="&$G$2,'KEG. PENGAJIAN HARIAN'!$G$2:$G979,"hadir") -> 8 | I44: =COUNTIFS('KEG. PENGAJIAN HARIAN'!$F$2:$F979,B44,'KEG. PENGAJIAN HARIAN'!$B$2:$B979,">="&$E$2,'KEG. PENGAJIAN HARIAN'!$B$2:$B979,"<="&$G$2,'KEG. PENGAJIAN HARIAN'!$G$2:$G979,"By VN") -> 0 | J44: =COUNTIFS('KEG. PENGAJIAN HARIAN'!$F$2:$F979,B44,'KEG. PENGAJIAN HARIAN'!$B$2:$B979,">="&$E$2,'KEG. PENGAJIAN HARIAN'!$B$2:$B979,"<="&$G$2,'KEG. PENGAJIAN HARIAN'!$G$2:$G979,"izin (murid)") -> 0
E45: =SUM(E22:E44) -> 4.3388889 | F45: =SUM(F22:F44) -> 11.333333
B46: % per bulan | E46: =E45/F45 -> 0.38284314 | G46: Chicago | H46: =SUMIF(C22:C44,"Chicago",E22:E44) -> 2.6736111 | I46: =H46/M38 -> 0.45833333
A47: Kehadiran menurun 12% dari bulan lalu | G47: California | H47: =SUMIF(C22:C44,"California",E22:E44) -> 0.35 | I47: =H47/M39 -> 0.175
A48: PraCBR-CBR | D48: =SUMIF(D22:D44,"PraCBR-CBR",E22:E44) -> 2.5020833 | E48: =D48/F45 -> 0.22077206 | G48: New Hampshire | H48: =SUMIF(C22:C44,"New Hampshire",E22:E44) -> 0.80694444 | I48: =H48/M40 -> 0.32277778
A49: PraRMJ-RMJ | D49: =SUMIF(D22:D44,"PraRMJ-RMJ",E22:E44) -> 1.3131944 | E49: =D49/F45 -> 0.1158701 | G49: Canada | H49: =SUMIF(C22:C44,"Canada",E22:E44) -> 0.50833333 | I49: =H49/M41 -> 0.50833333
A50: PraNikah | D50: =SUMIF(D22:D44,"PraNikah",E22:E44) -> 0.52361111 | E50: =D50/F45 -> 0.04620098
A51: Jumlah anak diatas rata-rata kehadirannya : | F51: =COUNTIF(G22:G44, ">="&AVERAGE(G22:G44)) -> 9
A52: PraCBR-CBR | E52: =COUNTIFS(D22:D44,"PraCBR-CBR",G22:G44,">="&AVERAGE(G22:G44)) -> 6
A53: PraRMJ-RMJ | E53: =COUNTIFS(D22:D44,"PraRMJ-RMJ",G22:G44,">="&AVERAGE(G22:G44)) -> 2
A54: PraNikah | E54: =COUNTIFS(D22:D44,"PraNikah",G22:G44,">="&AVERAGE(G22:G44)) -> 1

Sheet April
A1: REKAPITULASI KEHADIRAN GURU MENGAJAR - PENGAJIAN PPG US
B2: Mulai : | E2: 45383 | F2: Hingga : | G2: 45412
A4: NO. | B4: NAMA GURU | E4: DURASI MENGAJI | F4: TARGET DURASI | G4: % DURASI | H4: JUMLAH PERTEMUAN
A5: 1 | B5: Artha-JG | E5: =sumifs('KEG. PENGAJIAN HARIAN'!$D$2:$D980,'KEG. PENGAJIAN HARIAN'!$B$2:$B980,">="&$E$2,'KEG. PENGAJIAN HARIAN'!$B$2:$B980,"<="&$G$2,'KEG. PENGAJIAN HARIAN'!$E$2:$E980,B5) -> 0.49791667 | F5: - | G5: =IFERROR(E5/F5,0) -> 0 | H5: =COUNTIFS('KEG. PENGAJIAN HARIAN'!$E$2:$E980,B5,'KEG. PENGAJIAN HARIAN'!$B$2:$B980,">="&$E$2,'KEG. PENGAJIAN HARIAN'!$B$2:$B980,"<="&$G$2,'KEG. PENGAJIAN HARIAN'!$G$2:$G980,"Hadir") -> 18
A6: 2 | B6: Ayu-CKP | E6: =sumifs('KEG. PENGAJIAN HARIAN'!$D$2:$D980,'KEG. PENGAJIAN HARIAN'!$B$2:$B980,">="&$E$2,'KEG. PENGAJIAN HARIAN'!$B$2:$B980,"<="&$G$2,'KEG. PENGAJIAN HARIAN'!$E$2:$E980,B6) -> 0.065277778 | F6: - | G6: =IFERROR(E6/F6,0) -> 0 | H6: =COUNTIFS('KEG. PENGAJIAN HARIAN'!$E$2:$E980,B6,'KEG. PENGAJIAN HARIAN'!$B$2:$B980,">="&$E$2,'KEG. PENGAJIAN HARIAN'!$B$2:$B980,"<="&$G$2,'KEG. PENGAJIAN HARIAN'!$G$2:$G980,"Hadir") -> 1
A7: 3 | B7: Azki-MDN | E7: =sumifs('KEG. PENGAJIAN HARIAN'!$D$2:$D980,'KEG. PENGAJIAN HARIAN'!$B$2:$B980,">="&$E$2,'KEG. PENGAJIAN HARIAN'!$B$2:$B980,"<="&$G$2,'KEG. PENGAJIAN HARIAN'!$E$2:$E980,B7) -> 0.26527778 | F7: - | G7: =IFERROR(E7/F7,0) -> 0 | H7: =COUNTIFS('KEG. PENGAJIAN HARIAN'!$E$2:$E980,B7,'KEG. PENGAJIAN HARIAN'!$B$2:$B980,">="&$E$2,'KEG. PENGAJIAN HARIAN'!$B$2:$B980,"<="&$G$2,'KEG. PENGAJIAN HARIAN'!$G$2:$G980,"Hadir") -> 4
A8: 4 | B8: Dilla-MLL | E8: =sumifs('KEG. PENGAJIAN HARIAN'!$D$2:$D980,'KEG. PENGAJIAN HARIAN'!$B$2:$B980,">="&$E$2,'KEG. PENGAJIAN HARIAN'!$B$2:$B980,"<="&$G$2,'KEG. PENGAJIAN HARIAN'!$E$2:$E980,B8) -> 0.34583333 | F8: - | G8: =IFERROR(E8/F8,0) -> 0 | H8: =COUNTIFS('KEG. PENGAJIAN HARIAN'!$E$2:$E980,B8,'KEG. PENGAJIAN HARIAN'!$B$2:$B980,">="&$E$2,'KEG. PENGAJIAN HARIAN'!$B$2:$B980,"<="&$G$2,'KEG. PENGAJIAN HARIAN'!$G$2:$G980,"Hadir") -> 11
A9: 5 | B9: Erma-BKS | E9: =sumifs('KEG. PENGAJIAN HARIAN'!$D$2:$D980,'KEG. PENGAJIAN HARIAN'!$B$2:$B980,">="&$E$2,'KEG. PENGAJIAN HARIAN'!$B$2:$B980,"<="&$G$2,'KEG. PENGAJIAN HARIAN'!$E$2:$E980,B9) -> 0.061805556 | F9: - | G9: =IFERROR(E9/F9,0) -> 0 | H9: =COUNTIFS('KEG. PENGAJIAN HARIAN'!$E$2:$E980,B9,'KEG. PENGAJIAN HARIAN'!$B$2:$B980,">="&$E$2,'KEG. PENGAJIAN HARIAN'!$B$2:$B980,"<="&$G$2,'KEG. PENGAJIAN HARIAN'!$G$2:$G980,"Hadir") -> 2
A10: 6 | B10: Fadly-SMG | E10: =sumifs('KEG. PENGAJIAN HARIAN'!$D$2:$D980,'KEG. PENGAJIAN HARIAN'!$B$2:$B980,">="&$E$2,'KEG. PENGAJIAN HARIAN'!$B$2:$B980,"<="&$G$2,'KEG. PENGAJIAN HARIAN'!$E$2:$E980,B10) -> 0.026388889 | F10: - | G10: =IFERROR(E10/F10,0) -> 0 | H10: =COUNTIFS('KEG. PENGAJIAN HARIAN'!$E$2:$E980,B10,'KEG. PENGAJIAN HARIAN'!$B$2:$B980,">="&$E$2,'KEG. PENGAJIAN HARIAN'!$B$2:$B980,"<="&$G$2,'KEG. PENGAJIAN HARIAN'!$G$2:$G980,"Hadir") -> 1
A11: 7 | B11: Fauzan-SL3 | E11: =sumifs('KEG. PENGAJIAN HARIAN'!$D$2:$D980,'KEG. PENGAJIAN HARIAN'!$B$2:$B980,">="&$E$2,'KEG. PENGAJIAN HARIAN'!$B$2:$B980,"<="&$G$2,'KEG. PENGAJIAN HARIAN'!$E$2:$E980,B11) -> 0.12847222 | F11: - | G11: =IFERROR(E11/F11,0) -> 0 | H11: =COUNTIFS('KEG. PENGAJIAN HARIAN'!$E$2:$E980,B11,'KEG. PENGAJIAN HARIAN'!$B$2:$B980,">="&$E$2,'KEG. PENGAJIAN HARIAN'!$B$2:$B980,"<="&$G$2,'KEG. PENGAJIAN HARIAN'!$G$2:$G980,"Hadir") -> 5
A12: 8 | B12: Ilham-Solo | E12: =sumifs('KEG. PENGAJIAN HARIAN'!$D$2:$D980,'KEG. PENGAJIAN HARIAN'!$B$2:$B980,">="&$E$2,'KEG. PENGAJIAN HARIAN'!$B$2:$B980,"<="&$G$2,'KEG. PENGAJIAN HARIAN'!$E$2:$E980,B12) -> 0.12361111 | F12: - | G12: =IFERROR(E12/F12,0) -> 0 | H12: =COUNTIFS('KEG. PENGAJIAN HARIAN'!$E$2:$E980,B12,'KEG. PENGAJIAN HARIAN'!$B$2:$B980,">="&$E$2,'KEG. PENGAJIAN HARIAN'!$B$2:$B980,"<="&$G$2,'KEG. PENGAJIAN HARIAN'!$G$2:$G980,"Hadir") -> 3
A13: 9 | B13: Mora-MLL | E13: =sumifs('KEG. PENGAJIAN HARIAN'!$D$2:$D980,'KEG. PENGAJIAN HARIAN'!$B$2:$B980,">="&$E$2,'KEG. PENGAJIAN HARIAN'!$B$2:$B980,"<="&$G$2,'KEG. PENGAJIAN HARIAN'!$E$2:$E980,B13) -> 0.27430556 | F13: - | G13: =IFERROR(E13/F13,0) -> 0 | H13: =COUNTIFS('KEG. PENGAJIAN HARIAN'!$E$2:$E980,B13,'KEG. PENGAJIAN HARIAN'!$B$2:$B980,">="&$E$2,'KEG. PENGAJIAN HARIAN'!$B$2:$B980,"<="&$G$2,'KEG. PENGAJIAN HARIAN'!$G$2:$G980,"Hadir") -> 8
A14: 10 | B14: Naely-BGR | E14: =sumifs('KEG. PENGAJIAN HARIAN'!$D$2:$D980,'KEG. PENGAJIAN HARIAN'!$B$2:$B980,">="&$E$2,'KEG. PENGAJIAN HARIAN'!$B$2:$B980,"<="&$G$2,'KEG. PENGAJIAN HARIAN'!$E$2:$E980,B14) -> 0.18819444 | F14: - | G14: =IFERROR(E14/F14,0) -> 0 | H14: =COUNTIFS('KEG. PENGAJIAN HARIAN'!$E$2:$E980,B14,'KEG. PENGAJIAN HARIAN'!$B$2:$B980,">="&$E$2,'KEG. PENGAJIAN HARIAN'!$B$2:$B980,"<="&$G$2,'KEG. PENGAJIAN HARIAN'!$G$2:$G980,"Hadir") -> 6
A15: 11 | B15: Rika-KDR | E15: =sumifs('KEG. PENGAJIAN HARIAN'!$D$2:$D980,'KEG. PENGAJIAN HARIAN'!$B$2:$B980,">="&$E$2,'KEG. PENGAJIAN HARIAN'!$B$2:$B980,"<="&$G$2,'KEG. PENGAJIAN HARIAN'!$E$2:$E980,B15) -> 0.091666667 | F15: - | G15: =IFERROR(E15/F15,0) -> 0 | H15: =COUNTIFS('KEG. PENGAJIAN HARIAN'!$E$2:$E980,B15,'KEG. PENGAJIAN HARIAN'!$B$2:$B980,">="&$E$2,'KEG. PENGAJIAN HARIAN'!$B$2:$B980,"<="&$G$2,'KEG. PENGAJIAN HARIAN'!$G$2:$G980,"Hadir") -> 4
A18: REKAPITULASI KEHADIRAN MURID PENGAJIAN PPG AMERICA
A19: 45383
A21: NO. | B21: NAMA MURID | C21: KELOMPOK | D21: Usia | E21: DURASI MENGAJI | F21: TARGET DURASI | G21: % DURASI | H21: HADIR | I21: BY VN | J21: IZIN (MURID)
A22: 1 | B22: Abi-BFL | C22: Chicago | D22: PraNikah | E22: =sumifs('KEG. PENGAJIAN HARIAN'!$D$2:$D980,'KEG. PENGAJIAN HARIAN'!$B$2:$B980,">="&$E$2,'KEG. PENGAJIAN HARIAN'!$B$2:$B980,"<="&$G$2,'KEG. PENGAJIAN HARIAN'!$F$2:$F980,B22) -> 0.19375 | F22: 0.25 | G22: =IFERROR(E22/F22,0) -> 0.775 | H22: =COUNTIFS('KEG. PENGAJIAN HARIAN'!$F$2:$F980,B22,'KEG. PENGAJIAN HARIAN'!$B$2:$B980,">="&$E$2,'KEG. PENGAJIAN HARIAN'!$B$2:$B980,"<="&$G$2,'KEG. PENGAJIAN HARIAN'!$G$2:$G980,"hadir") -> 5 | I22: =COUNTIFS('KEG. PENGAJIAN HARIAN'!$F$2:$F980,B22,'KEG. PENGAJIAN HARIAN'!$B$2:$B980,">="&$E$2,'KEG. PENGAJIAN HARIAN'!$B$2:$B980,"<="&$G$2,'KEG. PENGAJIAN HARIAN'!$G$2:$G980,"By VN") -> 0 | J22: =COUNTIFS('KEG. PENGAJIAN HARIAN'!$F$2:$F980,B22,'KEG. PENGAJIAN HARIAN'!$B$2:$B980,">="&$E$2,'KEG. PENGAJIAN HARIAN'!$B$2:$B980,"<="&$G$2,'KEG. PENGAJIAN HARIAN'!$G$2:$G980,"izin (murid)") -> 0
A23: 2 | B23: AJ-CA | C23: California | D23: PraNikah | E23: =sumifs('KEG. PENGAJIAN HARIAN'!$D$2:$D980,'KEG. PENGAJIAN HARIAN'!$B$2:$B980,">="&$E$2,'KEG. PENGAJIAN HARIAN'!$B$2:$B980,"<="&$G$2,'KEG. PENGAJIAN HARIAN'!$F$2:$F980,B23) -> 0 | F23: 0.25 | G23: =IFERROR(E23/F23,0) -> 0 | H23: =COUNTIFS('KEG. PENGAJIAN HARIAN'!$F$2:$F980,B23,'KEG. PENGAJIAN HARIAN'!$B$2:$B980,">="&$E$2,'KEG. PENGAJIAN HARIAN'!$B$2:$B980,"<="&$G$2,'KEG. PENGAJIAN HARIAN'!$G$2:$G980,"hadir") -> 0 | I23: =COUNTIFS('KEG. PENGAJIAN HARIAN'!$F$2:$F980,B23,'KEG. PENGAJIAN HARIAN'!$B$2:$B980,">="&$E$2,'KEG. PENGAJIAN HARIAN'!$B$2:$B980,"<="&$G$2,'KEG. PENGAJIAN HARIAN'!$G$2:$G980,"By VN") -> 0 | J23: =COUNTIFS('KEG. PENGAJIAN HARIAN'!$F$2:$F980,B23,'KEG. PENGAJIAN HARIAN'!$B$2:$B980,">="&$E$2,'KEG. PENGAJIAN HARIAN'!$B$2:$B980,"<="&$G$2,'KEG. PENGAJIAN HARIAN'!$G$2:$G980,"izin (murid)") -> 0
A24: 3 | B24: Chester-PD | C24: New Hampshire | D24: PraCBR-CBR | E24: =sumifs('KEG. PENGAJIAN HARIAN'!$D$2:$D980,'KEG. PENGAJIAN HARIAN'!$B$2:$B980,">="&$E$2,'KEG. PENGAJIAN HARIAN'!$B$2:$B980,"<="&$G$2,'KEG. PENGAJIAN HARIAN'!$F$2:$F980,B24) -> 0.15972222 | F24: 0.25 | G24: =IFERROR(E24/F24,0) -> 0.63888889 | H24: =COUNTIFS('KEG. PENGAJIAN HARIAN'!$F$2:$F980,B24,'KEG. PENGAJIAN HARIAN'!$B$2:$B980,">="&$E$2,'KEG. PENGAJIAN HARIAN'!$B$2:$B980,"<="&$G$2,'KEG. PENGAJIAN HARIAN'!$G$2:$G980,"hadir") -> 3 | I24: =COUNTIFS('KEG. PENGAJIAN HARIAN'!$F$2:$F980,B24,'KEG. PENGAJIAN HARIAN'!$B$2:$B980,">="&$E$2,'KEG. PENGAJIAN HARIAN'!$B$2:$B980,"<="&$G$2,'KEG. PENGAJIAN HARIAN'!$G$2:$G980,"By VN") -> 0 | J24: izin mulai 10 malam akhir ramadhan | K24: PraCBR-CBR | L24: =countif(D22:D44,"PraCBR-CBR") -> 12
A25: 4 | B25: Dawud-RLG | C25: New Hampshire | D25: PraCBR-CBR | E25: =sumifs('KEG. PENGAJIAN HARIAN'!$D$2:$D980,'KEG. PENGAJIAN HARIAN'!$B$2:$B980,">="&$E$2,'KEG. PENGAJIAN HARIAN'!$B$2:$B980,"<="&$G$2,'KEG. PENGAJIAN HARIAN'!$F$2:$F980,B25) -> 0.093055556 | F25: 0.25 | G25: =IFERROR(E25/F25,0) -> 0.37222222 | H25: =COUNTIFS('KEG. PENGAJIAN HARIAN'!$F$2:$F980,B25,'KEG. PENGAJIAN HARIAN'!$B$2:$B980,">="&$E$2,'KEG. PENGAJIAN HARIAN'!$B$2:$B980,"<="&$G$2,'KEG. PENGAJIAN HARIAN'!$G$2:$G980,"hadir") -> 3 | I25: =COUNTIFS('KEG. PENGAJIAN HARIAN'!$F$2:$F980,B25,'KEG. PENGAJIAN HARIAN'!$B$2:$B980,">="&$E$2,'KEG. PENGAJIAN HARIAN'!$B$2:$B980,"<="&$G$2,'KEG. PENGAJIAN HARIAN'!$G$2:$G980,"By VN") -> 0 | J25: =COUNTIFS('KEG. PENGAJIAN HARIAN'!$F$2:$F980,B25,'KEG. PENGAJIAN HARIAN'!$B$2:$B980,">="&$E$2,'KEG. PENGAJIAN HARIAN'!$B$2:$B980,"<="&$G$2,'KEG. PENGAJIAN HARIAN'!$G$2:$G980,"izin (murid)") -> 0 | K25: PraRMJ-RMJ | L25: =countif(D22:D44,"PraRMJ-RMJ") -> 7
A26: 5 | B26: Dehan-CND | C26: Canada | D26: PraRMJ-RMJ | E26: =sumifs('KEG. PENGAJIAN HARIAN'!$D$2:$D980,'KEG. PENGAJIAN HARIAN'!$B$2:$B980,">="&$E$2,'KEG. PENGAJIAN HARIAN'!$B$2:$B980,"<="&$G$2,'KEG. PENGAJIAN HARIAN'!$F$2:$F980,B26) -> 0.038194444 | F26: 0.25 | G26: =IFERROR(E26/F26,0) -> 0.15277778 | H26: =COUNTIFS('KEG. PENGAJIAN HARIAN'!$F$2:$F980,B26,'KEG. PENGAJIAN HARIAN'!$B$2:$B980,">="&$E$2,'KEG. PENGAJIAN HARIAN'!$B$2:$B980,"<="&$G$2,'KEG. PENGAJIAN HARIAN'!$G$2:$G980,"hadir") -> 1 | I26: =COUNTIFS('KEG. PENGAJIAN HARIAN'!$F$2:$F980,B26,'KEG. PENGAJIAN HARIAN'!$B$2:$B980,">="&$E$2,'KEG. PENGAJIAN HARIAN'!$B$2:$B980,"<="&$G$2,'KEG. PENGAJIAN HARIAN'!$G$2:$G980,"By VN") -> 0 | J26: =COUNTIFS('KEG. PENGAJIAN HARIAN'!$F$2:$F980,B26,'KEG. PENGAJIAN HARIAN'!$B$2:$B980,">="&$E$2,'KEG. PENGAJIAN HARIAN'!$B$2:$B980,"<="&$G$2,'KEG. PENGAJIAN HARIAN'!$G$2:$G980,"izin (murid)") -> 0 | K26: PraNIkah | L26: =countif(D22:D44,"PraNikah") -> 4
A27: 6 | B27: Denissa-RLG | C27: New Hampshire | D27: PraRMJ-RMJ | E27: =sumifs('KEG. PENGAJIAN HARIAN'!$D$2:$D980,'KEG. PENGAJIAN HARIAN'!$B$2:$B980,">="&$E$2,'KEG. PENGAJIAN HARIAN'!$B$2:$B980,"<="&$G$2,'KEG. PENGAJIAN HARIAN'!$F$2:$F980,B27) -> 0.09375 | F27: 0.25 | G27: =IFERROR(E27/F27,0) -> 0.375 | H27: =COUNTIFS('KEG. PENGAJIAN HARIAN'!$F$2:$F980,B27,'KEG. PENGAJIAN HARIAN'!$B$2:$B980,">="&$E$2,'KEG. PENGAJIAN HARIAN'!$B$2:$B980,"<="&$G$2,'KEG. PENGAJIAN HARIAN'!$G$2:$G980,"hadir") -> 2 | I27: =COUNTIFS('KEG. PENGAJIAN HARIAN'!$F$2:$F980,B27,'KEG. PENGAJIAN HARIAN'!$B$2:$B980,">="&$E$2,'KEG. PENGAJIAN HARIAN'!$B$2:$B980,"<="&$G$2,'KEG. PENGAJIAN HARIAN'!$G$2:$G980,"By VN") -> 1 | J27: =COUNTIFS('KEG. PENGAJIAN HARIAN'!$F$2:$F980,B27,'KEG. PENGAJIAN HARIAN'!$B$2:$B980,">="&$E$2,'KEG. PENGAJIAN HARIAN'!$B$2:$B980,"<="&$G$2,'KEG. PENGAJIAN HARIAN'!$G$2:$G980,"izin (murid)") -> 0
A28: 7 | B28: Dinda-RLG | C28: New Hampshire | D28: PraCBR-CBR | E28: =sumifs('KEG. PENGAJIAN HARIAN'!$D$2:$D980,'KEG. PENGAJIAN HARIAN'!$B$2:$B980,">="&$E$2,'KEG. PENGAJIAN HARIAN'!$B$2:$B980,"<="&$G$2,'KEG. PENGAJIAN HARIAN'!$F$2:$F980,B28) -> 0.032638889 | F28: 0.25 | G28: =IFERROR(E28/F28,0) -> 0.13055556 | H28: =COUNTIFS('KEG. PENGAJIAN HARIAN'!$F$2:$F980,B28,'KEG. PENGAJIAN HARIAN'!$B$2:$B980,">="&$E$2,'KEG. PENGAJIAN HARIAN'!$B$2:$B980,"<="&$G$2,'KEG. PENGAJIAN HARIAN'!$G$2:$G980,"hadir") -> 1 | I28: =COUNTIFS('KEG. PENGAJIAN HARIAN'!$F$2:$F980,B28,'KEG. PENGAJIAN HARIAN'!$B$2:$B980,">="&$E$2,'KEG. PENGAJIAN HARIAN'!$B$2:$B980,"<="&$G$2,'KEG. PENGAJIAN HARIAN'!$G$2:$G980,"By VN") -> 0 | J28: =COUNTIFS('KEG. PENGAJIAN HARIAN'!$F$2:$F980,B28,'KEG. PENGAJIAN HARIAN'!$B$2:$B980,">="&$E$2,'KEG. PENGAJIAN HARIAN'!$B$2:$B980,"<="&$G$2,'KEG. PENGAJIAN HARIAN'!$G$2:$G980,"izin (murid)") -> 0
A29: 8 | B29: Dwiki-RLG | C29: New Hampshire | D29: PraRMJ-RMJ | E29: =sumifs('KEG. PENGAJIAN HARIAN'!$D$2:$D980,'KEG. PENGAJIAN HARIAN'!$B$2:$B980,">="&$E$2,'KEG. PENGAJIAN HARIAN'!$B$2:$B980,"<="&$G$2,'KEG. PENGAJIAN HARIAN'!$F$2:$F980,B29) -> 0.040277778 | F29: 0.25 | G29: =IFERROR(E29/F29,0) -> 0.16111111 | H29: =COUNTIFS('KEG. PENGAJIAN HARIAN'!$F$2:$F980,B29,'KEG. PENGAJIAN HARIAN'!$B$2:$B980,">="&$E$2,'KEG. PENGAJIAN HARIAN'!$B$2:$B980,"<="&$G$2,'KEG. PENGAJIAN HARIAN'!$G$2:$G980,"hadir") -> 1 | I29: =COUNTIFS('KEG. PENGAJIAN HARIAN'!$F$2:$F980,B29,'KEG. PENGAJIAN HARIAN'!$B$2:$B980,">="&$E$2,'KEG. PENGAJIAN HARIAN'!$B$2:$B980,"<="&$G$2,'KEG. PENGAJIAN HARIAN'!$G$2:$G980,"By VN") -> 0 | J29: izin during ramadhan
A30: 9 | B30: Dylan-CA | C30: California | D30: PraRMJ-RMJ | E30: =sumifs('KEG. PENGAJIAN HARIAN'!$D$2:$D980,'KEG. PENGAJIAN HARIAN'!$B$2:$B980,">="&$E$2,'KEG. PENGAJIAN HARIAN'!$B$2:$B980,"<="&$G$2,'KEG. PENGAJIAN HARIAN'!$F$2:$F980,B30) -> 0.13402778 | F30: 0.25 | G30: =IFERROR(E30/F30,0) -> 0.53611111 | H30: =COUNTIFS('KEG. PENGAJIAN HARIAN'!$F$2:$F980,B30,'KEG. PENGAJIAN HARIAN'!$B$2:$B980,">="&$E$2,'KEG. PENGAJIAN HARIAN'!$B$2:$B980,"<="&$G$2,'KEG. PENGAJIAN HARIAN'!$G$2:$G980,"hadir") -> 5 | I30: =COUNTIFS('KEG. PENGAJIAN HARIAN'!$F$2:$F980,B30,'KEG. PENGAJIAN HARIAN'!$B$2:$B980,">="&$E$2,'KEG. PENGAJIAN HARIAN'!$B$2:$B980,"<="&$G$2,'KEG. PENGAJIAN HARIAN'!$G$2:$G980,"By VN") -> 0 | J30: =COUNTIFS('KEG. PENGAJIAN HARIAN'!$F$2:$F980,B30,'KEG. PENGAJIAN HARIAN'!$B$2:$B980,">="&$E$2,'KEG. PENGAJIAN HARIAN'!$B$2:$B980,"<="&$G$2,'KEG. PENGAJIAN HARIAN'!$G$2:$G980,"izin (murid)") -> 0
A31: 10 | B31: Fitri-CND | C31: Canada | D31: PraRMJ-RMJ | E31: =sumifs('KEG. PENGAJIAN HARIAN'!$D$2:$D980,'KEG. PENGAJIAN HARIAN'!$B$2:$B980,">="&$E$2,'KEG. PENGAJIAN HARIAN'!$B$2:$B980,"<="&$G$2,'KEG. PENGAJIAN HARIAN'!$F$2:$F980,B31) -> 0.10555556 | F31: 0.25 | G31: =IFERROR(E31/F31,0) -> 0.42222222 | H31: =COUNTIFS('KEG. PENGAJIAN HARIAN'!$F$2:$F980,B31,'KEG. PENGAJIAN HARIAN'!$B$2:$B980,">="&$E$2,'KEG. PENGAJIAN HARIAN'!$B$2:$B980,"<="&$G$2,'KEG. PENGAJIAN HARIAN'!$G$2:$G980,"hadir") -> 2 | I31: =COUNTIFS('KEG. PENGAJIAN HARIAN'!$F$2:$F980,B31,'KEG. PENGAJIAN HARIAN'!$B$2:$B980,">="&$E$2,'KEG. PENGAJIAN HARIAN'!$B$2:$B980,"<="&$G$2,'KEG. PENGAJIAN HARIAN'!$G$2:$G980,"By VN") -> 0 | J31: =COUNTIFS('KEG. PENGAJIAN HARIAN'!$F$2:$F980,B31,'KEG. PENGAJIAN HARIAN'!$B$2:$B980,">="&$E$2,'KEG. PENGAJIAN HARIAN'!$B$2:$B980,"<="&$G$2,'KEG. PENGAJIAN HARIAN'!$G$2:$G980,"izin (murid)") -> 0
A32: 11 | B32: Gabriel-CH | C32: Chicago | D32: PraCBR-CBR | E32: =sumifs('KEG. PENGAJIAN HARIAN'!$D$2:$D980,'KEG. PENGAJIAN HARIAN'!$B$2:$B980,">="&$E$2,'KEG. PENGAJIAN HARIAN'!$B$2:$B980,"<="&$G$2,'KEG. PENGAJIAN HARIAN'!$F$2:$F980,B32) -> 0.026388889 | F32: 0.25 | G32: =IFERROR(E32/F32,0) -> 0.10555556 | H32: =COUNTIFS('KEG. PENGAJIAN HARIAN'!$F$2:$F980,B32,'KEG. PENGAJIAN HARIAN'!$B$2:$B980,">="&$E$2,'KEG. PENGAJIAN HARIAN'!$B$2:$B980,"<="&$G$2,'KEG. PENGAJIAN HARIAN'!$G$2:$G980,"hadir") -> 1 | I32: =COUNTIFS('KEG. PENGAJIAN HARIAN'!$F$2:$F980,B32,'KEG. PENGAJIAN HARIAN'!$B$2:$B980,">="&$E$2,'KEG. PENGAJIAN HARIAN'!$B$2:$B980,"<="&$G$2,'KEG. PENGAJIAN HARIAN'!$G$2:$G980,"By VN") -> 0 | J32: izin during ramadhan
A33: 12 | B33: Grazia-IN | C33: Chicago | D33: PraCBR-CBR | E33: =sumifs('KEG. PENGAJIAN HARIAN'!$D$2:$D980,'KEG. PENGAJIAN HARIAN'!$B$2:$B980,">="&$E$2,'KEG. PENGAJIAN HARIAN'!$B$2:$B980,"<="&$G$2,'KEG. PENGAJIAN HARIAN'!$F$2:$F980,B33) -> 0.17291667 | F33: 0.25 | G33: =IFERROR(E33/F33,0) -> 0.69166667 | H33: =COUNTIFS('KEG. PENGAJIAN HARIAN'!$F$2:$F980,B33,'KEG. PENGAJIAN HARIAN'!$B$2:$B980,">="&$E$2,'KEG. PENGAJIAN HARIAN'!$B$2:$B980,"<="&$G$2,'KEG. PENGAJIAN HARIAN'!$G$2:$G980,"hadir") -> 4 | I33: =COUNTIFS('KEG. PENGAJIAN HARIAN'!$F$2:$F980,B33,'KEG. PENGAJIAN HARIAN'!$B$2:$B980,">="&$E$2,'KEG. PENGAJIAN HARIAN'!$B$2:$B980,"<="&$G$2,'KEG. PENGAJIAN HARIAN'!$G$2:$G980,"By VN") -> 0 | J33: =COUNTIFS('KEG. PENGAJIAN HARIAN'!$F$2:$F980,B33,'KEG. PENGAJIAN HARIAN'!$B$2:$B980,">="&$E$2,'KEG. PENGAJIAN HARIAN'!$B$2:$B980,"<="&$G$2,'KEG. PENGAJIAN HARIAN'!$G$2:$G980,"izin (murid)") -> 0
A34: 13 | B34: Irsan-CH | C34: Chicago | D34: PraRMJ-RMJ | E34: =sumifs('KEG. PENGAJIAN HARIAN'!$D$2:$D980,'KEG. PENGAJIAN HARIAN'!$B$2:$B980,">="&$E$2,'KEG. PENGAJIAN HARIAN'!$B$2:$B980,"<="&$G$2,'KEG. PENGAJIAN HARIAN'!$F$2:$F980,B34) -> 0.1875 | F34: 0.25 | G34: =IFERROR(E34/F34,0) -> 0.75 | H34: =COUNTIFS('KEG. PENGAJIAN HARIAN'!$F$2:$F980,B34,'KEG. PENGAJIAN HARIAN'!$B$2:$B980,">="&$E$2,'KEG. PENGAJIAN HARIAN'!$B$2:$B980,"<="&$G$2,'KEG. PENGAJIAN HARIAN'!$G$2:$G980,"hadir") -> 9 | I34: =COUNTIFS('KEG. PENGAJIAN HARIAN'!$F$2:$F980,B34,'KEG. PENGAJIAN HARIAN'!$B$2:$B980,">="&$E$2,'KEG. PENGAJIAN HARIAN'!$B$2:$B980,"<="&$G$2,'KEG. PENGAJIAN HARIAN'!$G$2:$G980,"By VN") -> 0 | J34: izin during ramadhan
A35: 14 | B35: Jourdan-CA | C35: California | D35: PraNikah | E35: =sumifs('KEG. PENGAJIAN HARIAN'!$D$2:$D980,'KEG. PENGAJIAN HARIAN'!$B$2:$B980,">="&$E$2,'KEG. PENGAJIAN HARIAN'!$B$2:$B980,"<="&$G$2,'KEG. PENGAJIAN HARIAN'!$F$2:$F980,B35) -> 0 | F35: 0.25 | G35: =IFERROR(E35/F35,0) -> 0 | H35: =COUNTIFS('KEG. PENGAJIAN HARIAN'!$F$2:$F980,B35,'KEG. PENGAJIAN HARIAN'!$B$2:$B980,">="&$E$2,'KEG. PENGAJIAN HARIAN'!$B$2:$B980,"<="&$G$2,'KEG. PENGAJIAN HARIAN'!$G$2:$G980,"hadir") -> 0 | I35: =COUNTIFS('KEG. PENGAJIAN HARIAN'!$F$2:$F980,B35,'KEG. PENGAJIAN HARIAN'!$B$2:$B980,">="&$E$2,'KEG. PENGAJIAN HARIAN'!$B$2:$B980,"<="&$G$2,'KEG. PENGAJIAN HARIAN'!$G$2:$G980,"By VN") -> 0 | J35: =COUNTIFS('KEG. PENGAJIAN HARIAN'!$F$2:$F980,B35,'KEG. PENGAJIAN HARIAN'!$B$2:$B980,">="&$E$2,'KEG. PENGAJIAN HARIAN'!$B$2:$B980,"<="&$G$2,'KEG. PENGAJIAN HARIAN'!$G$2:$G980,"izin (murid)") -> 0
A36: 15 | B36: Jubilee-CH | C36: Chicago | D36: PraCBR-CBR | E36: =sumifs('KEG. PENGAJIAN HARIAN'!$D$2:$D980,'KEG. PENGAJIAN HARIAN'!$B$2:$B980,">="&$E$2,'KEG. PENGAJIAN HARIAN'!$B$2:$B980,"<="&$G$2,'KEG. PENGAJIAN HARIAN'!$F$2:$F980,B36) -> 0.13055556 | F36: 0.25 | G36: =IFERROR(E36/F36,0) -> 0.52222222 | H36: =COUNTIFS('KEG. PENGAJIAN HARIAN'!$F$2:$F980,B36,'KEG. PENGAJIAN HARIAN'!$B$2:$B980,">="&$E$2,'KEG. PENGAJIAN HARIAN'!$B$2:$B980,"<="&$G$2,'KEG. PENGAJIAN HARIAN'!$G$2:$G980,"hadir") -> 5 | I36: =COUNTIFS('KEG. PENGAJIAN HARIAN'!$F$2:$F980,B36,'KEG. PENGAJIAN HARIAN'!$B$2:$B980,">="&$E$2,'KEG. PENGAJIAN HARIAN'!$B$2:$B980,"<="&$G$2,'KEG. PENGAJIAN HARIAN'!$G$2:$G980,"By VN") -> 0 | J36: =COUNTIFS('KEG. PENGAJIAN HARIAN'!$F$2:$F980,B36,'KEG. PENGAJIAN HARIAN'!$B$2:$B980,">="&$E$2,'KEG. PENGAJIAN HARIAN'!$B$2:$B980,"<="&$G$2,'KEG. PENGAJIAN HARIAN'!$G$2:$G980,"izin (murid)") -> 1
A37: 16 | B37: Kayla-CA | C37: California | D37: PraNikah | E37: =sumifs('KEG. PENGAJIAN HARIAN'!$D$2:$D980,'KEG. PENGAJIAN HARIAN'!$B$2:$B980,">="&$E$2,'KEG. PENGAJIAN HARIAN'!$B$2:$B980,"<="&$G$2,'KEG. PENGAJIAN HARIAN'!$F$2:$F980,B37) -> 0.065277778 | F37: 0.25 | G37: =IFERROR(E37/F37,0) -> 0.26111111 | H37: =COUNTIFS('KEG. PENGAJIAN HARIAN'!$F$2:$F980,B37,'KEG. PENGAJIAN HARIAN'!$B$2:$B980,">="&$E$2,'KEG. PENGAJIAN HARIAN'!$B$2:$B980,"<="&$G$2,'KEG. PENGAJIAN HARIAN'!$G$2:$G980,"hadir") -> 1 | I37: =COUNTIFS('KEG. PENGAJIAN HARIAN'!$F$2:$F980,B37,'KEG. PENGAJIAN HARIAN'!$B$2:$B980,">="&$E$2,'KEG. PENGAJIAN HARIAN'!$B$2:$B980,"<="&$G$2,'KEG. PENGAJIAN HARIAN'!$G$2:$G980,"By VN") -> 0 | J37: =COUNTIFS('KEG. PENGAJIAN HARIAN'!$F$2:$F980,B37,'KEG. PENGAJIAN HARIAN'!$B$2:$B980,">="&$E$2,'KEG. PENGAJIAN HARIAN'!$B$2:$B980,"<="&$G$2,'KEG. PENGAJIAN HARIAN'!$G$2:$G980,"izin (murid)") -> 1
A38: 17 | B38: Khayri-CH | C38: Chicago | D38: PraCBR-CBR | E38: =sumifs('KEG. PENGAJIAN HARIAN'!$D$2:$D980,'KEG. PENGAJIAN HARIAN'!$B$2:$B980,">="&$E$2,'KEG. PENGAJIAN HARIAN'!$B$2:$B980,"<="&$G$2,'KEG. PENGAJIAN HARIAN'!$F$2:$F980,B38) -> 0.28055556 | F38: 0.25 | G38: =IFERROR(E38/F38,0) -> 1.1222222 | H38: =COUNTIFS('KEG. PENGAJIAN HARIAN'!$F$2:$F980,B38,'KEG. PENGAJIAN HARIAN'!$B$2:$B980,">="&$E$2,'KEG. PENGAJIAN HARIAN'!$B$2:$B980,"<="&$G$2,'KEG. PENGAJIAN HARIAN'!$G$2:$G980,"hadir") -> 12 | I38: =COUNTIFS('KEG. PENGAJIAN HARIAN'!$F$2:$F980,B38,'KEG. PENGAJIAN HARIAN'!$B$2:$B980,">="&$E$2,'KEG. PENGAJIAN HARIAN'!$B$2:$B980,"<="&$G$2,'KEG. PENGAJIAN HARIAN'!$G$2:$G980,"By VN") -> 0 | J38: =COUNTIFS('KEG. PENGAJIAN HARIAN'!$F$2:$F980,B38,'KEG. PENGAJIAN HARIAN'!$B$2:$B980,">="&$E$2,'KEG. PENGAJIAN HARIAN'!$B$2:$B980,"<="&$G$2,'KEG. PENGAJIAN HARIAN'!$G$2:$G980,"izin (murid)") -> 0 | K38: Chicago | L38: =countif(C22:C44,"Chicago") -> 12 | M38: =sumif(C22:C44,"Chicago",F22:F44) -> 3
A39: 18 | B39: Kirana-CH | C39: Chicago | D39: PraCBR-CBR | E39: =sumifs('KEG. PENGAJIAN HARIAN'!$D$2:$D980,'KEG. PENGAJIAN HARIAN'!$B$2:$B980,">="&$E$2,'KEG. PENGAJIAN HARIAN'!$B$2:$B980,"<="&$G$2,'KEG. PENGAJIAN HARIAN'!$F$2:$F980,B39) -> 0.12847222 | F39: 0.25 | G39: =IFERROR(E39/F39,0) -> 0.51388889 | H39: =COUNTIFS('KEG. PENGAJIAN HARIAN'!$F$2:$F980,B39,'KEG. PENGAJIAN HARIAN'!$B$2:$B980,">="&$E$2,'KEG. PENGAJIAN HARIAN'!$B$2:$B980,"<="&$G$2,'KEG. PENGAJIAN HARIAN'!$G$2:$G980,"hadir") -> 5 | I39: =COUNTIFS('KEG. PENGAJIAN HARIAN'!$F$2:$F980,B39,'KEG. PENGAJIAN HARIAN'!$B$2:$B980,">="&$E$2,'KEG. PENGAJIAN HARIAN'!$B$2:$B980,"<="&$G$2,'KEG. PENGAJIAN HARIAN'!$G$2:$G980,"By VN") -> 0 | J39: =COUNTIFS('KEG. PENGAJIAN HARIAN'!$F$2:$F980,B39,'KEG. PENGAJIAN HARIAN'!$B$2:$B980,">="&$E$2,'KEG. PENGAJIAN HARIAN'!$B$2:$B980,"<="&$G$2,'KEG. PENGAJIAN HARIAN'!$G$2:$G980,"izin (murid)") -> 0 | K39: California | L39: =countif(C22:C44,"California") -> 4 | M39: =sumif(C22:C44,"California",F22:F44) -> 1
A40: 19 | B40: Mikail-CH | C40: Chicago | D40: PraCBR-CBR | E40: =sumifs('KEG. PENGAJIAN HARIAN'!$D$2:$D980,'KEG. PENGAJIAN HARIAN'!$B$2:$B980,">="&$E$2,'KEG. PENGAJIAN HARIAN'!$B$2:$B980,"<="&$G$2,'KEG. PENGAJIAN HARIAN'!$F$2:$F980,B40) -> 0.10555556 | F40: 0.25 | G40: =IFERROR(E40/F40,0) -> 0.42222222 | H40: =COUNTIFS('KEG. PENGAJIAN HARIAN'!$F$2:$F980,B40,'KEG. PENGAJIAN HARIAN'!$B$2:$B980,">="&$E$2,'KEG. PENGAJIAN HARIAN'!$B$2:$B980,"<="&$G$2,'KEG. PENGAJIAN HARIAN'!$G$2:$G980,"hadir") -> 4 | I40: =COUNTIFS('KEG. PENGAJIAN HARIAN'!$F$2:$F980,B40,'KEG. PENGAJIAN HARIAN'!$B$2:$B980,">="&$E$2,'KEG. PENGAJIAN HARIAN'!$B$2:$B980,"<="&$G$2,'KEG. PENGAJIAN HARIAN'!$G$2:$G980,"By VN") -> 0 | J40: =COUNTIFS('KEG. PENGAJIAN HARIAN'!$F$2:$F980,B40,'KEG. PENGAJIAN HARIAN'!$B$2:$B980,">="&$E$2,'KEG. PENGAJIAN HARIAN'!$B$2:$B980,"<="&$G$2,'KEG. PENGAJIAN HARIAN'!$G$2:$G980,"izin (murid)") -> 0 | K40: New Hampshire | L40: =countif(C22:C44,"New Hampshire") -> 5 | M40: =sumif(C22:C44,"New Hampshire",F22:F44) -> 1.25
A41: 20 | B41: Nadeen-CH | C41: Chicago | D41: PraCBR-CBR | E41: =sumifs('KEG. PENGAJIAN HARIAN'!$D$2:$D980,'KEG. PENGAJIAN HARIAN'!$B$2:$B980,">="&$E$2,'KEG. PENGAJIAN HARIAN'!$B$2:$B980,"<="&$G$2,'KEG. PENGAJIAN HARIAN'!$F$2:$F980,B41) -> 0.097222222 | F41: 0.25 | G41: =IFERROR(E41/F41,0) -> 0.38888889 | H41: =COUNTIFS('KEG. PENGAJIAN HARIAN'!$F$2:$F980,B41,'KEG. PENGAJIAN HARIAN'!$B$2:$B980,">="&$E$2,'KEG. PENGAJIAN HARIAN'!$B$2:$B980,"<="&$G$2,'KEG. PENGAJIAN HARIAN'!$G$2:$G980,"hadir") -> 6 | I41: =COUNTIFS('KEG. PENGAJIAN HARIAN'!$F$2:$F980,B41,'KEG. PENGAJIAN HARIAN'!$B$2:$B980,">="&$E$2,'KEG. PENGAJIAN HARIAN'!$B$2:$B980,"<="&$G$2,'KEG. PENGAJIAN HARIAN'!$G$2:$G980,"By VN") -> 0 | J41: izin during ramadhan | K41: Canada | L41: =countif(C22:C44,"Canada") -> 2 | M41: =sumif(C22:C44,"Canada",F22:F44) -> 0.5
A42: 21 | B42: Qalesya-ATL | C42: Chicago | D42: PraCBR-CBR | E42: =sumifs('KEG. PENGAJIAN HARIAN'!$D$2:$D980,'KEG. PENGAJIAN HARIAN'!$B$2:$B980,">="&$E$2,'KEG. PENGAJIAN HARIAN'!$B$2:$B980,"<="&$G$2,'KEG. PENGAJIAN HARIAN'!$F$2:$F980,B42) -> 0.061805556 | F42: 0.25 | G42: =IFERROR(E42/F42,0) -> 0.24722222 | H42: =COUNTIFS('KEG. PENGAJIAN HARIAN'!$F$2:$F980,B42,'KEG. PENGAJIAN HARIAN'!$B$2:$B980,">="&$E$2,'KEG. PENGAJIAN HARIAN'!$B$2:$B980,"<="&$G$2,'KEG. PENGAJIAN HARIAN'!$G$2:$G980,"hadir") -> 2 | I42: =COUNTIFS('KEG. PENGAJIAN HARIAN'!$F$2:$F980,B42,'KEG. PENGAJIAN HARIAN'!$B$2:$B980,">="&$E$2,'KEG. PENGAJIAN HARIAN'!$B$2:$B980,"<="&$G$2,'KEG. PENGAJIAN HARIAN'!$G$2:$G980,"By VN") -> 0 | J42: izin during ramadhan
A43: 22 | B43: Rambo-CH | C43: Chicago | D43: PraCBR-CBR | E43: =sumifs('KEG. PENGAJIAN HARIAN'!$D$2:$D980,'KEG. PENGAJIAN HARIAN'!$B$2:$B980,">="&$E$2,'KEG. PENGAJIAN HARIAN'!$B$2:$B980,"<="&$G$2,'KEG. PENGAJIAN HARIAN'!$F$2:$F980,B43) -> 0.27638889 | F43: 0.25 | G43: =IFERROR(E43/F43,0) -> 1.1055556 | H43: =COUNTIFS('KEG. PENGAJIAN HARIAN'!$F$2:$F980,B43,'KEG. PENGAJIAN HARIAN'!$B$2:$B980,">="&$E$2,'KEG. PENGAJIAN HARIAN'!$B$2:$B980,"<="&$G$2,'KEG. PENGAJIAN HARIAN'!$G$2:$G980,"hadir") -> 12 | I43: =COUNTIFS('KEG. PENGAJIAN HARIAN'!$F$2:$F980,B43,'KEG. PENGAJIAN HARIAN'!$B$2:$B980,">="&$E$2,'KEG. PENGAJIAN HARIAN'!$B$2:$B980,"<="&$G$2,'KEG. PENGAJIAN HARIAN'!$G$2:$G980,"By VN") -> 0 | J43: =COUNTIFS('KEG. PENGAJIAN HARIAN'!$F$2:$F980,B43,'KEG. PENGAJIAN HARIAN'!$B$2:$B980,">="&$E$2,'KEG. PENGAJIAN HARIAN'!$B$2:$B980,"<="&$G$2,'KEG. PENGAJIAN HARIAN'!$G$2:$G980,"izin (murid)") -> 2
A44: 23 | B44: Tami-BFL | C44: Chicago | D44: PraRMJ-RMJ | E44: =sumifs('KEG. PENGAJIAN HARIAN'!$D$2:$D980,'KEG. PENGAJIAN HARIAN'!$B$2:$B980,">="&$E$2,'KEG. PENGAJIAN HARIAN'!$B$2:$B980,"<="&$G$2,'KEG. PENGAJIAN HARIAN'!$F$2:$F980,B44) -> 0.17430556 | F44: 0.25 | G44: =IFERROR(E44/F44,0) -> 0.69722222 | H44: =COUNTIFS('KEG. PENGAJIAN HARIAN'!$F$2:$F980,B44,'KEG. PENGAJIAN HARIAN'!$B$2:$B980,">="&$E$2,'KEG. PENGAJIAN HARIAN'!$B$2:$B980,"<="&$G$2,'KEG. PENGAJIAN HARIAN'!$G$2:$G980,"hadir") -> 2 | I44: =COUNTIFS('KEG. PENGAJIAN HARIAN'!$F$2:$F980,B44,'KEG. PENGAJIAN HARIAN'!$B$2:$B980,">="&$E$2,'KEG. PENGAJIAN HARIAN'!$B$2:$B980,"<="&$G$2,'KEG. PENGAJIAN HARIAN'!$G$2:$G980,"By VN") -> 2 | J44: =COUNTIFS('KEG. PENGAJIAN HARIAN'!$F$2:$F980,B44,'KEG. PENGAJIAN HARIAN'!$B$2:$B980,">="&$E$2,'KEG. PENGAJIAN HARIAN'!$B$2:$B980,"<="&$G$2,'KEG. PENGAJIAN HARIAN'!$G$2:$G980,"izin (murid)") -> 0
E45: =SUM(E22:E44) -> 2.5979167 | F45: =SUM(F22:F44) -> 5.75
B46: % per bulan | E46: =E45/F45 -> 0.45181159 | G46: Chicago | H46: =SUMIF(C22:C44,"Chicago",E22:E44) -> 1.8354167 | I46: =H46/M38 -> 0.61180556
A47: Kehadiran dari bulan lalu | G47: California | H47: =SUMIF(C22:C44,"California",E22:E44) -> 0.19930556 | I47: =H47/M39 -> 0.19930556
A48: Jumlah anak diatas rata-rata kehadirannya : | F48: =COUNTIF(G22:G44, ">="&AVERAGE(G22:G44)) -> 10 | G48: New Hampshire | H48: =SUMIF(C22:C44,"New Hampshire",E22:E44) -> 0.41944444 | I48: =H48/M40 -> 0.33555556
A49: PraCBR-CBR | D49: =SUMIF(D22:D44,"PraCBR-CBR",E22:E44) -> 1.5652778 | E49: =D49/F45 -> 0.27222222 | G49: Canada | H49: =SUMIF(C22:C44,"Canada",E22:E44) -> 0.14375 | I49: =H49/M41 -> 0.2875
A50: PraRMJ-RMJ | D50: =SUMIF(D22:D44,"PraRMJ-RMJ",E22:E44) -> 0.77361111 | E50: =D50/F45 -> 0.13454106
A51: PraNikah | D51: =SUMIF(D22:D44,"PraNikah",E22:E44) -> 0.25902778 | E51: =D51/F45 -> 0.045048309
A52: Jumlah anak diatas rata-rata kehadirannya : | F52: =COUNTIF(G22:G44, ">="&AVERAGE(G22:G44)) -> 10
A53: PraCBR-CBR | E53: =COUNTIFS(D22:D44,"PraCBR-CBR",G22:G44,">="&AVERAGE(G22:G44)) -> 6
A54: PraRMJ-RMJ | E54: =COUNTIFS(D22:D44,"PraRMJ-RMJ",G22:G44,">="&AVERAGE(G22:G44)) -> 3
A55: PraNikah | E55: =COUNTIFS(D22:D44,"PraNikah",G22:G44,">="&AVERAGE(G22:G44)) -> 1

Sheet Mei
A1: REKAPITULASI KEHADIRAN MURID PENGAJIAN PPG AMERICA
B2: Mulai : | C2: 45413 | D2: Hingga : | E2: 45443
A4: NO. | B4: NAMA MURID | C4: KELOMPOK | D4: Jenjang Usia | E4: DURASI MENGAJI | F4: TARGET DURASI | G4: % DURASI | H4: HADIR | I4: BY VN | J4: IZIN (MURID)
A5: 1 | B5: Abi-BFL | C5: Chicago | D5: PraNikah | E5: =sumifs('KEG. PENGAJIAN HARIAN'!$D$2:$D963,'KEG. PENGAJIAN HARIAN'!$B$2:$B963,">="&$C$2,'KEG. PENGAJIAN HARIAN'!$B$2:$B963,"<="&$E$2,'KEG. PENGAJIAN HARIAN'!$F$2:$F963,B5) -> 0.50069444 | F5: 0.5 | G5: =IFERROR(E5/F5,0) -> 1.0013889 | H5: =COUNTIFS('KEG. PENGAJIAN HARIAN'!$F$2:$F963,B5,'KEG. PENGAJIAN HARIAN'!$B$2:$B963,">="&$C$2,'KEG. PENGAJIAN HARIAN'!$B$2:$B963,"<="&$E$2,'KEG. PENGAJIAN HARIAN'!$G$2:$G963,"hadir") -> 10 | I5: =COUNTIFS('KEG. PENGAJIAN HARIAN'!$F$2:$F963,B5,'KEG. PENGAJIAN HARIAN'!$B$2:$B963,">="&$C$2,'KEG. PENGAJIAN HARIAN'!$B$2:$B963,"<="&$E$2,'KEG. PENGAJIAN HARIAN'!$G$2:$G963,"By VN") -> 0 | J5: =COUNTIFS('KEG. PENGAJIAN HARIAN'!$F$2:$F963,B5,'KEG. PENGAJIAN HARIAN'!$B$2:$B963,">="&$C$2,'KEG. PENGAJIAN HARIAN'!$B$2:$B963,"<="&$E$2,'KEG. PENGAJIAN HARIAN'!$G$2:$G963,"izin (murid)") -> 0
A6: 2 | B6: AJ-CA | C6: California | D6: PraNikah | E6: =sumifs('KEG. PENGAJIAN HARIAN'!$D$2:$D963,'KEG. PENGAJIAN HARIAN'!$B$2:$B963,">="&$C$2,'KEG. PENGAJIAN HARIAN'!$B$2:$B963,"<="&$E$2,'KEG. PENGAJIAN HARIAN'!$F$2:$F963,B6) -> 0 | F6: 0.5 | G6: =IFERROR(E6/F6,0) -> 0 | H6: =COUNTIFS('KEG. PENGAJIAN HARIAN'!$F$2:$F963,B6,'KEG. PENGAJIAN HARIAN'!$B$2:$B963,">="&$C$2,'KEG. PENGAJIAN HARIAN'!$B$2:$B963,"<="&$E$2,'KEG. PENGAJIAN HARIAN'!$G$2:$G963,"hadir") -> 0 | I6: =COUNTIFS('KEG. PENGAJIAN HARIAN'!$F$2:$F963,B6,'KEG. PENGAJIAN HARIAN'!$B$2:$B963,">="&$C$2,'KEG. PENGAJIAN HARIAN'!$B$2:$B963,"<="&$E$2,'KEG. PENGAJIAN HARIAN'!$G$2:$G963,"By VN") -> 0 | J6: =COUNTIFS('KEG. PENGAJIAN HARIAN'!$F$2:$F963,B6,'KEG. PENGAJIAN HARIAN'!$B$2:$B963,">="&$C$2,'KEG. PENGAJIAN HARIAN'!$B$2:$B963,"<="&$E$2,'KEG. PENGAJIAN HARIAN'!$G$2:$G963,"izin (murid)") -> 0
A7: 3 | B7: Chester-PD | C7: New Hampshire | D7: PraCBR-CBR | E7: =sumifs('KEG. PENGAJIAN HARIAN'!$D$2:$D963,'KEG. PENGAJIAN HARIAN'!$B$2:$B963,">="&$C$2,'KEG. PENGAJIAN HARIAN'!$B$2:$B963,"<="&$E$2,'KEG. PENGAJIAN HARIAN'!$F$2:$F963,B7) -> 0.2375 | F7: 0.5 | G7: =IFERROR(E7/F7,0) -> 0.475 | H7: =COUNTIFS('KEG. PENGAJIAN HARIAN'!$F$2:$F963,B7,'KEG. PENGAJIAN HARIAN'!$B$2:$B963,">="&$C$2,'KEG. PENGAJIAN HARIAN'!$B$2:$B963,"<="&$E$2,'KEG. PENGAJIAN HARIAN'!$G$2:$G963,"hadir") -> 6 | I7: =COUNTIFS('KEG. PENGAJIAN HARIAN'!$F$2:$F963,B7,'KEG. PENGAJIAN HARIAN'!$B$2:$B963,">="&$C$2,'KEG. PENGAJIAN HARIAN'!$B$2:$B963,"<="&$E$2,'KEG. PENGAJIAN HARIAN'!$G$2:$G963,"By VN") -> 0 | J7: =COUNTIFS('KEG. PENGAJIAN HARIAN'!$F$2:$F963,B7,'KEG. PENGAJIAN HARIAN'!$B$2:$B963,">="&$C$2,'KEG. PENGAJIAN HARIAN'!$B$2:$B963,"<="&$E$2,'KEG. PENGAJIAN HARIAN'!$G$2:$G963,"izin (murid)") -> 0
A8: 4 | B8: Dawud-RLG | C8: New Hampshire | D8: PraCBR-CBR | E8: =sumifs('KEG. PENGAJIAN HARIAN'!$D$2:$D963,'KEG. PENGAJIAN HARIAN'!$B$2:$B963,">="&$C$2,'KEG. PENGAJIAN HARIAN'!$B$2:$B963,"<="&$E$2,'KEG. PENGAJIAN HARIAN'!$F$2:$F963,B8) -> 0.19513889 | F8: 0.5 | G8: =IFERROR(E8/F8,0) -> 0.39027778 | H8: =COUNTIFS('KEG. PENGAJIAN HARIAN'!$F$2:$F963,B8,'KEG. PENGAJIAN HARIAN'!$B$2:$B963,">="&$C$2,'KEG. PENGAJIAN HARIAN'!$B$2:$B963,"<="&$E$2,'KEG. PENGAJIAN HARIAN'!$G$2:$G963,"hadir") -> 7 | I8: =COUNTIFS('KEG. PENGAJIAN HARIAN'!$F$2:$F963,B8,'KEG. PENGAJIAN HARIAN'!$B$2:$B963,">="&$C$2,'KEG. PENGAJIAN HARIAN'!$B$2:$B963,"<="&$E$2,'KEG. PENGAJIAN HARIAN'!$G$2:$G963,"By VN") -> 0 | J8: =COUNTIFS('KEG. PENGAJIAN HARIAN'!$F$2:$F963,B8,'KEG. PENGAJIAN HARIAN'!$B$2:$B963,">="&$C$2,'KEG. PENGAJIAN HARIAN'!$B$2:$B963,"<="&$E$2,'KEG. PENGAJIAN HARIAN'!$G$2:$G963,"izin (murid)") -> 0
A9: 5 | B9: Dehan-CND | C9: Canada | D9: PraRMJ-RMJ | E9: =sumifs('KEG. PENGAJIAN HARIAN'!$D$2:$D963,'KEG. PENGAJIAN HARIAN'!$B$2:$B963,">="&$C$2,'KEG. PENGAJIAN HARIAN'!$B$2:$B963,"<="&$E$2,'KEG. PENGAJIAN HARIAN'!$F$2:$F963,B9) -> 0.21875 | F9: 0.5 | G9: =IFERROR(E9/F9,0) -> 0.4375 | H9: =COUNTIFS('KEG. PENGAJIAN HARIAN'!$F$2:$F963,B9,'KEG. PENGAJIAN HARIAN'!$B$2:$B963,">="&$C$2,'KEG. PENGAJIAN HARIAN'!$B$2:$B963,"<="&$E$2,'KEG. PENGAJIAN HARIAN'!$G$2:$G963,"hadir") -> 7 | I9: =COUNTIFS('KEG. PENGAJIAN HARIAN'!$F$2:$F963,B9,'KEG. PENGAJIAN HARIAN'!$B$2:$B963,">="&$C$2,'KEG. PENGAJIAN HARIAN'!$B$2:$B963,"<="&$E$2,'KEG. PENGAJIAN HARIAN'!$G$2:$G963,"By VN") -> 0 | J9: =COUNTIFS('KEG. PENGAJIAN HARIAN'!$F$2:$F963,B9,'KEG. PENGAJIAN HARIAN'!$B$2:$B963,">="&$C$2,'KEG. PENGAJIAN HARIAN'!$B$2:$B963,"<="&$E$2,'KEG. PENGAJIAN HARIAN'!$G$2:$G963,"izin (murid)") -> 0
A10: 6 | B10: Denissa-RLG | C10: New Hampshire | D10: PraRMJ-RMJ | E10: =sumifs('KEG. PENGAJIAN HARIAN'!$D$2:$D963,'KEG. PENGAJIAN HARIAN'!$B$2:$B963,">="&$C$2,'KEG. PENGAJIAN HARIAN'!$B$2:$B963,"<="&$E$2,'KEG. PENGAJIAN HARIAN'!$F$2:$F963,B10) -> 0.12291667 | F10: 0.5 | G10: =IFERROR(E10/F10,0) -> 0.24583333 | H10: =COUNTIFS('KEG. PENGAJIAN HARIAN'!$F$2:$F963,B10,'KEG. PENGAJIAN HARIAN'!$B$2:$B963,">="&$C$2,'KEG. PENGAJIAN HARIAN'!$B$2:$B963,"<="&$E$2,'KEG. PENGAJIAN HARIAN'!$G$2:$G963,"hadir") -> 3 | I10: =COUNTIFS('KEG. PENGAJIAN HARIAN'!$F$2:$F963,B10,'KEG. PENGAJIAN HARIAN'!$B$2:$B963,">="&$C$2,'KEG. PENGAJIAN HARIAN'!$B$2:$B963,"<="&$E$2,'KEG. PENGAJIAN HARIAN'!$G$2:$G963,"By VN") -> 0 | J10: =COUNTIFS('KEG. PENGAJIAN HARIAN'!$F$2:$F963,B10,'KEG. PENGAJIAN HARIAN'!$B$2:$B963,">="&$C$2,'KEG. PENGAJIAN HARIAN'!$B$2:$B963,"<="&$E$2,'KEG. PENGAJIAN HARIAN'!$G$2:$G963,"izin (murid)") -> 0
A11: 7 | B11: Dinda-RLG | C11: New Hampshire | D11: PraCBR-CBR | E11: =sumifs('KEG. PENGAJIAN HARIAN'!$D$2:$D963,'KEG. PENGAJIAN HARIAN'!$B$2:$B963,">="&$C$2,'KEG. PENGAJIAN HARIAN'!$B$2:$B963,"<="&$E$2,'KEG. PENGAJIAN HARIAN'!$F$2:$F963,B11) -> 0.15138889 | F11: 0.5 | G11: =IFERROR(E11/F11,0) -> 0.30277778 | H11: =COUNTIFS('KEG. PENGAJIAN HARIAN'!$F$2:$F963,B11,'KEG. PENGAJIAN HARIAN'!$B$2:$B963,">="&$C$2,'KEG. PENGAJIAN HARIAN'!$B$2:$B963,"<="&$E$2,'KEG. PENGAJIAN HARIAN'!$G$2:$G963,"hadir") -> 5 | I11: =COUNTIFS('KEG. PENGAJIAN HARIAN'!$F$2:$F963,B11,'KEG. PENGAJIAN HARIAN'!$B$2:$B963,">="&$C$2,'KEG. PENGAJIAN HARIAN'!$B$2:$B963,"<="&$E$2,'KEG. PENGAJIAN HARIAN'!$G$2:$G963,"By VN") -> 0 | J11: =COUNTIFS('KEG. PENGAJIAN HARIAN'!$F$2:$F963,B11,'KEG. PENGAJIAN HARIAN'!$B$2:$B963,">="&$C$2,'KEG. PENGAJIAN HARIAN'!$B$2:$B963,"<="&$E$2,'KEG. PENGAJIAN HARIAN'!$G$2:$G963,"izin (murid)") -> 0
A12: 8 | B12: Dwiki-RLG | C12: New Hampshire | D12: PraRMJ-RMJ | E12: =sumifs('KEG. PENGAJIAN HARIAN'!$D$2:$D963,'KEG. PENGAJIAN HARIAN'!$B$2:$B963,">="&$C$2,'KEG. PENGAJIAN HARIAN'!$B$2:$B963,"<="&$E$2,'KEG. PENGAJIAN HARIAN'!$F$2:$F963,B12) -> 0.22569444 | F12: 0.5 | G12: =IFERROR(E12/F12,0) -> 0.45138889 | H12: =COUNTIFS('KEG. PENGAJIAN HARIAN'!$F$2:$F963,B12,'KEG. PENGAJIAN HARIAN'!$B$2:$B963,">="&$C$2,'KEG. PENGAJIAN HARIAN'!$B$2:$B963,"<="&$E$2,'KEG. PENGAJIAN HARIAN'!$G$2:$G963,"hadir") -> 8 | I12: =COUNTIFS('KEG. PENGAJIAN HARIAN'!$F$2:$F963,B12,'KEG. PENGAJIAN HARIAN'!$B$2:$B963,">="&$C$2,'KEG. PENGAJIAN HARIAN'!$B$2:$B963,"<="&$E$2,'KEG. PENGAJIAN HARIAN'!$G$2:$G963,"By VN") -> 0 | J12: =COUNTIFS('KEG. PENGAJIAN HARIAN'!$F$2:$F963,B12,'KEG. PENGAJIAN HARIAN'!$B$2:$B963,">="&$C$2,'KEG. PENGAJIAN HARIAN'!$B$2:$B963,"<="&$E$2,'KEG. PENGAJIAN HARIAN'!$G$2:$G963,"izin (murid)") -> 0
A13: 9 | B13: Dylan-CA | C13: California | D13: PraRMJ-RMJ | E13: =sumifs('KEG. PENGAJIAN HARIAN'!$D$2:$D963,'KEG. PENGAJIAN HARIAN'!$B$2:$B963,">="&$C$2,'KEG. PENGAJIAN HARIAN'!$B$2:$B963,"<="&$E$2,'KEG. PENGAJIAN HARIAN'!$F$2:$F963,B13) -> 0.32569444 | F13: 0.5 | G13: =IFERROR(E13/F13,0) -> 0.65138889 | H13: =COUNTIFS('KEG. PENGAJIAN HARIAN'!$F$2:$F963,B13,'KEG. PENGAJIAN HARIAN'!$B$2:$B963,">="&$C$2,'KEG. PENGAJIAN HARIAN'!$B$2:$B963,"<="&$E$2,'KEG. PENGAJIAN HARIAN'!$G$2:$G963,"hadir") -> 14 | I13: =COUNTIFS('KEG. PENGAJIAN HARIAN'!$F$2:$F963,B13,'KEG. PENGAJIAN HARIAN'!$B$2:$B963,">="&$C$2,'KEG. PENGAJIAN HARIAN'!$B$2:$B963,"<="&$E$2,'KEG. PENGAJIAN HARIAN'!$G$2:$G963,"By VN") -> 0 | J13: =COUNTIFS('KEG. PENGAJIAN HARIAN'!$F$2:$F963,B13,'KEG. PENGAJIAN HARIAN'!$B$2:$B963,">="&$C$2,'KEG. PENGAJIAN HARIAN'!$B$2:$B963,"<="&$E$2,'KEG. PENGAJIAN HARIAN'!$G$2:$G963,"izin (murid)") -> 0
A14: 10 | B14: Fitri-CND | C14: Canada | D14: PraRMJ-RMJ | E14: =sumifs('KEG. PENGAJIAN HARIAN'!$D$2:$D963,'KEG. PENGAJIAN HARIAN'!$B$2:$B963,">="&$C$2,'KEG. PENGAJIAN HARIAN'!$B$2:$B963,"<="&$E$2,'KEG. PENGAJIAN HARIAN'!$F$2:$F963,B14) -> 0.18263889 | F14: 0.5 | G14: =IFERROR(E14/F14,0) -> 0.36527778 | H14: =COUNTIFS('KEG. PENGAJIAN HARIAN'!$F$2:$F963,B14,'KEG. PENGAJIAN HARIAN'!$B$2:$B963,">="&$C$2,'KEG. PENGAJIAN HARIAN'!$B$2:$B963,"<="&$E$2,'KEG. PENGAJIAN HARIAN'!$G$2:$G963,"hadir") -> 4 | I14: =COUNTIFS('KEG. PENGAJIAN HARIAN'!$F$2:$F963,B14,'KEG. PENGAJIAN HARIAN'!$B$2:$B963,">="&$C$2,'KEG. PENGAJIAN HARIAN'!$B$2:$B963,"<="&$E$2,'KEG. PENGAJIAN HARIAN'!$G$2:$G963,"By VN") -> 0 | J14: =COUNTIFS('KEG. PENGAJIAN HARIAN'!$F$2:$F963,B14,'KEG. PENGAJIAN HARIAN'!$B$2:$B963,">="&$C$2,'KEG. PENGAJIAN HARIAN'!$B$2:$B963,"<="&$E$2,'KEG. PENGAJIAN HARIAN'!$G$2:$G963,"izin (murid)") -> 0
A15: 11 | B15: Gabriel-CH | C15: Chicago | D15: PraCBR-CBR | E15: =sumifs('KEG. PENGAJIAN HARIAN'!$D$2:$D963,'KEG. PENGAJIAN HARIAN'!$B$2:$B963,">="&$C$2,'KEG. PENGAJIAN HARIAN'!$B$2:$B963,"<="&$E$2,'KEG. PENGAJIAN HARIAN'!$F$2:$F963,B15) -> 0.40833333 | F15: 0.5 | G15: =IFERROR(E15/F15,0) -> 0.81666667 | H15: =COUNTIFS('KEG. PENGAJIAN HARIAN'!$F$2:$F963,B15,'KEG. PENGAJIAN HARIAN'!$B$2:$B963,">="&$C$2,'KEG. PENGAJIAN HARIAN'!$B$2:$B963,"<="&$E$2,'KEG. PENGAJIAN HARIAN'!$G$2:$G963,"hadir") -> 17 | I15: =COUNTIFS('KEG. PENGAJIAN HARIAN'!$F$2:$F963,B15,'KEG. PENGAJIAN HARIAN'!$B$2:$B963,">="&$C$2,'KEG. PENGAJIAN HARIAN'!$B$2:$B963,"<="&$E$2,'KEG. PENGAJIAN HARIAN'!$G$2:$G963,"By VN") -> 0 | J15: =COUNTIFS('KEG. PENGAJIAN HARIAN'!$F$2:$F963,B15,'KEG. PENGAJIAN HARIAN'!$B$2:$B963,">="&$C$2,'KEG. PENGAJIAN HARIAN'!$B$2:$B963,"<="&$E$2,'KEG. PENGAJIAN HARIAN'!$G$2:$G963,"izin (murid)") -> 0
A16: 12 | B16: Grazia-IN | C16: Chicago | D16: PraCBR-CBR | E16: =sumifs('KEG. PENGAJIAN HARIAN'!$D$2:$D963,'KEG. PENGAJIAN HARIAN'!$B$2:$B963,">="&$C$2,'KEG. PENGAJIAN HARIAN'!$B$2:$B963,"<="&$E$2,'KEG. PENGAJIAN HARIAN'!$F$2:$F963,B16) -> 0.47083333 | F16: 0.5 | G16: =IFERROR(E16/F16,0) -> 0.94166667 | H16: =COUNTIFS('KEG. PENGAJIAN HARIAN'!$F$2:$F963,B16,'KEG. PENGAJIAN HARIAN'!$B$2:$B963,">="&$C$2,'KEG. PENGAJIAN HARIAN'!$B$2:$B963,"<="&$E$2,'KEG. PENGAJIAN HARIAN'!$G$2:$G963,"hadir") -> 12 | I16: =COUNTIFS('KEG. PENGAJIAN HARIAN'!$F$2:$F963,B16,'KEG. PENGAJIAN HARIAN'!$B$2:$B963,">="&$C$2,'KEG. PENGAJIAN HARIAN'!$B$2:$B963,"<="&$E$2,'KEG. PENGAJIAN HARIAN'!$G$2:$G963,"By VN") -> 0 | J16: =COUNTIFS('KEG. PENGAJIAN HARIAN'!$F$2:$F963,B16,'KEG. PENGAJIAN HARIAN'!$B$2:$B963,">="&$C$2,'KEG. PENGAJIAN HARIAN'!$B$2:$B963,"<="&$E$2,'KEG. PENGAJIAN HARIAN'!$G$2:$G963,"izin (murid)") -> 4
A17: 13 | B17: Irsan-CH | C17: Chicago | D17: PraRMJ-RMJ | E17: =sumifs('KEG. PENGAJIAN HARIAN'!$D$2:$D963,'KEG. PENGAJIAN HARIAN'!$B$2:$B963,">="&$C$2,'KEG. PENGAJIAN HARIAN'!$B$2:$B963,"<="&$E$2,'KEG. PENGAJIAN HARIAN'!$F$2:$F963,B17) -> 0.47708333 | F17: 0.5 | G17: =IFERROR(E17/F17,0) -> 0.95416667 | H17: =COUNTIFS('KEG. PENGAJIAN HARIAN'!$F$2:$F963,B17,'KEG. PENGAJIAN HARIAN'!$B$2:$B963,">="&$C$2,'KEG. PENGAJIAN HARIAN'!$B$2:$B963,"<="&$E$2,'KEG. PENGAJIAN HARIAN'!$G$2:$G963,"hadir") -> 17 | I17: =COUNTIFS('KEG. PENGAJIAN HARIAN'!$F$2:$F963,B17,'KEG. PENGAJIAN HARIAN'!$B$2:$B963,">="&$C$2,'KEG. PENGAJIAN HARIAN'!$B$2:$B963,"<="&$E$2,'KEG. PENGAJIAN HARIAN'!$G$2:$G963,"By VN") -> 1 | J17: =COUNTIFS('KEG. PENGAJIAN HARIAN'!$F$2:$F963,B17,'KEG. PENGAJIAN HARIAN'!$B$2:$B963,">="&$C$2,'KEG. PENGAJIAN HARIAN'!$B$2:$B963,"<="&$E$2,'KEG. PENGAJIAN HARIAN'!$G$2:$G963,"izin (murid)") -> 0
A18: 14 | B18: Jourdan-CA | C18: California | D18: PraNikah | E18: =sumifs('KEG. PENGAJIAN HARIAN'!$D$2:$D963,'KEG. PENGAJIAN HARIAN'!$B$2:$B963,">="&$C$2,'KEG. PENGAJIAN HARIAN'!$B$2:$B963,"<="&$E$2,'KEG. PENGAJIAN HARIAN'!$F$2:$F963,B18) -> 0 | F18: 0.5 | G18: =IFERROR(E18/F18,0) -> 0 | H18: =COUNTIFS('KEG. PENGAJIAN HARIAN'!$F$2:$F963,B18,'KEG. PENGAJIAN HARIAN'!$B$2:$B963,">="&$C$2,'KEG. PENGAJIAN HARIAN'!$B$2:$B963,"<="&$E$2,'KEG. PENGAJIAN HARIAN'!$G$2:$G963,"hadir") -> 0 | I18: =COUNTIFS('KEG. PENGAJIAN HARIAN'!$F$2:$F963,B18,'KEG. PENGAJIAN HARIAN'!$B$2:$B963,">="&$C$2,'KEG. PENGAJIAN HARIAN'!$B$2:$B963,"<="&$E$2,'KEG. PENGAJIAN HARIAN'!$G$2:$G963,"By VN") -> 0 | J18: =COUNTIFS('KEG. PENGAJIAN HARIAN'!$F$2:$F963,B18,'KEG. PENGAJIAN HARIAN'!$B$2:$B963,">="&$C$2,'KEG. PENGAJIAN HARIAN'!$B$2:$B963,"<="&$E$2,'KEG. PENGAJIAN HARIAN'!$G$2:$G963,"izin (murid)") -> 0
A19: 15 | B19: Jubilee-CH | C19: Chicago | D19: PraCBR-CBR | E19: =sumifs('KEG. PENGAJIAN HARIAN'!$D$2:$D963,'KEG. PENGAJIAN HARIAN'!$B$2:$B963,">="&$C$2,'KEG. PENGAJIAN HARIAN'!$B$2:$B963,"<="&$E$2,'KEG. PENGAJIAN HARIAN'!$F$2:$F963,B19) -> 0.47083333 | F19: 0.5 | G19: =IFERROR(E19/F19,0) -> 0.94166667 | H19: =COUNTIFS('KEG. PENGAJIAN HARIAN'!$F$2:$F963,B19,'KEG. PENGAJIAN HARIAN'!$B$2:$B963,">="&$C$2,'KEG. PENGAJIAN HARIAN'!$B$2:$B963,"<="&$E$2,'KEG. PENGAJIAN HARIAN'!$G$2:$G963,"hadir") -> 20 | I19: =COUNTIFS('KEG. PENGAJIAN HARIAN'!$F$2:$F963,B19,'KEG. PENGAJIAN HARIAN'!$B$2:$B963,">="&$C$2,'KEG. PENGAJIAN HARIAN'!$B$2:$B963,"<="&$E$2,'KEG. PENGAJIAN HARIAN'!$G$2:$G963,"By VN") -> 0 | J19: =COUNTIFS('KEG. PENGAJIAN HARIAN'!$F$2:$F963,B19,'KEG. PENGAJIAN HARIAN'!$B$2:$B963,">="&$C$2,'KEG. PENGAJIAN HARIAN'!$B$2:$B963,"<="&$E$2,'KEG. PENGAJIAN HARIAN'!$G$2:$G963,"izin (murid)") -> 1
A20: 16 | B20: Kayla-CA | C20: California | D20: PraNikah | E20: =sumifs('KEG. PENGAJIAN HARIAN'!$D$2:$D963,'KEG. PENGAJIAN HARIAN'!$B$2:$B963,">="&$C$2,'KEG. PENGAJIAN HARIAN'!$B$2:$B963,"<="&$E$2,'KEG. PENGAJIAN HARIAN'!$F$2:$F963,B20) -> 0.30208333 | F20: 0.5 | G20: =IFERROR(E20/F20,0) -> 0.60416667 | H20: =COUNTIFS('KEG. PENGAJIAN HARIAN'!$F$2:$F963,B20,'KEG. PENGAJIAN HARIAN'!$B$2:$B963,">="&$C$2,'KEG. PENGAJIAN HARIAN'!$B$2:$B963,"<="&$E$2,'KEG. PENGAJIAN HARIAN'!$G$2:$G963,"hadir") -> 5 | I20: =COUNTIFS('KEG. PENGAJIAN HARIAN'!$F$2:$F963,B20,'KEG. PENGAJIAN HARIAN'!$B$2:$B963,">="&$C$2,'KEG. PENGAJIAN HARIAN'!$B$2:$B963,"<="&$E$2,'KEG. PENGAJIAN HARIAN'!$G$2:$G963,"By VN") -> 0 | J20: =COUNTIFS('KEG. PENGAJIAN HARIAN'!$F$2:$F963,B20,'KEG. PENGAJIAN HARIAN'!$B$2:$B963,">="&$C$2,'KEG. PENGAJIAN HARIAN'!$B$2:$B963,"<="&$E$2,'KEG. PENGAJIAN HARIAN'!$G$2:$G963,"izin (murid)") -> 0
A21: 17 | B21: Khayri-CH | C21: Chicago | D21: PraCBR-CBR | E21: =sumifs('KEG. PENGAJIAN HARIAN'!$D$2:$D963,'KEG. PENGAJIAN HARIAN'!$B$2:$B963,">="&$C$2,'KEG. PENGAJIAN HARIAN'!$B$2:$B963,"<="&$E$2,'KEG. PENGAJIAN HARIAN'!$F$2:$F963,B21) -> 0.52013889 | F21: 0.5 | G21: =IFERROR(E21/F21,0) -> 1.0402778 | H21: =COUNTIFS('KEG. PENGAJIAN HARIAN'!$F$2:$F963,B21,'KEG. PENGAJIAN HARIAN'!$B$2:$B963,">="&$C$2,'KEG. PENGAJIAN HARIAN'!$B$2:$B963,"<="&$E$2,'KEG. PENGAJIAN HARIAN'!$G$2:$G963,"hadir") -> 20 | I21: =COUNTIFS('KEG. PENGAJIAN HARIAN'!$F$2:$F963,B21,'KEG. PENGAJIAN HARIAN'!$B$2:$B963,">="&$C$2,'KEG. PENGAJIAN HARIAN'!$B$2:$B963,"<="&$E$2,'KEG. PENGAJIAN HARIAN'!$G$2:$G963,"By VN") -> 0 | J21: =COUNTIFS('KEG. PENGAJIAN HARIAN'!$F$2:$F963,B21,'KEG. PENGAJIAN HARIAN'!$B$2:$B963,">="&$C$2,'KEG. PENGAJIAN HARIAN'!$B$2:$B963,"<="&$E$2,'KEG. PENGAJIAN HARIAN'!$G$2:$G963,"izin (murid)") -> 2
A22: 18 | B22: Kirana-CH | C22: Chicago | D22: PraCBR-CBR | E22: =sumifs('KEG. PENGAJIAN HARIAN'!$D$2:$D963,'KEG. PENGAJIAN HARIAN'!$B$2:$B963,">="&$C$2,'KEG. PENGAJIAN HARIAN'!$B$2:$B963,"<="&$E$2,'KEG. PENGAJIAN HARIAN'!$F$2:$F963,B22) -> 0.29722222 | F22: 0.5 | G22: =IFERROR(E22/F22,0) -> 0.59444444 | H22: =COUNTIFS('KEG. PENGAJIAN HARIAN'!$F$2:$F963,B22,'KEG. PENGAJIAN HARIAN'!$B$2:$B963,">="&$C$2,'KEG. PENGAJIAN HARIAN'!$B$2:$B963,"<="&$E$2,'KEG. PENGAJIAN HARIAN'!$G$2:$G963,"hadir") -> 11 | I22: =COUNTIFS('KEG. PENGAJIAN HARIAN'!$F$2:$F963,B22,'KEG. PENGAJIAN HARIAN'!$B$2:$B963,">="&$C$2,'KEG. PENGAJIAN HARIAN'!$B$2:$B963,"<="&$E$2,'KEG. PENGAJIAN HARIAN'!$G$2:$G963,"By VN") -> 0 | J22: =COUNTIFS('KEG. PENGAJIAN HARIAN'!$F$2:$F963,B22,'KEG. PENGAJIAN HARIAN'!$B$2:$B963,">="&$C$2,'KEG. PENGAJIAN HARIAN'!$B$2:$B963,"<="&$E$2,'KEG. PENGAJIAN HARIAN'!$G$2:$G963,"izin (murid)") -> 0
A23: 19 | B23: Mikail-CH | C23: Chicago | D23: PraCBR-CBR | E23: =sumifs('KEG. PENGAJIAN HARIAN'!$D$2:$D963,'KEG. PENGAJIAN HARIAN'!$B$2:$B963,">="&$C$2,'KEG. PENGAJIAN HARIAN'!$B$2:$B963,"<="&$E$2,'KEG. PENGAJIAN HARIAN'!$F$2:$F963,B23) -> 0.35902778 | F23: 0.5 | G23: =IFERROR(E23/F23,0) -> 0.71805556 | H23: =COUNTIFS('KEG. PENGAJIAN HARIAN'!$F$2:$F963,B23,'KEG. PENGAJIAN HARIAN'!$B$2:$B963,">="&$C$2,'KEG. PENGAJIAN HARIAN'!$B$2:$B963,"<="&$E$2,'KEG. PENGAJIAN HARIAN'!$G$2:$G963,"hadir") -> 17 | I23: =COUNTIFS('KEG. PENGAJIAN HARIAN'!$F$2:$F963,B23,'KEG. PENGAJIAN HARIAN'!$B$2:$B963,">="&$C$2,'KEG. PENGAJIAN HARIAN'!$B$2:$B963,"<="&$E$2,'KEG. PENGAJIAN HARIAN'!$G$2:$G963,"By VN") -> 0 | J23: =COUNTIFS('KEG. PENGAJIAN HARIAN'!$F$2:$F963,B23,'KEG. PENGAJIAN HARIAN'!$B$2:$B963,">="&$C$2,'KEG. PENGAJIAN HARIAN'!$B$2:$B963,"<="&$E$2,'KEG. PENGAJIAN HARIAN'!$G$2:$G963,"izin (murid)") -> 0
A24: 20 | B24: Nadeen-CH | C24: Chicago | D24: PraCBR-CBR | E24: =sumifs('KEG. PENGAJIAN HARIAN'!$D$2:$D963,'KEG. PENGAJIAN HARIAN'!$B$2:$B963,">="&$C$2,'KEG. PENGAJIAN HARIAN'!$B$2:$B963,"<="&$E$2,'KEG. PENGAJIAN HARIAN'!$F$2:$F963,B24) -> 0.36736111 | F24: 0.5 | G24: =IFERROR(E24/F24,0) -> 0.73472222 | H24: =COUNTIFS('KEG. PENGAJIAN HARIAN'!$F$2:$F963,B24,'KEG. PENGAJIAN HARIAN'!$B$2:$B963,">="&$C$2,'KEG. PENGAJIAN HARIAN'!$B$2:$B963,"<="&$E$2,'KEG. PENGAJIAN HARIAN'!$G$2:$G963,"hadir") -> 17 | I24: =COUNTIFS('KEG. PENGAJIAN HARIAN'!$F$2:$F963,B24,'KEG. PENGAJIAN HARIAN'!$B$2:$B963,">="&$C$2,'KEG. PENGAJIAN HARIAN'!$B$2:$B963,"<="&$E$2,'KEG. PENGAJIAN HARIAN'!$G$2:$G963,"By VN") -> 0 | J24: =COUNTIFS('KEG. PENGAJIAN HARIAN'!$F$2:$F963,B24,'KEG. PENGAJIAN HARIAN'!$B$2:$B963,">="&$C$2,'KEG. PENGAJIAN HARIAN'!$B$2:$B963,"<="&$E$2,'KEG. PENGAJIAN HARIAN'!$G$2:$G963,"izin (murid)") -> 0
A25: 21 | B25: Qalesya-ATL | C25: Chicago | D25: PraCBR-CBR | E25: =sumifs('KEG. PENGAJIAN HARIAN'!$D$2:$D963,'KEG. PENGAJIAN HARIAN'!$B$2:$B963,">="&$C$2,'KEG. PENGAJIAN HARIAN'!$B$2:$B963,"<="&$E$2,'KEG. PENGAJIAN HARIAN'!$F$2:$F963,B25) -> 0.11041667 | F25: 0.5 | G25: =IFERROR(E25/F25,0) -> 0.22083333 | H25: =COUNTIFS('KEG. PENGAJIAN HARIAN'!$F$2:$F963,B25,'KEG. PENGAJIAN HARIAN'!$B$2:$B963,">="&$C$2,'KEG. PENGAJIAN HARIAN'!$B$2:$B963,"<="&$E$2,'KEG. PENGAJIAN HARIAN'!$G$2:$G963,"hadir") -> 3 | I25: =COUNTIFS('KEG. PENGAJIAN HARIAN'!$F$2:$F963,B25,'KEG. PENGAJIAN HARIAN'!$B$2:$B963,">="&$C$2,'KEG. PENGAJIAN HARIAN'!$B$2:$B963,"<="&$E$2,'KEG. PENGAJIAN HARIAN'!$G$2:$G963,"By VN") -> 0 | J25: =COUNTIFS('KEG. PENGAJIAN HARIAN'!$F$2:$F963,B25,'KEG. PENGAJIAN HARIAN'!$B$2:$B963,">="&$C$2,'KEG. PENGAJIAN HARIAN'!$B$2:$B963,"<="&$E$2,'KEG. PENGAJIAN HARIAN'!$G$2:$G963,"izin (murid)") -> 1
A26: 22 | B26: Rambo-CH | C26: Chicago | D26: PraCBR-CBR | E26: =sumifs('KEG. PENGAJIAN HARIAN'!$D$2:$D963,'KEG. PENGAJIAN HARIAN'!$B$2:$B963,">="&$C$2,'KEG. PENGAJIAN HARIAN'!$B$2:$B963,"<="&$E$2,'KEG. PENGAJIAN HARIAN'!$F$2:$F963,B26) -> 0.45625 | F26: 0.5 | G26: =IFERROR(E26/F26,0) -> 0.9125 | H26: =COUNTIFS('KEG. PENGAJIAN HARIAN'!$F$2:$F963,B26,'KEG. PENGAJIAN HARIAN'!$B$2:$B963,">="&$C$2,'KEG. PENGAJIAN HARIAN'!$B$2:$B963,"<="&$E$2,'KEG. PENGAJIAN HARIAN'!$G$2:$G963,"hadir") -> 19 | I26: =COUNTIFS('KEG. PENGAJIAN HARIAN'!$F$2:$F963,B26,'KEG. PENGAJIAN HARIAN'!$B$2:$B963,">="&$C$2,'KEG. PENGAJIAN HARIAN'!$B$2:$B963,"<="&$E$2,'KEG. PENGAJIAN HARIAN'!$G$2:$G963,"By VN") -> 0 | J26: =COUNTIFS('KEG. PENGAJIAN HARIAN'!$F$2:$F963,B26,'KEG. PENGAJIAN HARIAN'!$B$2:$B963,">="&$C$2,'KEG. PENGAJIAN HARIAN'!$B$2:$B963,"<="&$E$2,'KEG. PENGAJIAN HARIAN'!$G$2:$G963,"izin (murid)") -> 2
A27: 23 | B27: Tami-BFL | C27: Chicago | D27: PraRMJ-RMJ | E27: =sumifs('KEG. PENGAJIAN HARIAN'!$D$2:$D963,'KEG. PENGAJIAN HARIAN'!$B$2:$B963,">="&$C$2,'KEG. PENGAJIAN HARIAN'!$B$2:$B963,"<="&$E$2,'KEG. PENGAJIAN HARIAN'!$F$2:$F963,B27) -> 0.46736111 | F27: 0.5 | G27: =IFERROR(E27/F27,0) -> 0.93472222 | H27: =COUNTIFS('KEG. PENGAJIAN HARIAN'!$F$2:$F963,B27,'KEG. PENGAJIAN HARIAN'!$B$2:$B963,">="&$C$2,'KEG. PENGAJIAN HARIAN'!$B$2:$B963,"<="&$E$2,'KEG. PENGAJIAN HARIAN'!$G$2:$G963,"hadir") -> 9 | I27: =COUNTIFS('KEG. PENGAJIAN HARIAN'!$F$2:$F963,B27,'KEG. PENGAJIAN HARIAN'!$B$2:$B963,">="&$C$2,'KEG. PENGAJIAN HARIAN'!$B$2:$B963,"<="&$E$2,'KEG. PENGAJIAN HARIAN'!$G$2:$G963,"By VN") -> 0 | J27: =COUNTIFS('KEG. PENGAJIAN HARIAN'!$F$2:$F963,B27,'KEG. PENGAJIAN HARIAN'!$B$2:$B963,">="&$C$2,'KEG. PENGAJIAN HARIAN'!$B$2:$B963,"<="&$E$2,'KEG. PENGAJIAN HARIAN'!$G$2:$G963,"izin (murid)") -> 0
E28: =SUM(E5:E27) -> 6.8673611 | F28: =SUM(F5:F27) -> 11.5
E29: =E28/F28 -> 0.59716184

Sheet Juni
A1: REKAPITULASI KEHADIRAN MURID PENGAJIAN PPG AMERICA
B2: Mulai : | C2: 45444 | D2: Hingga : | E2: 45473
A4: NO. | B4: NAMA MURID | C4: KELOMPOK | D4: Jenjang Usia | E4: DURASI MENGAJI | F4: TARGET DURASI | G4: % DURASI | H4: HADIR | I4: BY VN | J4: IZIN (MURID)
A5: 1 | B5: Abi-BFL | C5: Chicago | D5: PraNikah | E5: =sumifs('KEG. PENGAJIAN HARIAN'!$D$2:$D963,'KEG. PENGAJIAN HARIAN'!$B$2:$B963,">="&$C$2,'KEG. PENGAJIAN HARIAN'!$B$2:$B963,"<="&$E$2,'KEG. PENGAJIAN HARIAN'!$F$2:$F963,B5) -> 0.34930556 | F5: 0.5 | G5: =IFERROR(E5/F5,0) -> 0.69861111 | H5: =COUNTIFS('KEG. PENGAJIAN HARIAN'!$F$2:$F963,B5,'KEG. PENGAJIAN HARIAN'!$B$2:$B963,">="&$C$2,'KEG. PENGAJIAN HARIAN'!$B$2:$B963,"<="&$E$2,'KEG. PENGAJIAN HARIAN'!$G$2:$G963,"hadir") -> 7 | I5: =COUNTIFS('KEG. PENGAJIAN HARIAN'!$F$2:$F963,B5,'KEG. PENGAJIAN HARIAN'!$B$2:$B963,">="&$C$2,'KEG. PENGAJIAN HARIAN'!$B$2:$B963,"<="&$E$2,'KEG. PENGAJIAN HARIAN'!$G$2:$G963,"By VN") -> 0 | J5: =COUNTIFS('KEG. PENGAJIAN HARIAN'!$F$2:$F963,B5,'KEG. PENGAJIAN HARIAN'!$B$2:$B963,">="&$C$2,'KEG. PENGAJIAN HARIAN'!$B$2:$B963,"<="&$E$2,'KEG. PENGAJIAN HARIAN'!$G$2:$G963,"izin (murid)") -> 1
A6: 2 | B6: AJ-CA | C6: California | D6: PraNikah | E6: =sumifs('KEG. PENGAJIAN HARIAN'!$D$2:$D963,'KEG. PENGAJIAN HARIAN'!$B$2:$B963,">="&$C$2,'KEG. PENGAJIAN HARIAN'!$B$2:$B963,"<="&$E$2,'KEG. PENGAJIAN HARIAN'!$F$2:$F963,B6) -> 0 | F6: 0.5 | G6: =IFERROR(E6/F6,0) -> 0 | H6: =COUNTIFS('KEG. PENGAJIAN HARIAN'!$F$2:$F963,B6,'KEG. PENGAJIAN HARIAN'!$B$2:$B963,">="&$C$2,'KEG. PENGAJIAN HARIAN'!$B$2:$B963,"<="&$E$2,'KEG. PENGAJIAN HARIAN'!$G$2:$G963,"hadir") -> 0 | I6: =COUNTIFS('KEG. PENGAJIAN HARIAN'!$F$2:$F963,B6,'KEG. PENGAJIAN HARIAN'!$B$2:$B963,">="&$C$2,'KEG. PENGAJIAN HARIAN'!$B$2:$B963,"<="&$E$2,'KEG. PENGAJIAN HARIAN'!$G$2:$G963,"By VN") -> 0 | J6: =COUNTIFS('KEG. PENGAJIAN HARIAN'!$F$2:$F963,B6,'KEG. PENGAJIAN HARIAN'!$B$2:$B963,">="&$C$2,'KEG. PENGAJIAN HARIAN'!$B$2:$B963,"<="&$E$2,'KEG. PENGAJIAN HARIAN'!$G$2:$G963,"izin (murid)") -> 0
A7: 3 | B7: Chester-PD | C7: New Hampshire | D7: PraCBR-CBR | E7: =sumifs('KEG. PENGAJIAN HARIAN'!$D$2:$D963,'KEG. PENGAJIAN HARIAN'!$B$2:$B963,">="&$C$2,'KEG. PENGAJIAN HARIAN'!$B$2:$B963,"<="&$E$2,'KEG. PENGAJIAN HARIAN'!$F$2:$F963,B7) -> 0.59652778 | F7: 0.5 | G7: =IFERROR(E7/F7,0) -> 1.1930556 | H7: =COUNTIFS('KEG. PENGAJIAN HARIAN'!$F$2:$F963,B7,'KEG. PENGAJIAN HARIAN'!$B$2:$B963,">="&$C$2,'KEG. PENGAJIAN HARIAN'!$B$2:$B963,"<="&$E$2,'KEG. PENGAJIAN HARIAN'!$G$2:$G963,"hadir") -> 11 | I7: =COUNTIFS('KEG. PENGAJIAN HARIAN'!$F$2:$F963,B7,'KEG. PENGAJIAN HARIAN'!$B$2:$B963,">="&$C$2,'KEG. PENGAJIAN HARIAN'!$B$2:$B963,"<="&$E$2,'KEG. PENGAJIAN HARIAN'!$G$2:$G963,"By VN") -> 1 | J7: =COUNTIFS('KEG. PENGAJIAN HARIAN'!$F$2:$F963,B7,'KEG. PENGAJIAN HARIAN'!$B$2:$B963,">="&$C$2,'KEG. PENGAJIAN HARIAN'!$B$2:$B963,"<="&$E$2,'KEG. PENGAJIAN HARIAN'!$G$2:$G963,"izin (murid)") -> 0
A8: 4 | B8: Dawud-RLG | C8: New Hampshire | D8: PraCBR-CBR | E8: =sumifs('KEG. PENGAJIAN HARIAN'!$D$2:$D963,'KEG. PENGAJIAN HARIAN'!$B$2:$B963,">="&$C$2,'KEG. PENGAJIAN HARIAN'!$B$2:$B963,"<="&$E$2,'KEG. PENGAJIAN HARIAN'!$F$2:$F963,B8) -> 0.38333333 | F8: 0.5 | G8: =IFERROR(E8/F8,0) -> 0.76666667 | H8: =COUNTIFS('KEG. PENGAJIAN HARIAN'!$F$2:$F963,B8,'KEG. PENGAJIAN HARIAN'!$B$2:$B963,">="&$C$2,'KEG. PENGAJIAN HARIAN'!$B$2:$B963,"<="&$E$2,'KEG. PENGAJIAN HARIAN'!$G$2:$G963,"hadir") -> 12 | I8: =COUNTIFS('KEG. PENGAJIAN HARIAN'!$F$2:$F963,B8,'KEG. PENGAJIAN HARIAN'!$B$2:$B963,">="&$C$2,'KEG. PENGAJIAN HARIAN'!$B$2:$B963,"<="&$E$2,'KEG. PENGAJIAN HARIAN'!$G$2:$G963,"By VN") -> 0 | J8: =COUNTIFS('KEG. PENGAJIAN HARIAN'!$F$2:$F963,B8,'KEG. PENGAJIAN HARIAN'!$B$2:$B963,">="&$C$2,'KEG. PENGAJIAN HARIAN'!$B$2:$B963,"<="&$E$2,'KEG. PENGAJIAN HARIAN'!$G$2:$G963,"izin (murid)") -> 1 | K8: PraCBR-CBR | L8: =countif(D5:D27,"PraCBR-CBR") -> 12
A9: 5 | B9: Dehan-CND | C9: Canada | D9: PraRMJ-RMJ | E9: =sumifs('KEG. PENGAJIAN HARIAN'!$D$2:$D963,'KEG. PENGAJIAN HARIAN'!$B$2:$B963,">="&$C$2,'KEG. PENGAJIAN HARIAN'!$B$2:$B963,"<="&$E$2,'KEG. PENGAJIAN HARIAN'!$F$2:$F963,B9) -> 0.36180556 | F9: 0.5 | G9: =IFERROR(E9/F9,0) -> 0.72361111 | H9: =COUNTIFS('KEG. PENGAJIAN HARIAN'!$F$2:$F963,B9,'KEG. PENGAJIAN HARIAN'!$B$2:$B963,">="&$C$2,'KEG. PENGAJIAN HARIAN'!$B$2:$B963,"<="&$E$2,'KEG. PENGAJIAN HARIAN'!$G$2:$G963,"hadir") -> 7 | I9: =COUNTIFS('KEG. PENGAJIAN HARIAN'!$F$2:$F963,B9,'KEG. PENGAJIAN HARIAN'!$B$2:$B963,">="&$C$2,'KEG. PENGAJIAN HARIAN'!$B$2:$B963,"<="&$E$2,'KEG. PENGAJIAN HARIAN'!$G$2:$G963,"By VN") -> 0 | J9: =COUNTIFS('KEG. PENGAJIAN HARIAN'!$F$2:$F963,B9,'KEG. PENGAJIAN HARIAN'!$B$2:$B963,">="&$C$2,'KEG. PENGAJIAN HARIAN'!$B$2:$B963,"<="&$E$2,'KEG. PENGAJIAN HARIAN'!$G$2:$G963,"izin (murid)") -> 0 | K9: PraRMJ-RMJ | L9: =countif(D5:D27,"PraRMJ-RMJ") -> 7
A10: 6 | B10: Denissa-RLG | C10: New Hampshire | D10: PraRMJ-RMJ | E10: =sumifs('KEG. PENGAJIAN HARIAN'!$D$2:$D963,'KEG. PENGAJIAN HARIAN'!$B$2:$B963,">="&$C$2,'KEG. PENGAJIAN HARIAN'!$B$2:$B963,"<="&$E$2,'KEG. PENGAJIAN HARIAN'!$F$2:$F963,B10) -> 0.30069444 | F10: 0.5 | G10: =IFERROR(E10/F10,0) -> 0.60138889 | H10: =COUNTIFS('KEG. PENGAJIAN HARIAN'!$F$2:$F963,B10,'KEG. PENGAJIAN HARIAN'!$B$2:$B963,">="&$C$2,'KEG. PENGAJIAN HARIAN'!$B$2:$B963,"<="&$E$2,'KEG. PENGAJIAN HARIAN'!$G$2:$G963,"hadir") -> 3 | I10: =COUNTIFS('KEG. PENGAJIAN HARIAN'!$F$2:$F963,B10,'KEG. PENGAJIAN HARIAN'!$B$2:$B963,">="&$C$2,'KEG. PENGAJIAN HARIAN'!$B$2:$B963,"<="&$E$2,'KEG. PENGAJIAN HARIAN'!$G$2:$G963,"By VN") -> 4 | J10: =COUNTIFS('KEG. PENGAJIAN HARIAN'!$F$2:$F963,B10,'KEG. PENGAJIAN HARIAN'!$B$2:$B963,">="&$C$2,'KEG. PENGAJIAN HARIAN'!$B$2:$B963,"<="&$E$2,'KEG. PENGAJIAN HARIAN'!$G$2:$G963,"izin (murid)") -> 0 | K10: PraNIkah | L10: =countif(D5:D27,"PraNikah") -> 4
A11: 7 | B11: Dinda-RLG | C11: New Hampshire | D11: PraCBR-CBR | E11: =sumifs('KEG. PENGAJIAN HARIAN'!$D$2:$D963,'KEG. PENGAJIAN HARIAN'!$B$2:$B963,">="&$C$2,'KEG. PENGAJIAN HARIAN'!$B$2:$B963,"<="&$E$2,'KEG. PENGAJIAN HARIAN'!$F$2:$F963,B11) -> 0.29305556 | F11: 0.5 | G11: =IFERROR(E11/F11,0) -> 0.58611111 | H11: =COUNTIFS('KEG. PENGAJIAN HARIAN'!$F$2:$F963,B11,'KEG. PENGAJIAN HARIAN'!$B$2:$B963,">="&$C$2,'KEG. PENGAJIAN HARIAN'!$B$2:$B963,"<="&$E$2,'KEG. PENGAJIAN HARIAN'!$G$2:$G963,"hadir") -> 9 | I11: =COUNTIFS('KEG. PENGAJIAN HARIAN'!$F$2:$F963,B11,'KEG. PENGAJIAN HARIAN'!$B$2:$B963,">="&$C$2,'KEG. PENGAJIAN HARIAN'!$B$2:$B963,"<="&$E$2,'KEG. PENGAJIAN HARIAN'!$G$2:$G963,"By VN") -> 0 | J11: =COUNTIFS('KEG. PENGAJIAN HARIAN'!$F$2:$F963,B11,'KEG. PENGAJIAN HARIAN'!$B$2:$B963,">="&$C$2,'KEG. PENGAJIAN HARIAN'!$B$2:$B963,"<="&$E$2,'KEG. PENGAJIAN HARIAN'!$G$2:$G963,"izin (murid)") -> 0
A12: 8 | B12: Dwiki-RLG | C12: New Hampshire | D12: PraRMJ-RMJ | E12: =sumifs('KEG. PENGAJIAN HARIAN'!$D$2:$D963,'KEG. PENGAJIAN HARIAN'!$B$2:$B963,">="&$C$2,'KEG. PENGAJIAN HARIAN'!$B$2:$B963,"<="&$E$2,'KEG. PENGAJIAN HARIAN'!$F$2:$F963,B12) -> 0.083333333 | F12: 0.5 | G12: =IFERROR(E12/F12,0) -> 0.16666667 | H12: =COUNTIFS('KEG. PENGAJIAN HARIAN'!$F$2:$F963,B12,'KEG. PENGAJIAN HARIAN'!$B$2:$B963,">="&$C$2,'KEG. PENGAJIAN HARIAN'!$B$2:$B963,"<="&$E$2,'KEG. PENGAJIAN HARIAN'!$G$2:$G963,"hadir") -> 2 | I12: =COUNTIFS('KEG. PENGAJIAN HARIAN'!$F$2:$F963,B12,'KEG. PENGAJIAN HARIAN'!$B$2:$B963,">="&$C$2,'KEG. PENGAJIAN HARIAN'!$B$2:$B963,"<="&$E$2,'KEG. PENGAJIAN HARIAN'!$G$2:$G963,"By VN") -> 0 | J12: =COUNTIFS('KEG. PENGAJIAN HARIAN'!$F$2:$F963,B12,'KEG. PENGAJIAN HARIAN'!$B$2:$B963,">="&$C$2,'KEG. PENGAJIAN HARIAN'!$B$2:$B963,"<="&$E$2,'KEG. PENGAJIAN HARIAN'!$G$2:$G963,"izin (murid)") -> 1 | K12: Chicago | L12: =countif(C5:C27,"Chicago") -> 12
A13: 9 | B13: Dylan-CA | C13: California | D13: PraRMJ-RMJ | E13: =sumifs('KEG. PENGAJIAN HARIAN'!$D$2:$D963,'KEG. PENGAJIAN HARIAN'!$B$2:$B963,">="&$C$2,'KEG. PENGAJIAN HARIAN'!$B$2:$B963,"<="&$E$2,'KEG. PENGAJIAN HARIAN'!$F$2:$F963,B13) -> 0.24791667 | F13: 0.5 | G13: =IFERROR(E13/F13,0) -> 0.49583333 | H13: =COUNTIFS('KEG. PENGAJIAN HARIAN'!$F$2:$F963,B13,'KEG. PENGAJIAN HARIAN'!$B$2:$B963,">="&$C$2,'KEG. PENGAJIAN HARIAN'!$B$2:$B963,"<="&$E$2,'KEG. PENGAJIAN HARIAN'!$G$2:$G963,"hadir") -> 7 | I13: =COUNTIFS('KEG. PENGAJIAN HARIAN'!$F$2:$F963,B13,'KEG. PENGAJIAN HARIAN'!$B$2:$B963,">="&$C$2,'KEG. PENGAJIAN HARIAN'!$B$2:$B963,"<="&$E$2,'KEG. PENGAJIAN HARIAN'!$G$2:$G963,"By VN") -> 0 | J13: =COUNTIFS('KEG. PENGAJIAN HARIAN'!$F$2:$F963,B13,'KEG. PENGAJIAN HARIAN'!$B$2:$B963,">="&$C$2,'KEG. PENGAJIAN HARIAN'!$B$2:$B963,"<="&$E$2,'KEG. PENGAJIAN HARIAN'!$G$2:$G963,"izin (murid)") -> 0 | K13: California | L13: =countif(C5:C27,"California") -> 4
A14: 10 | B14: Fitri-CND | C14: Canada | D14: PraRMJ-RMJ | E14: =sumifs('KEG. PENGAJIAN HARIAN'!$D$2:$D963,'KEG. PENGAJIAN HARIAN'!$B$2:$B963,">="&$C$2,'KEG. PENGAJIAN HARIAN'!$B$2:$B963,"<="&$E$2,'KEG. PENGAJIAN HARIAN'!$F$2:$F963,B14) -> 0.30833333 | F14: 0.5 | G14: =IFERROR(E14/F14,0) -> 0.61666667 | H14: =COUNTIFS('KEG. PENGAJIAN HARIAN'!$F$2:$F963,B14,'KEG. PENGAJIAN HARIAN'!$B$2:$B963,">="&$C$2,'KEG. PENGAJIAN HARIAN'!$B$2:$B963,"<="&$E$2,'KEG. PENGAJIAN HARIAN'!$G$2:$G963,"hadir") -> 6 | I14: =COUNTIFS('KEG. PENGAJIAN HARIAN'!$F$2:$F963,B14,'KEG. PENGAJIAN HARIAN'!$B$2:$B963,">="&$C$2,'KEG. PENGAJIAN HARIAN'!$B$2:$B963,"<="&$E$2,'KEG. PENGAJIAN HARIAN'!$G$2:$G963,"By VN") -> 0 | J14: =COUNTIFS('KEG. PENGAJIAN HARIAN'!$F$2:$F963,B14,'KEG. PENGAJIAN HARIAN'!$B$2:$B963,">="&$C$2,'KEG. PENGAJIAN HARIAN'!$B$2:$B963,"<="&$E$2,'KEG. PENGAJIAN HARIAN'!$G$2:$G963,"izin (murid)") -> 0 | K14: New Hampshire | L14: =countif(C5:C27,"New Hampshire") -> 5
A15: 11 | B15: Gabriel-CH | C15: Chicago | D15: PraCBR-CBR | E15: =sumifs('KEG. PENGAJIAN HARIAN'!$D$2:$D963,'KEG. PENGAJIAN HARIAN'!$B$2:$B963,">="&$C$2,'KEG. PENGAJIAN HARIAN'!$B$2:$B963,"<="&$E$2,'KEG. PENGAJIAN HARIAN'!$F$2:$F963,B15) -> 0.15277778 | F15: 0.5 | G15: =IFERROR(E15/F15,0) -> 0.30555556 | H15: =COUNTIFS('KEG. PENGAJIAN HARIAN'!$F$2:$F963,B15,'KEG. PENGAJIAN HARIAN'!$B$2:$B963,">="&$C$2,'KEG. PENGAJIAN HARIAN'!$B$2:$B963,"<="&$E$2,'KEG. PENGAJIAN HARIAN'!$G$2:$G963,"hadir") -> 6 | I15: =COUNTIFS('KEG. PENGAJIAN HARIAN'!$F$2:$F963,B15,'KEG. PENGAJIAN HARIAN'!$B$2:$B963,">="&$C$2,'KEG. PENGAJIAN HARIAN'!$B$2:$B963,"<="&$E$2,'KEG. PENGAJIAN HARIAN'!$G$2:$G963,"By VN") -> 0 | J15: =COUNTIFS('KEG. PENGAJIAN HARIAN'!$F$2:$F963,B15,'KEG. PENGAJIAN HARIAN'!$B$2:$B963,">="&$C$2,'KEG. PENGAJIAN HARIAN'!$B$2:$B963,"<="&$E$2,'KEG. PENGAJIAN HARIAN'!$G$2:$G963,"izin (murid)") -> 0 | K15: Canada | L15: =countif(C5:C27,"Canada") -> 2
A16: 12 | B16: Grazia-IN | C16: Chicago | D16: PraCBR-CBR | E16: =sumifs('KEG. PENGAJIAN HARIAN'!$D$2:$D963,'KEG. PENGAJIAN HARIAN'!$B$2:$B963,">="&$C$2,'KEG. PENGAJIAN HARIAN'!$B$2:$B963,"<="&$E$2,'KEG. PENGAJIAN HARIAN'!$F$2:$F963,B16) -> 0.63402778 | F16: 0.5 | G16: =IFERROR(E16/F16,0) -> 1.2680556 | H16: =COUNTIFS('KEG. PENGAJIAN HARIAN'!$F$2:$F963,B16,'KEG. PENGAJIAN HARIAN'!$B$2:$B963,">="&$C$2,'KEG. PENGAJIAN HARIAN'!$B$2:$B963,"<="&$E$2,'KEG. PENGAJIAN HARIAN'!$G$2:$G963,"hadir") -> 17 | I16: =COUNTIFS('KEG. PENGAJIAN HARIAN'!$F$2:$F963,B16,'KEG. PENGAJIAN HARIAN'!$B$2:$B963,">="&$C$2,'KEG. PENGAJIAN HARIAN'!$B$2:$B963,"<="&$E$2,'KEG. PENGAJIAN HARIAN'!$G$2:$G963,"By VN") -> 0 | J16: =COUNTIFS('KEG. PENGAJIAN HARIAN'!$F$2:$F963,B16,'KEG. PENGAJIAN HARIAN'!$B$2:$B963,">="&$C$2,'KEG. PENGAJIAN HARIAN'!$B$2:$B963,"<="&$E$2,'KEG. PENGAJIAN HARIAN'!$G$2:$G963,"izin (murid)") -> 0
A17: 13 | B17: Irsan-CH | C17: Chicago | D17: PraRMJ-RMJ | E17: =sumifs('KEG. PENGAJIAN HARIAN'!$D$2:$D963,'KEG. PENGAJIAN HARIAN'!$B$2:$B963,">="&$C$2,'KEG. PENGAJIAN HARIAN'!$B$2:$B963,"<="&$E$2,'KEG. PENGAJIAN HARIAN'!$F$2:$F963,B17) -> 0.41527778 | F17: 0.5 | G17: =IFERROR(E17/F17,0) -> 0.83055556 | H17: =COUNTIFS('KEG. PENGAJIAN HARIAN'!$F$2:$F963,B17,'KEG. PENGAJIAN HARIAN'!$B$2:$B963,">="&$C$2,'KEG. PENGAJIAN HARIAN'!$B$2:$B963,"<="&$E$2,'KEG. PENGAJIAN HARIAN'!$G$2:$G963,"hadir") -> 10 | I17: =COUNTIFS('KEG. PENGAJIAN HARIAN'!$F$2:$F963,B17,'KEG. PENGAJIAN HARIAN'!$B$2:$B963,">="&$C$2,'KEG. PENGAJIAN HARIAN'!$B$2:$B963,"<="&$E$2,'KEG. PENGAJIAN HARIAN'!$G$2:$G963,"By VN") -> 0 | J17: =COUNTIFS('KEG. PENGAJIAN HARIAN'!$F$2:$F963,B17,'KEG. PENGAJIAN HARIAN'!$B$2:$B963,">="&$C$2,'KEG. PENGAJIAN HARIAN'!$B$2:$B963,"<="&$E$2,'KEG. PENGAJIAN HARIAN'!$G$2:$G963,"izin (murid)") -> 1
A18: 14 | B18: Jourdan-CA | C18: California | D18: PraNikah | E18: =sumifs('KEG. PENGAJIAN HARIAN'!$D$2:$D963,'KEG. PENGAJIAN HARIAN'!$B$2:$B963,">="&$C$2,'KEG. PENGAJIAN HARIAN'!$B$2:$B963,"<="&$E$2,'KEG. PENGAJIAN HARIAN'!$F$2:$F963,B18) -> 0.04375 | F18: 0.5 | G18: =IFERROR(E18/F18,0) -> 0.0875 | H18: =COUNTIFS('KEG. PENGAJIAN HARIAN'!$F$2:$F963,B18,'KEG. PENGAJIAN HARIAN'!$B$2:$B963,">="&$C$2,'KEG. PENGAJIAN HARIAN'!$B$2:$B963,"<="&$E$2,'KEG. PENGAJIAN HARIAN'!$G$2:$G963,"hadir") -> 1 | I18: =COUNTIFS('KEG. PENGAJIAN HARIAN'!$F$2:$F963,B18,'KEG. PENGAJIAN HARIAN'!$B$2:$B963,">="&$C$2,'KEG. PENGAJIAN HARIAN'!$B$2:$B963,"<="&$E$2,'KEG. PENGAJIAN HARIAN'!$G$2:$G963,"By VN") -> 0 | J18: =COUNTIFS('KEG. PENGAJIAN HARIAN'!$F$2:$F963,B18,'KEG. PENGAJIAN HARIAN'!$B$2:$B963,">="&$C$2,'KEG. PENGAJIAN HARIAN'!$B$2:$B963,"<="&$E$2,'KEG. PENGAJIAN HARIAN'!$G$2:$G963,"izin (murid)") -> 0
A19: 15 | B19: Jubilee-CH | C19: Chicago | D19: PraCBR-CBR | E19: =sumifs('KEG. PENGAJIAN HARIAN'!$D$2:$D963,'KEG. PENGAJIAN HARIAN'!$B$2:$B963,">="&$C$2,'KEG. PENGAJIAN HARIAN'!$B$2:$B963,"<="&$E$2,'KEG. PENGAJIAN HARIAN'!$F$2:$F963,B19) -> 0.31527778 | F19: 0.5 | G19: =IFERROR(E19/F19,0) -> 0.63055556 | H19: =COUNTIFS('KEG. PENGAJIAN HARIAN'!$F$2:$F963,B19,'KEG. PENGAJIAN HARIAN'!$B$2:$B963,">="&$C$2,'KEG. PENGAJIAN HARIAN'!$B$2:$B963,"<="&$E$2,'KEG. PENGAJIAN HARIAN'!$G$2:$G963,"hadir") -> 16 | I19: =COUNTIFS('KEG. PENGAJIAN HARIAN'!$F$2:$F963,B19,'KEG. PENGAJIAN HARIAN'!$B$2:$B963,">="&$C$2,'KEG. PENGAJIAN HARIAN'!$B$2:$B963,"<="&$E$2,'KEG. PENGAJIAN HARIAN'!$G$2:$G963,"By VN") -> 0 | J19: =COUNTIFS('KEG. PENGAJIAN HARIAN'!$F$2:$F963,B19,'KEG. PENGAJIAN HARIAN'!$B$2:$B963,">="&$C$2,'KEG. PENGAJIAN HARIAN'!$B$2:$B963,"<="&$E$2,'KEG. PENGAJIAN HARIAN'!$G$2:$G963,"izin (murid)") -> 2
A20: 16 | B20: Kayla-CA | C20: California | D20: PraNikah | E20: =sumifs('KEG. PENGAJIAN HARIAN'!$D$2:$D963,'KEG. PENGAJIAN HARIAN'!$B$2:$B963,">="&$C$2,'KEG. PENGAJIAN HARIAN'!$B$2:$B963,"<="&$E$2,'KEG. PENGAJIAN HARIAN'!$F$2:$F963,B20) -> 0.076388889 | F20: 0.5 | G20: =IFERROR(E20/F20,0) -> 0.15277778 | H20: =COUNTIFS('KEG. PENGAJIAN HARIAN'!$F$2:$F963,B20,'KEG. PENGAJIAN HARIAN'!$B$2:$B963,">="&$C$2,'KEG. PENGAJIAN HARIAN'!$B$2:$B963,"<="&$E$2,'KEG. PENGAJIAN HARIAN'!$G$2:$G963,"hadir") -> 1 | I20: =COUNTIFS('KEG. PENGAJIAN HARIAN'!$F$2:$F963,B20,'KEG. PENGAJIAN HARIAN'!$B$2:$B963,">="&$C$2,'KEG. PENGAJIAN HARIAN'!$B$2:$B963,"<="&$E$2,'KEG. PENGAJIAN HARIAN'!$G$2:$G963,"By VN") -> 0 | J20: =COUNTIFS('KEG. PENGAJIAN HARIAN'!$F$2:$F963,B20,'KEG. PENGAJIAN HARIAN'!$B$2:$B963,">="&$C$2,'KEG. PENGAJIAN HARIAN'!$B$2:$B963,"<="&$E$2,'KEG. PENGAJIAN HARIAN'!$G$2:$G963,"izin (murid)") -> 2
A21: 17 | B21: Khayri-CH | C21: Chicago | D21: PraCBR-CBR | E21: =sumifs('KEG. PENGAJIAN HARIAN'!$D$2:$D963,'KEG. PENGAJIAN HARIAN'!$B$2:$B963,">="&$C$2,'KEG. PENGAJIAN HARIAN'!$B$2:$B963,"<="&$E$2,'KEG. PENGAJIAN HARIAN'!$F$2:$F963,B21) -> 0.34236111 | F21: 0.5 | G21: =IFERROR(E21/F21,0) -> 0.68472222 | H21: =COUNTIFS('KEG. PENGAJIAN HARIAN'!$F$2:$F963,B21,'KEG. PENGAJIAN HARIAN'!$B$2:$B963,">="&$C$2,'KEG. PENGAJIAN HARIAN'!$B$2:$B963,"<="&$E$2,'KEG. PENGAJIAN HARIAN'!$G$2:$G963,"hadir") -> 14 | I21: =COUNTIFS('KEG. PENGAJIAN HARIAN'!$F$2:$F963,B21,'KEG. PENGAJIAN HARIAN'!$B$2:$B963,">="&$C$2,'KEG. PENGAJIAN HARIAN'!$B$2:$B963,"<="&$E$2,'KEG. PENGAJIAN HARIAN'!$G$2:$G963,"By VN") -> 0 | J21: =COUNTIFS('KEG. PENGAJIAN HARIAN'!$F$2:$F963,B21,'KEG. PENGAJIAN HARIAN'!$B$2:$B963,">="&$C$2,'KEG. PENGAJIAN HARIAN'!$B$2:$B963,"<="&$E$2,'KEG. PENGAJIAN HARIAN'!$G$2:$G963,"izin (murid)") -> 1
A22: 18 | B22: Kirana-CH | C22: Chicago | D22: PraCBR-CBR | E22: =sumifs('KEG. PENGAJIAN HARIAN'!$D$2:$D963,'KEG. PENGAJIAN HARIAN'!$B$2:$B963,">="&$C$2,'KEG. PENGAJIAN HARIAN'!$B$2:$B963,"<="&$E$2,'KEG. PENGAJIAN HARIAN'!$F$2:$F963,B22) -> 0.35972222 | F22: 0.5 | G22: =IFERROR(E22/F22,0) -> 0.71944444 | H22: =COUNTIFS('KEG. PENGAJIAN HARIAN'!$F$2:$F963,B22,'KEG. PENGAJIAN HARIAN'!$B$2:$B963,">="&$C$2,'KEG. PENGAJIAN HARIAN'!$B$2:$B963,"<="&$E$2,'KEG. PENGAJIAN HARIAN'!$G$2:$G963,"hadir") -> 13 | I22: =COUNTIFS('KEG. PENGAJIAN HARIAN'!$F$2:$F963,B22,'KEG. PENGAJIAN HARIAN'!$B$2:$B963,">="&$C$2,'KEG. PENGAJIAN HARIAN'!$B$2:$B963,"<="&$E$2,'KEG. PENGAJIAN HARIAN'!$G$2:$G963,"By VN") -> 1 | J22: =COUNTIFS('KEG. PENGAJIAN HARIAN'!$F$2:$F963,B22,'KEG. PENGAJIAN HARIAN'!$B$2:$B963,">="&$C$2,'KEG. PENGAJIAN HARIAN'!$B$2:$B963,"<="&$E$2,'KEG. PENGAJIAN HARIAN'!$G$2:$G963,"izin (murid)") -> 0
A23: 19 | B23: Mikail-CH | C23: Chicago | D23: PraCBR-CBR | E23: =sumifs('KEG. PENGAJIAN HARIAN'!$D$2:$D963,'KEG. PENGAJIAN HARIAN'!$B$2:$B963,">="&$C$2,'KEG. PENGAJIAN HARIAN'!$B$2:$B963,"<="&$E$2,'KEG. PENGAJIAN HARIAN'!$F$2:$F963,B23) -> 0.26736111 | F23: 0.5 | G23: =IFERROR(E23/F23,0) -> 0.53472222 | H23: =COUNTIFS('KEG. PENGAJIAN HARIAN'!$F$2:$F963,B23,'KEG. PENGAJIAN HARIAN'!$B$2:$B963,">="&$C$2,'KEG. PENGAJIAN HARIAN'!$B$2:$B963,"<="&$E$2,'KEG. PENGAJIAN HARIAN'!$G$2:$G963,"hadir") -> 10 | I23: =COUNTIFS('KEG. PENGAJIAN HARIAN'!$F$2:$F963,B23,'KEG. PENGAJIAN HARIAN'!$B$2:$B963,">="&$C$2,'KEG. PENGAJIAN HARIAN'!$B$2:$B963,"<="&$E$2,'KEG. PENGAJIAN HARIAN'!$G$2:$G963,"By VN") -> 0 | J23: =COUNTIFS('KEG. PENGAJIAN HARIAN'!$F$2:$F963,B23,'KEG. PENGAJIAN HARIAN'!$B$2:$B963,">="&$C$2,'KEG. PENGAJIAN HARIAN'!$B$2:$B963,"<="&$E$2,'KEG. PENGAJIAN HARIAN'!$G$2:$G963,"izin (murid)") -> 0
A24: 20 | B24: Nadeen-CH | C24: Chicago | D24: PraCBR-CBR | E24: =sumifs('KEG. PENGAJIAN HARIAN'!$D$2:$D963,'KEG. PENGAJIAN HARIAN'!$B$2:$B963,">="&$C$2,'KEG. PENGAJIAN HARIAN'!$B$2:$B963,"<="&$E$2,'KEG. PENGAJIAN HARIAN'!$F$2:$F963,B24) -> 0.20694444 | F24: 0.5 | G24: =IFERROR(E24/F24,0) -> 0.41388889 | H24: =COUNTIFS('KEG. PENGAJIAN HARIAN'!$F$2:$F963,B24,'KEG. PENGAJIAN HARIAN'!$B$2:$B963,">="&$C$2,'KEG. PENGAJIAN HARIAN'!$B$2:$B963,"<="&$E$2,'KEG. PENGAJIAN HARIAN'!$G$2:$G963,"hadir") -> 8 | I24: =COUNTIFS('KEG. PENGAJIAN HARIAN'!$F$2:$F963,B24,'KEG. PENGAJIAN HARIAN'!$B$2:$B963,">="&$C$2,'KEG. PENGAJIAN HARIAN'!$B$2:$B963,"<="&$E$2,'KEG. PENGAJIAN HARIAN'!$G$2:$G963,"By VN") -> 0 | J24: =COUNTIFS('KEG. PENGAJIAN HARIAN'!$F$2:$F963,B24,'KEG. PENGAJIAN HARIAN'!$B$2:$B963,">="&$C$2,'KEG. PENGAJIAN HARIAN'!$B$2:$B963,"<="&$E$2,'KEG. PENGAJIAN HARIAN'!$G$2:$G963,"izin (murid)") -> 0
A25: 21 | B25: Qalesya-ATL | C25: Chicago | D25: PraCBR-CBR | E25: =sumifs('KEG. PENGAJIAN HARIAN'!$D$2:$D963,'KEG. PENGAJIAN HARIAN'!$B$2:$B963,">="&$C$2,'KEG. PENGAJIAN HARIAN'!$B$2:$B963,"<="&$E$2,'KEG. PENGAJIAN HARIAN'!$F$2:$F963,B25) -> 0.10763889 | F25: 0.5 | G25: =IFERROR(E25/F25,0) -> 0.21527778 | H25: =COUNTIFS('KEG. PENGAJIAN HARIAN'!$F$2:$F963,B25,'KEG. PENGAJIAN HARIAN'!$B$2:$B963,">="&$C$2,'KEG. PENGAJIAN HARIAN'!$B$2:$B963,"<="&$E$2,'KEG. PENGAJIAN HARIAN'!$G$2:$G963,"hadir") -> 3 | I25: =COUNTIFS('KEG. PENGAJIAN HARIAN'!$F$2:$F963,B25,'KEG. PENGAJIAN HARIAN'!$B$2:$B963,">="&$C$2,'KEG. PENGAJIAN HARIAN'!$B$2:$B963,"<="&$E$2,'KEG. PENGAJIAN HARIAN'!$G$2:$G963,"By VN") -> 0 | J25: =COUNTIFS('KEG. PENGAJIAN HARIAN'!$F$2:$F963,B25,'KEG. PENGAJIAN HARIAN'!$B$2:$B963,">="&$C$2,'KEG. PENGAJIAN HARIAN'!$B$2:$B963,"<="&$E$2,'KEG. PENGAJIAN HARIAN'!$G$2:$G963,"izin (murid)") -> 0
